treatment,output,code_number_tokens,code_complexity,code_num_identifiers,code_num_strings,code_num_comments,docstring_num_lines,docstring_num_words,docstring_num_sentences
1,1,10,1,0,0,0,1,12,0
0,0,8,1,2,0,0,1,15,1
0,1,50,3,7,7,0,1,8,1
1,1,24,2,2,2,0,1,10,1
1,1,53,5,2,0,0,1,16,1
0,0,71,10,10,2,0,1,35,4
0,0,70,5,21,0,0,1,10,3
1,0,19,4,0,3,0,1,13,1
0,0,15,1,1,0,0,1,5,1
0,1,12,1,3,2,0,1,12,1
0,1,28,3,6,3,0,1,30,1
1,1,17,2,1,3,0,1,8,1
0,0,10,1,0,0,0,1,33,2
0,0,49,4,10,1,0,1,7,0
1,0,40,4,5,5,0,1,5,1
0,1,12,1,1,2,0,1,16,2
0,0,25,3,3,0,0,1,14,1
1,1,32,5,2,0,0,1,8,1
0,0,132,9,14,6,0,1,7,1
1,1,35,3,1,1,0,1,2,0
1,0,9,1,1,0,0,1,6,1
0,0,35,4,2,9,0,1,20,1
1,1,20,2,1,0,0,1,44,4
0,1,50,4,6,6,0,1,5,1
1,0,112,13,6,8,0,1,11,1
0,1,10,1,2,0,0,1,5,0
0,1,17,1,2,0,0,1,10,0
1,0,40,8,0,5,0,1,19,1
0,0,7,1,0,0,0,1,6,0
1,0,13,1,1,1,0,1,10,1
1,0,12,1,2,0,0,1,10,0
0,0,73,8,4,10,0,1,6,1
0,1,8,1,1,1,0,1,6,1
0,1,15,2,2,0,0,1,42,2
1,0,44,9,2,0,0,1,10,1
0,1,13,3,0,1,0,1,17,0
0,0,35,5,3,5,0,1,15,3
0,0,14,1,2,3,0,1,10,0
0,0,59,3,7,8,0,1,20,1
1,1,99,8,6,3,0,1,2,0
1,1,120,20,3,19,0,1,12,0
1,0,20,2,4,1,0,1,9,1
0,1,23,1,1,12,0,1,38,3
0,0,45,1,7,2,0,1,9,1
1,1,15,3,0,0,0,1,13,1
1,0,14,2,2,1,0,1,18,1
1,1,76,4,12,6,0,1,11,1
0,1,33,2,5,2,0,1,8,1
0,1,6,1,1,0,0,1,29,2
1,1,64,7,6,1,0,1,6,1
1,1,47,7,3,4,0,1,26,3
0,1,25,2,1,5,0,1,9,0
1,0,46,2,9,2,0,1,16,2
1,0,18,2,2,0,0,1,9,1
1,0,15,1,0,0,0,1,8,1
0,0,106,5,4,7,0,1,19,4
0,1,5,1,1,0,0,1,10,2
0,1,11,1,0,1,0,1,4,1
0,1,10,1,1,0,0,1,59,3
1,1,55,7,2,4,0,1,8,0
1,1,22,2,1,2,0,1,2,0
0,1,38,1,7,9,0,1,4,0
0,1,17,3,2,3,0,1,29,2
1,1,36,3,5,7,0,1,10,1
0,0,33,3,2,0,0,1,42,5
0,0,6,1,0,0,0,1,9,1
1,1,25,3,1,3,0,1,7,0
0,0,27,3,2,0,0,1,37,3
1,1,40,4,4,2,0,1,5,1
0,0,10,1,1,0,0,1,19,2
0,0,9,1,1,0,0,1,10,0
1,0,71,9,5,11,0,1,6,1
1,1,16,2,1,0,0,1,38,2
0,0,34,3,6,0,0,1,8,0
1,1,53,5,5,8,0,1,5,1
1,0,40,4,2,4,0,1,8,1
1,1,29,5,3,1,0,1,2,0
1,0,20,2,2,3,0,1,16,3
0,1,12,1,1,1,0,1,13,1
1,1,32,4,2,0,0,1,10,1
1,1,14,1,1,3,0,1,16,0
0,0,22,3,3,1,0,1,11,1
0,1,46,5,2,4,0,1,10,1
0,1,19,1,3,0,0,1,9,1
0,0,15,1,1,1,0,1,8,1
0,0,13,1,4,0,0,1,11,1
1,1,6,1,1,1,0,1,8,0
0,0,38,2,2,19,0,1,35,0
1,1,83,3,14,12,0,1,13,1
1,1,36,4,3,8,0,1,5,1
0,1,64,1,17,1,0,1,20,1
0,0,87,6,14,8,0,1,7,1
0,0,14,2,1,0,0,1,3,0
1,0,124,7,13,11,0,1,5,0
1,0,163,11,6,25,0,1,34,2
0,0,10,1,2,0,0,1,24,5
0,0,19,1,3,1,0,1,7,1
0,0,37,4,0,4,0,1,13,2
0,0,30,2,1,2,0,1,19,2
1,0,40,6,4,1,0,1,28,2
0,0,76,4,3,18,0,1,12,0
1,0,5,1,0,0,0,1,17,0
1,0,33,6,2,3,0,1,12,1
0,1,70,7,11,3,0,1,2,0
1,0,33,2,2,4,0,1,5,0
1,1,28,2,1,2,0,1,9,1
0,0,8,1,1,0,0,1,8,0
0,1,38,6,2,4,0,1,33,1
0,1,8,1,0,0,0,1,7,1
0,1,49,4,14,7,0,1,5,1
0,0,14,2,1,0,0,1,22,1
0,1,24,2,6,2,0,1,9,1
0,0,14,2,1,0,0,1,9,0
0,1,20,3,3,4,0,1,13,2
1,1,66,3,7,3,0,1,16,0
1,1,49,3,2,8,0,1,13,1
1,1,30,4,2,3,0,1,14,1
1,1,11,2,1,0,0,1,12,1
0,0,10,1,0,0,0,1,7,1
1,0,32,4,3,0,0,1,11,0
1,0,76,4,3,5,0,1,36,4
1,0,38,3,3,3,0,1,10,1
1,1,51,11,2,1,0,1,14,1
0,1,21,2,1,1,0,1,14,0
1,0,51,8,4,8,0,1,13,1
1,1,50,5,4,0,0,1,7,1
1,0,92,12,9,0,0,1,2,0
0,1,34,4,8,3,0,1,11,1
0,0,13,2,1,0,0,1,1,1
1,0,43,1,2,0,0,1,11,0
0,1,23,2,0,1,0,1,23,1
1,1,11,2,0,0,0,1,13,1
0,0,23,2,0,3,0,1,12,1
0,1,12,2,1,0,0,1,10,1
1,1,31,2,1,2,0,1,9,0
0,0,19,2,3,0,0,1,6,1
1,1,21,3,1,3,0,1,13,1
1,0,223,1,17,9,0,1,7,0
1,1,14,1,1,2,0,1,16,1
0,1,24,3,1,1,0,1,15,1
0,1,8,1,3,1,0,1,58,3
0,1,11,2,1,0,0,1,13,0
0,0,69,4,8,6,0,1,20,0
1,0,97,6,8,10,0,1,31,3
0,1,11,1,0,0,0,1,8,1
0,1,47,5,5,0,0,1,23,1
1,0,45,6,3,4,0,1,13,1
0,1,13,1,2,2,0,1,12,0
1,0,74,7,5,4,0,1,9,0
1,1,134,5,11,16,0,1,6,1
0,0,55,2,5,1,0,1,7,1
0,0,95,7,6,9,0,1,12,1
0,0,35,3,2,1,0,1,26,2
0,1,36,2,5,1,0,1,11,1
1,0,74,7,4,5,0,1,6,0
1,1,38,1,7,13,0,1,7,1
0,0,25,1,6,9,0,1,18,0
1,1,28,2,4,3,0,1,9,1
0,0,82,7,8,3,0,1,12,0
0,1,43,6,2,2,0,1,12,1
0,0,34,4,4,5,0,1,7,1
0,1,181,1,10,7,0,1,7,0
1,1,56,8,3,4,0,1,25,5
0,0,14,2,2,0,0,1,19,2
0,0,20,2,1,0,0,1,18,1
0,0,11,1,1,1,0,1,9,1
0,0,114,5,15,36,0,1,5,1
0,0,89,6,9,1,0,1,10,1
1,0,54,7,5,4,0,1,5,1
1,0,13,1,0,1,0,1,2,0
0,0,18,3,1,1,0,1,8,0
0,1,22,3,1,5,0,1,11,1
0,1,20,2,3,1,0,1,9,1
1,1,87,7,3,2,0,1,60,3
0,0,11,2,0,2,0,1,4,1
0,1,14,1,2,1,0,1,32,2
1,1,134,9,4,10,0,1,9,1
1,1,12,1,1,0,0,1,8,1
0,0,52,4,5,1,0,1,7,1
0,0,76,4,11,9,0,1,7,1
1,1,7,1,1,0,0,1,47,2
1,1,55,2,12,7,0,1,14,0
0,1,7,1,0,0,0,1,3,0
0,1,11,1,0,1,0,1,3,0
1,1,35,2,0,13,0,1,24,1
0,0,66,5,7,6,0,1,8,1
1,0,96,10,4,2,0,1,24,2
1,1,63,8,4,2,0,1,38,2
1,1,12,1,2,0,0,1,29,1
0,1,13,1,2,0,0,1,16,1
0,1,76,7,2,5,0,1,10,1
0,0,43,2,0,0,0,1,10,1
0,1,14,3,1,0,0,1,9,1
1,0,21,1,1,0,0,1,6,0
0,0,22,3,1,2,0,1,8,1
0,1,17,1,5,0,0,1,7,1
1,0,45,3,7,4,0,1,16,1
0,1,76,5,13,6,0,1,7,1
0,0,22,1,8,3,0,1,14,1
0,0,5,1,1,0,0,1,11,0
1,0,11,2,1,1,0,1,14,1
1,1,35,3,2,14,0,1,7,1
1,0,40,7,1,6,0,1,8,1
0,0,19,1,5,3,0,1,6,0
0,0,20,3,1,0,0,1,1,1
0,1,32,4,2,0,0,1,6,1
0,1,9,1,1,0,0,1,20,4
1,1,42,4,6,7,0,1,22,1
0,1,28,6,2,1,0,1,14,0
0,1,12,2,1,0,0,1,14,1
1,1,83,12,3,1,0,1,24,1
1,1,38,4,4,2,0,1,21,1
0,1,17,2,2,0,0,1,11,1
1,1,36,4,4,4,0,1,23,3
1,0,10,1,1,2,0,1,7,0
1,0,39,5,4,0,0,1,16,1
0,0,10,2,1,0,0,1,9,1
0,1,33,3,2,8,0,1,73,3
1,1,7,1,1,0,0,1,5,0
0,0,43,3,2,2,0,1,21,2
0,1,29,1,4,0,0,1,2,0
1,0,56,3,3,3,0,1,13,1
1,0,12,2,0,1,0,1,13,1
1,1,21,3,2,0,0,1,9,1
0,1,22,1,3,3,0,1,5,1
1,1,9,1,1,0,0,1,10,1
0,0,8,1,1,0,0,1,14,1
0,1,6,1,1,0,0,1,6,0
1,1,25,2,1,2,0,1,11,1
0,1,19,1,1,0,0,1,39,1
1,0,46,7,5,1,0,1,7,1
0,0,7,1,0,0,0,1,6,1
1,1,18,2,2,1,0,1,8,1
1,1,32,4,3,1,0,1,13,1
0,1,59,7,1,2,0,1,5,0
1,1,23,2,3,1,0,1,8,0
1,1,93,10,9,1,0,1,10,0
1,0,18,1,5,5,0,1,35,3
0,0,15,2,2,1,0,1,7,1
0,1,30,1,5,0,0,1,30,4
1,1,69,2,4,6,0,1,20,0
1,1,18,3,1,2,0,1,8,1
0,0,41,2,6,0,0,1,2,0
0,0,15,1,4,0,0,1,27,2
1,1,139,9,13,4,0,1,8,1
0,0,44,4,4,11,0,1,7,0
0,0,59,6,10,0,0,1,8,1
0,0,13,1,2,0,0,1,10,1
0,0,25,3,3,3,0,1,7,1
0,0,27,2,4,6,0,1,5,1
1,0,26,5,2,2,0,1,5,0
1,1,52,4,3,3,0,1,19,1
1,1,126,10,19,9,0,1,46,3
1,1,124,11,12,3,0,1,20,1
1,0,116,9,7,1,0,1,13,1
1,0,51,5,10,7,0,1,53,2
0,1,39,7,1,0,0,1,3,1
0,0,33,2,6,5,0,1,8,3
1,1,90,7,14,0,0,1,7,0
0,1,10,1,0,0,0,1,14,1
0,0,12,2,1,0,0,1,6,1
1,1,22,4,1,0,0,1,53,3
0,1,54,6,4,4,0,1,36,1
0,0,28,4,2,0,0,1,8,0
1,1,19,2,4,2,0,1,11,1
0,0,17,2,0,1,0,1,11,1
0,0,11,2,2,1,0,1,7,1
0,1,51,2,5,11,0,1,13,1
1,0,88,1,2,3,0,1,8,0
0,1,10,1,0,0,0,1,9,1
0,0,24,3,4,2,0,1,5,0
0,1,17,2,2,1,0,1,18,2
1,0,87,10,4,7,0,1,23,1
0,1,29,2,1,1,0,1,27,2
1,1,56,3,5,1,0,1,36,3
0,0,35,3,4,1,0,1,9,1
0,0,11,2,0,0,0,1,10,1
1,1,52,6,6,11,0,1,5,1
1,1,61,1,1,0,0,1,48,7
1,1,22,1,1,9,0,1,7,0
1,0,41,5,0,3,0,1,11,1
1,1,41,6,3,3,0,1,12,3
0,1,17,2,1,5,0,1,13,0
1,0,70,10,2,12,0,1,10,1
1,1,67,6,14,4,0,1,6,1
1,1,36,7,3,1,0,1,12,1
0,0,14,3,1,0,0,1,7,0
0,0,7,1,0,0,0,1,10,0
0,0,23,2,2,1,0,1,5,0
0,0,26,4,1,0,0,1,7,0
1,1,10,1,3,1,0,1,7,1
0,0,19,1,1,5,0,1,7,0
0,1,70,3,6,3,0,1,9,1
0,0,27,3,2,0,0,1,12,1
1,0,30,2,2,7,0,1,16,2
1,1,12,2,1,0,0,1,9,1
1,1,17,2,1,2,0,1,18,2
1,1,16,2,2,3,0,1,10,1
1,0,10,1,0,0,0,1,8,0
1,1,33,3,10,4,0,1,9,0
1,0,13,2,2,0,0,1,8,1
0,1,26,3,3,4,0,1,19,2
1,0,70,4,0,3,0,1,11,1
0,0,9,1,2,0,0,1,4,0
0,0,58,9,1,0,0,1,33,0
1,1,60,7,9,9,0,1,35,2
0,1,38,5,4,2,0,1,18,2
1,0,19,3,3,2,0,1,19,2
1,0,76,9,6,14,0,1,9,1
1,1,73,5,4,9,0,1,29,0
0,0,27,1,2,3,0,1,13,1
0,1,21,3,2,0,0,1,12,1
1,1,36,6,0,2,0,1,14,1
0,1,7,1,0,0,0,1,8,1
0,0,43,4,0,0,0,1,21,2
0,0,53,2,14,5,0,1,48,1
0,0,12,1,0,0,0,1,13,3
1,1,74,2,7,0,0,1,27,5
1,1,141,14,5,4,0,1,10,1
1,0,32,3,6,5,0,1,18,2
1,1,26,3,2,3,0,1,33,2
1,1,94,10,5,2,0,1,5,1
0,0,27,4,2,3,0,1,12,0
0,0,20,2,3,5,0,1,9,1
1,1,20,2,2,1,0,1,10,1
1,1,25,2,3,2,0,1,7,0
1,0,12,1,3,2,0,1,6,1
0,0,24,1,4,1,0,1,10,1
1,1,50,1,8,2,0,1,14,1
0,1,29,3,2,1,0,1,8,2
1,1,19,3,1,2,0,1,8,1
0,0,7,1,1,0,0,1,4,1
1,0,104,12,13,5,0,1,28,2
1,0,15,1,1,1,0,1,7,1
0,0,14,2,3,0,0,1,9,1
1,0,28,4,1,0,0,1,17,2
0,1,7,1,2,0,0,1,3,0
1,1,199,7,12,17,0,1,20,0
0,1,21,3,3,5,0,1,17,1
0,0,116,13,6,4,0,1,21,1
1,0,96,2,17,1,0,1,19,1
1,1,6,1,2,0,0,1,13,1
1,1,13,1,1,0,0,1,13,1
1,1,87,7,7,23,0,1,12,1
1,0,10,2,1,1,0,1,8,0
1,1,43,1,2,12,0,1,10,1
0,1,50,8,2,7,0,1,2,0
0,1,29,3,0,3,0,1,5,1
1,1,33,1,5,0,0,1,3,0
0,0,63,6,6,11,0,1,41,2
1,1,22,2,4,0,0,1,11,1
1,0,100,6,11,0,0,1,10,1
0,1,50,4,4,3,0,1,13,0
1,0,78,7,7,4,0,1,7,1
0,0,15,2,2,2,0,1,9,1
0,0,24,3,2,2,0,1,4,0
1,1,25,3,3,0,0,1,6,1
1,1,15,3,1,0,0,1,8,1
0,1,33,2,6,8,0,1,43,6
1,1,64,9,5,13,0,1,4,1
0,0,100,10,12,20,0,1,41,2
0,0,18,2,1,1,0,1,7,0
0,0,43,1,5,7,0,1,3,0
0,1,18,3,3,0,0,1,4,0
1,0,30,3,5,7,0,1,9,1
0,0,20,1,0,0,0,1,13,1
1,1,36,4,2,5,0,1,12,1
0,1,46,4,10,4,0,1,5,1
0,1,17,2,2,3,0,1,21,2
1,0,37,3,2,6,0,1,8,1
1,0,11,1,3,0,0,1,3,0
0,0,31,2,5,1,0,1,6,0
0,0,12,3,0,0,0,1,16,2
0,1,42,3,2,2,0,1,21,1
1,1,63,6,9,1,0,1,9,1
0,0,20,1,4,0,0,1,6,1
1,0,8,1,0,0,0,1,9,1
0,1,34,4,3,6,0,1,10,1
0,0,9,2,1,0,0,1,6,1
1,0,12,1,2,0,0,1,6,1
0,0,32,3,4,0,0,1,12,1
1,0,20,4,1,2,0,1,18,2
1,0,28,4,2,0,0,1,4,1
1,0,91,7,9,3,0,1,21,1
1,1,65,10,6,4,0,1,14,0
1,0,40,2,4,5,0,1,11,1
0,1,47,5,2,3,0,1,8,1
0,0,81,8,5,4,0,1,8,0
0,0,12,2,1,0,0,1,11,0
1,1,11,1,0,9,0,1,6,1
0,0,44,4,7,4,0,1,5,1
0,1,23,2,3,1,0,1,14,2
1,0,137,12,16,10,0,1,9,1
0,1,43,4,5,7,0,1,9,1
0,0,14,3,0,0,0,1,16,3
1,1,98,9,6,5,0,1,41,2
1,1,25,4,1,1,0,1,23,1
1,1,65,5,2,2,0,1,13,3
1,1,29,4,3,1,0,1,1,0
0,1,47,4,3,1,0,1,66,2
0,0,65,3,12,12,0,1,23,3
1,0,32,1,4,6,0,1,4,1
1,1,8,1,0,0,0,1,15,1
0,1,53,5,3,4,0,1,33,4
1,0,9,1,2,0,0,1,20,2
1,1,32,3,3,1,0,1,9,1
1,1,57,2,10,3,0,1,8,1
0,1,85,10,6,18,0,1,21,0
0,1,15,2,1,2,0,1,11,2
0,0,88,10,5,12,0,1,6,0
0,1,60,1,1,1,0,1,7,0
0,0,10,1,1,0,0,1,16,1
1,1,51,7,3,15,0,1,6,1
1,1,13,1,3,3,0,1,2,0
0,1,33,4,1,5,0,1,8,1
0,0,20,3,2,4,0,1,7,1
0,1,10,2,0,1,0,1,25,3
0,0,43,4,3,9,0,1,11,1
0,0,16,2,2,0,0,1,19,1
1,1,65,6,5,13,0,1,38,3
1,1,20,1,6,0,0,1,8,1
0,1,11,2,1,0,0,1,19,4
0,1,9,1,1,0,0,1,10,1
0,0,20,3,4,0,0,1,9,1
1,1,34,1,2,2,0,1,9,1
1,1,18,2,1,2,0,1,8,1
0,1,25,4,0,0,0,1,16,0
1,1,10,1,1,2,0,1,20,0
0,1,16,2,4,2,0,1,8,1
1,1,18,2,1,0,0,1,16,0
1,0,24,3,3,3,0,1,4,1
1,1,39,1,9,9,0,1,7,1
1,1,62,6,7,5,0,1,45,4
1,1,21,2,1,2,0,1,8,0
1,1,54,4,2,5,0,1,13,1
1,0,101,11,2,9,0,1,2,0
1,0,35,5,5,3,0,1,9,0
0,0,29,5,1,0,0,1,9,1
1,0,42,1,4,1,0,1,14,2
0,0,14,3,0,0,0,1,59,3
1,1,7,1,0,0,0,1,7,0
1,1,39,5,2,1,0,1,11,1
1,1,11,1,2,0,0,1,15,1
0,1,43,1,5,12,0,1,21,1
1,0,47,7,3,7,0,1,22,1
1,0,41,3,14,10,0,1,9,1
1,1,21,2,1,2,0,1,8,1
0,1,65,5,4,2,0,1,17,1
0,0,10,2,1,0,0,1,20,1
1,1,33,3,2,0,0,1,17,2
0,0,24,5,0,2,0,1,19,1
1,1,10,2,0,0,0,1,6,0
0,0,52,4,2,4,0,1,6,1
1,1,52,7,2,9,0,1,6,1
0,0,7,1,1,1,0,1,23,0
0,0,28,1,7,0,0,1,7,1
1,0,25,3,1,1,0,1,9,1
0,0,16,2,5,1,0,1,12,0
1,1,17,3,1,0,0,1,5,0
1,0,109,8,8,19,0,1,4,0
1,0,29,3,5,2,0,1,11,0
0,0,36,1,7,1,0,1,70,0
1,1,17,2,0,1,0,1,23,1
0,0,8,1,2,1,0,1,4,1
1,1,18,4,1,2,0,1,7,1
0,0,61,1,1,39,0,1,3,0
1,0,35,4,3,0,0,1,9,1
1,0,19,2,2,2,0,1,5,1
1,1,64,2,14,5,0,1,9,0
0,0,27,2,4,4,0,1,8,1
1,1,45,7,2,0,0,1,5,1
1,0,144,4,17,0,0,1,13,1
1,1,107,7,15,5,0,1,8,1
0,0,8,1,0,0,0,1,5,1
0,1,21,3,2,0,0,1,11,1
0,1,11,2,0,1,0,1,10,1
0,0,27,4,3,2,0,1,14,1
0,0,56,3,6,2,0,1,5,0
1,0,16,4,1,1,0,1,19,2
1,1,78,6,3,12,0,1,5,0
0,0,19,2,1,0,0,1,5,0
0,0,20,3,1,0,0,1,13,1
1,1,17,2,3,1,0,1,4,1
0,1,50,2,10,3,0,1,10,0
0,0,11,1,4,0,0,1,4,0
1,1,72,6,8,1,0,1,8,0
0,0,21,2,3,5,0,1,7,2
0,1,15,1,1,4,0,1,8,1
1,1,23,3,3,1,0,1,7,1
0,0,34,4,2,4,0,1,3,0
1,1,28,3,1,2,0,1,5,1
0,1,52,4,10,0,0,1,4,1
0,1,54,4,11,5,0,1,10,1
0,1,30,1,6,7,0,1,10,1
1,0,155,17,5,4,0,1,6,1
1,1,30,4,2,1,0,1,11,1
1,1,45,10,6,1,0,1,21,2
0,1,32,6,2,0,0,1,8,0
0,1,11,2,0,2,0,1,8,1
1,1,87,5,4,7,0,1,11,1
1,1,38,2,6,5,0,1,10,2
0,0,104,13,8,16,0,1,8,1
0,0,61,13,13,20,0,1,11,0
1,1,65,7,4,3,0,1,12,1
0,0,13,2,2,0,0,1,11,1
1,1,17,1,3,0,0,1,39,1
0,0,25,1,5,8,0,1,11,1
1,1,11,1,1,1,0,1,36,3
1,0,105,7,11,0,0,1,21,2
1,0,39,3,6,3,0,1,3,1
0,0,22,3,1,4,0,1,7,0
0,0,52,5,5,2,0,1,11,0
0,1,39,3,4,3,0,1,33,5
0,1,36,2,6,0,0,1,24,2
0,1,16,1,1,2,0,1,8,1
0,1,21,1,1,0,0,1,20,0
0,1,32,1,7,3,0,1,13,1
1,1,14,2,2,1,0,1,34,1
1,1,63,6,9,1,0,1,23,2
0,0,44,6,1,5,0,1,16,1
1,1,25,4,0,1,0,1,21,1
0,1,42,4,1,5,0,1,11,1
0,1,13,1,4,0,0,1,17,2
0,1,38,5,2,1,0,1,10,1
1,0,70,8,4,6,0,1,10,1
0,0,17,2,1,2,0,1,8,1
1,0,12,2,1,0,0,1,4,1
0,1,95,11,3,3,0,1,5,0
1,0,22,3,1,0,0,1,41,4
1,0,118,8,10,15,0,1,4,0
1,0,14,2,1,0,0,1,8,1
1,0,15,2,1,1,0,1,9,0
1,0,87,5,8,12,0,1,8,1
1,0,37,4,6,5,0,1,10,1
0,0,53,5,8,7,0,1,61,6
0,0,22,1,6,1,0,1,8,1
1,1,30,3,2,1,0,1,2,0
1,1,87,9,6,9,0,1,37,0
0,0,28,2,5,0,0,1,6,1
1,0,38,3,9,4,0,1,11,1
1,0,31,4,4,0,0,1,8,0
0,0,9,1,3,0,0,1,5,1
0,1,95,7,4,10,0,1,24,2
1,1,10,1,1,0,0,1,7,1
1,1,84,6,7,11,0,1,9,1
0,1,17,2,3,0,0,1,4,1
0,0,19,1,3,5,0,1,8,1
1,0,99,8,4,23,0,1,27,2
1,0,17,2,0,1,0,1,11,1
1,0,86,7,5,2,0,1,6,1
0,0,19,3,1,1,0,1,8,1
0,1,6,1,1,0,0,1,14,2
1,0,31,6,2,1,0,1,5,1
1,0,426,1,11,59,0,1,9,2
0,1,28,1,6,0,0,1,8,1
0,1,31,2,8,3,0,1,31,4
0,0,32,5,1,5,0,1,10,0
0,1,27,1,5,1,0,1,40,3
1,0,69,9,4,11,0,1,9,1
0,0,10,1,4,0,0,1,20,1
0,0,16,3,1,0,0,1,7,1
0,1,19,3,1,0,0,1,11,1
1,1,12,2,1,0,0,1,52,2
0,0,81,7,10,6,0,1,28,4
0,0,64,4,2,3,0,1,7,1
1,1,7,1,3,2,0,1,12,1
1,0,13,1,0,1,0,1,6,0
0,1,26,2,2,4,0,1,8,1
0,1,36,7,3,0,0,1,23,2
1,1,49,4,6,0,0,1,19,1
1,1,90,8,6,0,0,1,15,1
1,0,29,4,5,0,0,1,6,1
0,0,8,2,0,0,0,1,5,0
1,1,9,1,2,0,0,1,7,0
0,0,70,7,4,5,0,1,39,2
0,0,10,1,2,0,0,1,64,4
1,1,32,1,2,5,0,1,9,1
1,1,20,3,1,3,0,1,7,1
0,0,60,6,3,7,0,1,6,0
1,0,112,14,10,1,0,1,6,0
0,1,42,3,2,4,0,1,17,2
0,0,14,2,1,0,0,1,6,1
0,0,30,3,1,4,0,1,7,0
0,1,39,2,1,5,0,1,9,1
1,0,26,3,0,0,0,1,14,1
1,0,85,14,5,0,0,1,5,1
0,0,36,1,14,0,0,1,5,0
0,0,23,3,4,0,0,1,4,1
0,0,37,5,1,1,0,1,25,1
0,1,65,2,9,0,0,1,17,1
1,0,20,1,3,2,0,1,9,1
0,0,16,2,0,1,0,1,16,4
0,0,11,1,4,0,0,1,14,2
0,0,19,1,4,0,0,1,9,1
0,1,22,3,3,0,0,1,14,1
0,0,21,1,5,3,0,1,6,1
1,1,26,3,2,0,0,1,23,0
1,0,101,9,13,2,0,1,8,0
1,0,35,3,3,4,0,1,12,1
0,1,15,1,4,0,0,1,10,1
1,1,39,4,6,3,0,1,6,0
1,0,19,1,2,0,0,1,10,1
1,0,34,3,5,3,0,1,7,0
1,1,49,1,7,11,0,1,8,1
1,0,46,1,12,8,0,1,4,1
1,0,38,3,5,7,0,1,8,3
1,1,26,2,2,0,0,1,7,1
1,0,64,3,4,17,0,1,6,0
1,1,30,4,1,1,0,1,20,0
0,0,23,2,1,1,0,1,5,1
0,0,21,3,1,2,0,1,14,0
1,1,102,7,11,19,0,1,8,0
0,1,71,7,12,7,0,1,10,0
1,1,39,4,2,0,0,1,24,2
1,1,56,6,4,3,0,1,6,1
1,1,31,4,2,3,0,1,10,0
1,0,27,1,1,8,0,1,11,2
0,0,16,3,0,0,0,1,8,0
1,1,135,6,12,21,0,1,13,1
0,0,14,1,5,0,0,1,10,1
1,1,22,3,2,0,0,1,9,1
0,0,7,1,1,0,0,1,9,1
1,1,39,4,3,0,0,1,9,1
0,0,24,3,4,5,0,1,9,1
1,0,35,2,1,1,0,1,9,0
0,1,31,6,1,3,0,1,42,2
0,0,112,9,14,1,0,1,5,1
0,1,17,2,1,0,0,1,2,0
0,0,32,3,6,5,0,1,15,1
1,0,11,2,1,0,0,1,10,1
0,1,145,10,6,7,0,1,15,1
1,0,13,1,1,3,0,1,5,0
0,0,15,1,2,0,0,1,3,0
0,0,29,3,4,4,0,1,5,1
1,1,33,6,4,2,0,1,11,1
0,0,22,3,2,1,0,1,7,1
0,0,50,5,7,5,0,1,7,1
1,1,38,3,6,5,0,1,9,0
1,1,16,1,2,1,0,1,10,2
1,0,16,2,2,0,0,1,9,1
1,0,28,3,2,2,0,1,8,1
1,1,17,4,0,1,0,1,6,1
0,0,14,2,0,2,0,1,34,1
0,1,29,5,2,5,0,1,10,0
1,0,58,8,2,3,0,1,9,1
1,0,11,2,2,0,0,1,7,0
0,1,33,3,7,0,0,1,8,0
1,0,82,6,7,17,0,1,8,1
1,0,32,2,9,2,0,1,10,1
1,0,89,7,5,3,0,1,5,1
0,0,14,2,1,1,0,1,8,1
1,0,11,1,4,0,0,1,7,0
0,0,48,10,1,7,0,1,32,1
1,1,57,4,1,1,0,1,4,0
0,0,126,3,6,40,0,1,11,1
1,0,57,4,11,2,0,1,6,1
0,1,112,10,14,3,0,1,7,0
1,1,72,8,6,1,0,1,42,3
0,0,17,2,1,8,0,1,14,3
0,0,35,2,5,3,0,1,9,0
1,0,63,6,5,10,0,1,14,0
1,1,27,3,3,4,0,1,9,1
1,1,85,15,7,14,0,1,29,2
0,1,30,3,0,4,0,1,34,1
0,0,13,1,1,0,0,1,5,1
1,0,16,2,1,1,0,1,21,1
1,1,12,2,3,0,0,1,8,0
1,1,19,2,5,2,0,1,7,0
0,0,28,1,8,0,0,1,9,1
1,0,61,4,9,1,0,1,8,1
0,1,23,4,1,0,0,1,15,1
0,0,7,1,0,0,0,1,12,1
1,0,21,3,3,3,0,1,22,2
1,1,38,2,5,2,0,1,5,0
1,1,102,4,11,16,0,1,27,2
0,1,15,2,1,1,0,1,10,1
1,0,11,1,3,1,0,1,6,1
0,1,28,4,2,6,0,1,6,1
1,0,61,4,9,5,0,1,10,0
0,1,13,1,2,0,0,1,70,3
0,0,23,3,2,5,0,1,13,0
0,0,10,2,0,0,0,1,6,0
0,0,29,4,1,0,0,1,50,1
0,0,33,3,2,5,0,1,6,1
1,1,17,2,2,2,0,1,4,0
1,1,59,5,4,2,0,1,28,2
0,0,26,4,6,2,0,1,3,1
1,0,26,1,4,0,0,1,15,1
0,0,62,11,1,10,0,1,8,1
0,1,19,3,1,0,0,1,25,2
0,0,17,3,1,0,0,1,9,0
1,0,33,4,2,3,0,1,11,0
0,0,26,3,2,1,0,1,7,0
0,0,30,1,5,0,0,1,4,1
1,1,23,1,9,0,0,1,5,0
0,0,38,4,4,4,0,1,2,0
1,0,10,1,2,0,0,1,4,1
0,1,26,2,2,0,0,1,12,0
1,1,18,4,1,3,0,1,11,1
1,1,105,11,1,19,0,1,38,2
1,1,39,7,1,4,0,1,13,1
0,1,20,2,3,0,0,1,6,1
0,0,40,2,4,0,0,1,8,1
1,1,29,3,2,0,0,1,12,2
0,0,16,1,1,1,0,1,10,1
0,1,17,2,2,2,0,1,3,0
1,1,32,1,3,0,0,1,6,0
1,0,7,1,2,0,0,1,8,1
0,1,26,2,5,0,0,1,9,1
0,0,44,2,2,1,0,1,8,1
1,1,17,3,1,1,0,1,17,1
1,1,34,4,5,2,0,1,20,1
1,0,33,1,9,7,0,1,9,0
1,1,19,1,3,0,0,1,11,0
1,1,22,3,1,0,0,1,27,0
0,0,32,4,3,0,0,1,17,1
0,1,10,2,0,0,0,1,14,1
0,1,12,1,2,2,0,1,5,1
0,0,19,1,5,1,0,1,23,3
1,0,6,1,0,0,0,1,11,1
0,0,29,2,8,3,0,1,9,1
1,0,82,11,2,24,0,1,12,0
0,0,21,2,3,2,0,1,12,1
0,0,68,11,0,3,0,1,6,0
0,1,34,2,5,4,0,1,6,0
0,0,28,4,3,0,0,1,5,1
0,0,11,1,0,0,0,1,14,0
1,1,57,4,7,3,0,1,9,1
0,0,14,2,3,2,0,1,3,0
1,1,44,6,5,1,0,1,15,1
1,1,65,6,5,8,0,1,9,1
0,0,15,2,1,0,0,1,10,1
0,0,13,1,0,0,0,1,5,0
1,1,45,3,1,9,0,1,7,1
0,0,16,1,3,3,0,1,23,2
1,0,27,4,2,2,0,1,10,1
1,1,86,11,6,1,0,1,59,6
0,1,34,2,2,3,0,1,9,1
0,0,43,1,5,2,0,1,8,0
0,0,35,4,4,4,0,1,11,1
0,0,42,4,8,1,0,1,12,1
0,0,28,6,1,2,0,1,25,2
1,0,14,2,1,1,0,1,9,1
0,0,24,4,1,0,0,1,15,1
1,1,37,4,3,5,0,1,9,0
0,0,37,2,5,10,0,1,4,0
1,1,74,4,11,15,0,1,8,1
0,1,33,4,1,2,0,1,18,1
0,1,54,3,3,0,0,1,2,0
0,0,132,1,22,0,0,1,27,1
0,0,15,3,1,0,0,1,12,2
0,0,10,1,3,0,0,1,18,1
0,1,33,1,3,0,0,1,38,0
0,0,16,2,1,1,0,1,7,1
1,1,15,1,4,0,0,1,4,1
0,0,24,4,4,1,0,1,9,0
1,1,62,6,4,5,0,1,8,0
1,1,66,5,12,10,0,1,37,2
0,0,34,2,5,1,0,1,4,0
0,1,32,4,3,1,0,1,38,0
1,0,119,13,19,7,0,1,12,1
0,0,18,2,1,0,0,1,44,0
1,0,123,11,10,42,0,1,13,1
0,0,18,2,3,1,0,1,4,0
1,0,37,3,3,1,0,1,8,1
1,0,91,9,6,4,0,1,8,0
0,1,24,4,0,1,0,1,8,1
0,0,19,2,1,4,0,1,36,3
0,0,36,2,0,1,0,1,17,1
1,1,19,2,0,1,0,1,7,1
0,0,14,2,2,1,0,1,4,1
0,1,16,2,1,0,0,1,12,1
0,0,13,2,3,0,0,1,22,3
1,0,42,1,2,1,0,1,8,0
0,0,9,2,0,0,0,1,10,1
1,1,12,2,2,0,0,1,5,1
0,1,48,2,10,2,0,1,43,4
0,1,19,3,0,5,0,1,16,2
1,0,13,1,1,0,0,1,8,1
1,1,34,4,1,1,0,1,10,1
0,0,26,3,3,1,0,1,15,1
0,0,67,6,4,3,0,1,7,1
0,0,9,1,2,0,0,1,3,0
0,1,76,9,9,5,0,1,37,2
1,1,24,2,0,2,0,1,10,0
0,1,31,3,3,3,0,1,8,1
0,0,119,7,10,9,0,1,7,1
0,1,10,1,2,0,0,1,20,1
0,1,50,8,4,0,0,1,5,1
0,0,44,4,5,2,0,1,6,1
0,1,50,3,6,14,0,1,17,2
1,1,93,6,13,5,0,1,12,1
0,1,20,2,4,0,0,1,13,1
0,0,25,5,1,1,0,1,10,1
0,1,50,6,5,0,0,1,67,5
0,0,12,1,1,0,0,1,5,1
0,1,19,2,1,2,0,1,7,0
0,1,13,1,2,1,0,1,5,0
1,1,34,3,2,1,0,1,52,2
1,0,14,1,1,1,0,1,6,0
1,0,14,2,2,0,0,1,7,0
0,1,9,2,0,0,0,1,12,1
1,1,20,2,2,0,0,1,16,1
0,0,22,1,3,1,0,1,6,1
1,1,44,8,4,0,0,1,8,1
1,1,115,13,16,13,0,1,5,0
1,0,37,4,3,5,0,1,10,0
0,1,20,5,1,4,0,1,14,1
0,0,30,3,4,0,0,1,37,2
1,1,9,1,1,2,0,1,14,1
0,1,18,1,5,4,0,1,3,0
0,1,30,2,6,3,0,1,26,1
1,0,14,3,0,1,0,1,5,0
1,1,39,4,2,4,0,1,12,1
0,1,11,2,0,0,0,1,10,1
1,0,9,1,1,0,0,1,10,1
0,1,79,4,9,8,0,1,6,1
0,0,30,2,5,2,0,1,5,0
1,1,21,4,0,0,0,1,5,0
1,1,104,11,3,20,0,1,13,1
0,1,10,1,4,3,0,1,3,0
0,1,24,1,4,0,0,1,15,1
0,1,37,4,1,0,0,1,12,1
0,1,54,5,6,1,0,1,2,0
0,0,56,5,4,1,0,1,8,1
1,0,89,11,5,2,0,1,39,3
0,0,39,5,4,11,0,1,6,0
0,1,35,2,4,3,0,1,17,2
1,1,30,2,4,1,0,1,55,4
0,1,41,3,5,5,0,1,6,0
0,1,18,1,3,3,0,1,25,1
0,0,18,3,1,1,0,1,11,1
1,0,65,7,7,0,0,1,8,1
1,1,129,13,10,9,0,1,6,1
1,0,32,2,4,7,0,1,13,0
0,1,40,4,3,1,0,1,9,0
0,0,66,3,14,0,0,1,14,0
1,1,18,3,2,1,0,1,9,0
0,1,12,2,1,0,0,1,16,1
1,0,44,4,7,1,0,1,7,1
0,1,19,3,2,0,0,1,30,2
0,0,107,8,11,11,0,1,10,0
1,0,39,3,5,0,0,1,7,1
1,0,41,10,2,6,0,1,12,1
0,1,11,3,0,0,0,1,14,1
0,0,92,12,16,7,0,1,3,1
0,0,23,3,3,1,0,1,11,0
0,1,11,1,3,0,0,1,35,3
1,0,91,7,7,1,0,1,20,2
1,0,24,3,1,1,0,1,5,1
0,1,30,3,4,1,0,1,6,0
0,0,24,4,4,0,0,1,6,0
1,0,22,2,0,1,0,1,11,1
0,0,58,7,5,0,0,1,8,2
0,0,54,1,10,0,0,1,8,1
0,1,19,3,0,1,0,1,8,1
0,0,71,8,9,2,0,1,11,1
0,0,61,6,2,24,0,1,6,1
0,0,26,5,2,4,0,1,18,1
0,1,37,3,4,3,0,1,20,0
1,1,26,1,2,0,0,1,7,1
1,1,8,1,0,0,0,1,3,0
1,1,11,2,0,0,0,1,39,3
0,1,28,1,6,1,0,1,8,1
1,1,83,7,8,1,0,1,15,0
1,1,44,4,4,0,0,1,16,2
0,0,46,5,2,1,0,1,10,2
1,1,35,1,5,10,0,1,19,1
0,0,11,2,0,0,0,1,4,1
1,0,36,5,5,0,0,1,8,1
1,1,8,1,1,1,0,1,14,1
0,0,29,3,5,3,0,1,32,3
1,1,15,3,0,0,0,1,7,1
0,0,14,3,2,0,0,1,5,0
1,0,42,2,3,2,0,1,8,1
1,0,11,2,1,0,0,1,9,1
1,0,61,6,2,2,0,1,13,1
1,0,83,9,8,0,0,1,11,1
1,1,43,3,2,2,0,1,13,1
0,0,11,2,0,0,0,1,4,1
0,0,33,3,2,1,0,1,12,0
1,0,23,4,2,0,0,1,21,1
1,1,12,2,0,0,0,1,5,0
0,0,34,4,6,7,0,1,15,2
0,1,39,5,4,0,0,1,15,1
0,1,19,2,1,2,0,1,63,5
0,0,70,2,5,0,0,1,54,0
1,0,94,6,7,33,0,1,4,0
1,0,49,6,3,6,0,1,5,0
1,0,52,4,8,8,0,1,19,0
0,1,10,1,1,0,0,1,12,1
1,1,8,1,1,1,0,1,4,1
0,1,24,3,2,0,0,1,38,4
1,1,82,5,11,16,0,1,3,0
1,0,30,4,2,1,0,1,22,2
1,1,13,1,1,0,0,1,50,4
0,0,13,2,1,0,0,1,12,0
0,0,12,1,1,1,0,1,1,0
0,0,12,1,5,2,0,1,24,1
0,0,52,3,6,5,0,1,10,0
0,0,28,3,6,2,0,1,10,1
0,1,12,2,0,0,0,1,13,1
0,1,36,4,1,1,0,1,8,1
0,1,19,1,5,4,0,1,8,1
0,0,93,6,7,19,0,1,13,1
0,0,49,5,6,8,0,1,8,1
0,0,28,3,5,4,0,1,6,0
0,0,12,1,1,0,0,1,6,1
0,0,22,3,2,0,0,1,31,0
0,0,23,4,1,0,0,1,16,1
0,0,57,3,8,3,0,1,10,1
1,1,48,8,5,2,0,1,52,3
0,1,81,7,5,4,0,1,9,1
0,0,89,6,4,9,0,1,10,1
1,0,61,4,15,6,0,1,51,3
0,1,127,9,6,4,0,1,7,0
0,0,20,1,2,2,0,1,21,1
1,0,131,17,0,18,0,1,5,0
0,0,6,1,4,0,0,1,25,2
0,1,15,2,2,1,0,1,4,1
0,0,14,2,3,2,0,1,24,1
1,1,15,2,1,3,0,1,12,1
1,0,20,4,1,2,0,1,8,1
0,1,21,4,1,0,0,1,17,1
0,1,6,1,0,1,0,1,5,1
0,0,11,2,0,1,0,1,3,1
0,1,17,4,0,0,0,1,2,0
1,1,16,1,3,0,0,1,6,0
0,0,55,7,4,2,0,1,34,2
0,1,46,6,2,14,0,1,12,0
0,0,6,1,2,0,0,1,6,1
0,0,9,1,1,0,0,1,6,1
0,1,22,3,0,1,0,1,8,1
1,0,11,1,0,2,0,1,5,0
1,0,17,3,2,3,0,1,10,0
1,0,40,7,3,0,0,1,9,1
0,0,53,5,1,4,0,1,8,1
0,0,24,1,4,0,0,1,22,1
1,1,20,2,4,0,0,1,4,1
0,0,8,1,1,0,0,1,5,0
1,0,110,5,5,29,0,1,8,3
1,1,9,1,3,1,0,1,11,1
0,0,25,3,1,3,0,1,6,1
1,0,61,10,2,2,0,1,8,1
0,1,98,5,9,0,0,1,64,3
1,1,41,7,3,4,0,1,7,0
1,0,35,3,2,2,0,1,8,1
0,0,47,4,6,1,0,1,12,1
1,0,26,3,0,1,0,1,43,2
0,0,57,3,16,0,0,1,27,2
0,0,43,4,4,0,0,1,78,4
0,1,30,2,3,4,0,1,9,2
1,1,57,7,9,11,0,1,5,1
1,0,52,7,3,2,0,1,9,0
1,1,17,2,0,0,0,1,6,0
1,1,44,1,2,3,0,1,7,0
1,0,17,1,0,0,0,1,7,0
0,0,27,1,2,0,0,1,8,0
1,0,40,5,2,2,0,1,9,0
0,1,18,2,1,1,0,1,16,2
1,1,39,5,1,0,0,1,18,2
1,0,84,8,9,8,0,1,11,1
0,1,10,1,1,0,0,1,8,1
0,1,15,1,3,0,0,1,8,1
1,0,37,2,3,11,0,1,29,2
0,1,12,2,2,1,0,1,16,0
0,0,184,22,9,25,0,1,8,0
0,0,11,1,2,4,0,1,3,0
0,0,40,5,3,7,0,1,5,1
0,0,19,1,2,0,0,1,7,1
0,1,29,5,0,0,0,1,21,1
0,1,14,1,2,0,0,1,11,1
0,0,20,1,2,0,0,1,35,3
1,1,19,3,2,0,0,1,9,0
0,0,27,1,6,8,0,1,15,1
1,0,89,19,1,0,0,1,11,1
1,0,63,9,7,10,0,1,7,0
0,0,18,1,1,1,0,1,5,1
0,0,16,1,2,1,0,1,7,0
0,0,16,2,2,2,0,1,20,1
0,0,89,10,9,2,0,1,13,0
1,0,25,1,4,0,0,1,13,1
1,1,13,2,2,0,0,1,15,2
0,0,16,1,2,3,0,1,6,1
0,1,45,1,5,0,0,1,7,0
1,1,25,1,5,5,0,1,5,1
0,0,12,2,2,0,0,1,8,1
0,1,18,2,1,1,0,1,13,2
0,0,26,5,1,1,0,1,14,1
1,0,29,4,1,1,0,1,10,1
1,1,22,2,1,2,0,1,5,0
1,1,20,3,1,1,0,1,10,0
1,1,16,2,1,2,0,1,31,0
0,0,10,1,1,0,0,1,8,0
0,0,56,4,4,5,0,1,14,2
0,0,20,1,7,5,0,1,5,0
0,0,31,5,2,4,0,1,5,0
1,1,58,8,2,1,0,1,12,0
1,1,21,4,2,0,0,1,36,2
0,1,30,4,5,1,0,1,10,1
0,1,12,3,0,0,0,1,11,1
0,1,40,3,2,2,0,1,35,2
1,1,142,14,5,14,0,1,22,2
1,1,68,8,2,6,0,1,41,0
1,0,33,3,7,3,0,1,13,1
0,1,37,3,3,2,0,1,13,2
1,0,17,2,1,0,0,1,14,1
0,1,6,1,2,1,0,1,10,1
1,0,55,2,10,0,0,1,14,1
0,0,18,2,1,4,0,1,14,0
0,1,69,5,4,4,0,1,8,1
0,0,14,1,1,0,0,1,10,0
1,1,55,7,5,4,0,1,6,0
0,0,33,5,3,0,0,1,9,0
0,0,10,1,2,1,0,1,33,1
0,0,26,3,2,1,0,1,4,1
1,1,18,3,3,2,0,1,11,1
1,1,46,3,5,3,0,1,10,1
0,0,44,2,9,0,0,1,34,0
0,0,14,1,2,0,0,1,11,1
1,0,36,4,6,1,0,1,9,1
1,0,30,3,0,2,0,1,6,0
1,0,12,1,3,0,0,1,37,5
1,1,73,7,2,12,0,1,4,1
0,0,52,6,6,3,0,1,13,0
0,1,12,2,1,0,0,1,10,1
0,1,69,3,9,5,0,1,11,2
0,0,14,3,1,0,0,1,7,1
1,1,17,3,1,0,0,1,14,1
0,0,20,3,0,2,0,1,9,1
0,1,25,3,3,0,0,1,25,1
0,1,57,7,5,9,0,1,8,1
0,1,28,3,1,4,0,1,5,1
1,0,12,2,1,0,0,1,11,1
1,0,43,5,3,5,0,1,11,1
1,1,23,2,5,2,0,1,11,1
1,1,71,6,3,6,0,1,24,0
1,0,69,10,5,1,0,1,8,1
0,0,12,2,1,0,0,1,12,0
0,0,36,4,2,3,0,1,8,1
0,0,7,1,0,0,0,1,9,1
1,0,38,1,7,0,0,1,5,1
0,1,49,2,4,1,0,1,48,4
0,1,61,6,4,5,0,1,12,0
0,1,45,2,7,3,0,1,12,0
1,0,155,9,7,12,0,1,22,2
1,1,41,7,4,1,0,1,8,1
1,1,29,2,4,7,0,1,8,1
1,1,157,15,3,22,0,1,13,1
0,1,12,1,4,2,0,1,10,2
1,1,20,4,1,0,0,1,20,2
0,1,8,1,1,1,0,1,8,1
0,1,11,2,1,1,0,1,8,1
0,0,38,4,4,0,0,1,18,2
0,1,31,4,2,2,0,1,22,3
1,1,28,4,4,3,0,1,13,1
1,1,30,3,7,6,0,1,16,2
0,1,19,1,4,0,0,1,11,0
0,0,7,1,0,0,0,1,3,0
0,0,31,3,2,4,0,1,53,4
1,0,13,2,1,0,0,1,11,1
1,1,39,1,12,3,0,1,6,1
0,1,18,2,1,1,0,1,10,1
1,1,29,2,3,2,0,1,10,0
0,0,65,1,18,8,0,1,22,1
1,1,40,3,4,5,0,1,6,0
1,1,76,11,8,10,0,1,4,1
1,0,25,3,2,1,0,1,2,0
0,0,10,1,2,0,0,1,12,1
0,0,34,4,3,2,0,1,8,1
1,0,56,4,3,1,0,1,28,1
1,0,50,2,6,0,0,1,11,1
0,0,9,1,1,0,0,1,10,0
1,1,13,3,0,0,0,1,8,1
1,1,5,1,1,0,0,1,9,1
1,1,115,1,8,39,0,1,9,1
1,0,119,5,12,44,0,1,14,1
0,1,37,3,5,10,0,1,36,6
0,0,41,6,1,0,0,1,77,6
0,0,19,2,2,0,0,1,8,1
0,1,32,5,3,2,0,1,14,1
1,1,12,1,1,1,0,1,13,1
1,0,18,2,3,0,0,1,33,1
1,1,40,3,5,1,0,1,34,1
1,1,12,2,1,1,0,1,9,0
1,1,14,2,2,0,0,1,9,1
0,0,70,7,4,2,0,1,9,1
1,0,29,1,5,1,0,1,17,2
0,1,17,1,5,1,0,1,15,2
1,1,100,5,17,1,0,1,23,2
1,0,39,7,3,3,0,1,8,0
1,0,24,3,1,1,0,1,10,1
0,1,15,3,0,0,0,1,23,0
0,1,39,3,2,14,0,1,4,0
1,0,68,6,8,0,0,1,4,1
0,1,26,1,7,3,0,1,4,0
1,0,81,13,3,4,0,1,14,1
1,0,21,2,8,0,0,1,37,2
0,0,68,7,3,3,0,1,8,1
0,1,10,1,1,1,0,1,4,0
0,1,33,1,5,0,0,1,10,1
0,0,26,4,3,4,0,1,12,1
1,0,113,15,11,0,0,1,30,4
1,1,20,2,2,1,0,1,13,1
0,1,8,1,1,0,0,1,8,1
0,0,52,5,4,1,0,1,17,2
1,0,104,1,6,19,0,1,3,0
0,0,10,1,2,0,0,1,7,1
1,1,5,1,0,0,0,1,5,1
1,1,49,4,11,9,0,1,8,1
0,1,16,2,4,0,0,1,16,0
0,1,61,3,6,8,0,1,60,4
0,1,14,1,4,0,0,1,14,1
0,1,59,6,7,4,0,1,20,2
1,0,18,2,1,0,0,1,7,0
0,0,48,3,12,11,0,1,11,1
0,0,27,3,2,6,0,1,13,1
1,1,41,4,3,3,0,1,13,1
1,0,100,9,5,14,0,1,8,1
0,0,89,12,7,2,0,1,11,1
1,1,10,1,0,1,0,1,12,1
0,1,10,2,1,1,0,1,4,1
1,1,21,3,1,2,0,1,13,1
1,1,55,1,17,16,0,1,3,0
0,1,10,1,1,0,0,1,8,1
0,0,31,3,4,6,0,1,14,0
0,0,13,2,1,0,0,1,11,1
1,0,39,2,2,7,0,1,9,0
1,1,24,3,0,1,0,1,4,0
1,1,38,2,5,2,0,1,10,0
1,1,13,2,0,0,0,1,4,1
0,0,16,1,3,0,0,1,14,1
0,0,30,3,2,1,0,1,8,0
0,1,29,6,0,0,0,1,11,1
1,1,35,4,4,0,0,1,9,0
0,0,14,1,4,0,0,1,18,0
0,0,19,2,0,1,0,1,9,1
0,1,21,4,2,1,0,1,4,0
1,1,59,5,7,2,0,1,22,2
1,1,45,3,6,0,0,1,8,0
1,1,83,1,4,4,0,1,8,0
1,1,24,6,0,1,0,1,25,1
1,1,32,4,1,10,0,1,12,2
1,1,11,1,2,0,0,1,4,1
1,1,39,7,2,0,0,1,12,1
0,0,18,3,1,0,0,1,21,0
0,1,47,9,4,0,0,1,21,2
1,1,32,4,4,2,0,1,12,0
0,0,36,2,5,4,0,1,6,1
0,0,92,5,10,6,0,1,17,1
0,0,28,4,1,1,0,1,6,1
1,1,13,1,1,1,0,1,33,0
0,0,24,3,2,2,0,1,14,0
0,0,9,1,1,0,0,1,14,2
0,0,14,2,3,0,0,1,6,1
1,1,113,13,9,6,0,1,52,3
1,0,230,11,12,20,0,1,8,1
0,0,36,3,5,3,0,1,19,1
0,0,8,1,1,0,0,1,13,1
1,1,30,3,3,8,0,1,4,0
1,0,54,10,3,0,0,1,13,1
1,1,14,1,3,3,0,1,9,1
1,0,18,2,0,0,0,1,48,4
0,0,15,1,0,0,0,1,11,0
0,0,13,2,1,1,0,1,15,0
1,0,8,1,1,0,0,1,13,1
1,1,18,1,2,2,0,1,7,0
0,1,14,2,0,0,0,1,34,3
0,1,48,7,3,1,0,1,9,1
0,0,60,1,11,0,0,1,23,1
0,1,11,2,0,0,0,1,12,1
1,1,7,1,1,0,0,1,7,0
0,0,30,1,1,16,0,1,2,0
1,1,14,2,2,2,0,1,5,1
0,0,26,2,4,3,0,1,61,4
1,1,75,6,9,3,0,1,49,2
0,0,24,1,6,0,0,1,34,2
0,1,27,3,1,1,0,1,11,1
0,1,18,3,1,0,0,1,25,2
0,0,14,1,0,2,0,1,8,0
1,1,59,6,4,9,0,1,41,1
1,1,90,6,4,4,0,1,8,1
0,1,24,1,9,7,0,1,6,1
0,1,26,4,1,1,0,1,12,2
0,1,24,5,0,0,0,1,8,1
0,1,21,6,0,1,0,1,5,1
0,0,11,2,2,0,0,1,6,1
1,1,14,2,2,0,0,1,13,1
0,1,19,1,3,4,0,1,10,1
0,1,43,4,2,9,0,1,10,1
0,0,15,2,1,1,0,1,32,3
0,0,11,2,0,0,0,1,9,1
1,1,54,7,8,4,0,1,52,1
0,1,105,10,8,6,0,1,44,2
1,1,8,1,1,0,0,1,7,1
0,1,15,2,1,0,0,1,9,0
0,1,52,6,3,0,0,1,34,2
0,0,63,6,7,6,0,1,12,3
0,0,12,1,1,0,0,1,12,1
0,0,89,10,7,2,0,1,40,3
0,0,10,1,0,1,0,1,47,6
1,1,50,6,3,2,0,1,10,1
0,1,43,4,3,9,0,1,6,1
0,1,48,3,7,0,0,1,6,1
0,1,10,2,0,0,0,1,30,0
1,1,58,3,5,0,0,1,2,0
0,0,21,3,0,1,0,1,18,2
0,0,8,2,0,0,0,1,6,1
0,0,19,1,7,0,0,1,8,3
1,1,50,7,2,3,0,1,9,1
0,1,50,4,4,2,0,1,4,0
1,1,29,1,1,0,0,1,17,2
0,1,24,2,1,4,0,1,11,1
1,1,89,7,11,0,0,1,8,1
0,1,17,2,1,1,0,1,4,0
0,1,10,2,1,1,0,1,12,0
0,0,32,5,2,0,0,1,36,2
0,1,10,1,2,1,0,1,10,1
1,1,54,11,5,0,0,1,6,1
1,0,86,9,6,7,0,1,43,3
0,0,7,1,0,0,0,1,21,2
0,1,19,2,3,2,0,1,11,1
1,1,23,1,2,1,0,1,43,1
0,0,13,1,4,0,0,1,21,3
0,0,30,2,4,7,0,1,6,1
1,1,21,5,2,2,0,1,19,1
1,0,61,8,5,2,0,1,7,1
0,0,13,1,2,2,0,1,11,1
1,1,25,1,4,6,0,1,8,1
0,1,17,1,1,0,0,1,6,0
0,1,8,1,2,0,0,1,18,1
0,1,24,1,5,8,0,1,22,1
0,0,29,4,3,1,0,1,18,0
1,0,41,2,9,0,0,1,25,1
0,0,11,1,1,0,0,1,8,1
0,0,29,1,2,14,0,1,3,0
0,0,18,2,2,0,0,1,13,1
0,0,11,1,2,0,0,1,9,0
0,1,15,5,1,5,0,1,26,1
1,1,60,6,9,12,0,1,8,0
1,0,21,3,1,3,0,1,9,1
0,1,29,2,4,6,0,1,66,1
0,0,6,1,0,0,0,1,11,1
0,0,26,4,2,0,0,1,16,1
0,0,13,1,2,0,0,1,3,0
0,1,30,3,2,5,0,1,10,0
0,1,17,2,1,0,0,1,14,0
1,0,130,16,0,1,0,1,20,1
1,0,52,1,4,0,0,1,6,0
1,1,33,1,1,4,0,1,16,3
0,0,40,1,5,0,0,1,27,1
0,0,13,2,1,1,0,1,12,1
0,0,17,1,3,3,0,1,3,1
1,1,21,3,1,0,0,1,18,1
0,1,34,3,4,0,0,1,15,0
1,1,12,2,1,0,0,1,7,0
1,1,16,1,6,3,0,1,15,1
1,0,24,2,3,2,0,1,13,1
0,0,27,3,2,3,0,1,33,3
1,1,25,3,0,1,0,1,7,0
0,0,27,5,1,0,0,1,20,2
0,0,27,4,2,10,0,1,10,1
0,1,27,2,2,2,0,1,34,2
1,1,15,2,1,2,0,1,7,1
0,0,14,1,2,2,0,1,8,1
1,0,40,1,3,4,0,1,6,1
0,0,23,3,2,0,0,1,18,2
0,1,46,5,4,3,0,1,10,1
1,0,127,16,12,6,0,1,35,0
1,1,106,17,10,6,0,1,70,3
0,0,50,5,5,1,0,1,15,2
0,0,15,1,2,2,0,1,5,1
0,1,39,5,4,5,0,1,20,1
0,0,36,3,9,1,0,1,32,2
1,1,41,6,5,2,0,1,13,1
0,1,9,1,1,0,0,1,7,1
0,0,17,3,2,1,0,1,8,0
0,1,23,3,4,3,0,1,14,0
1,0,8,1,2,0,0,1,7,1
1,1,23,5,1,1,0,1,5,1
1,0,109,1,7,5,0,1,8,0
1,0,47,5,7,6,0,1,10,1
0,1,12,1,1,0,0,1,9,1
1,0,90,10,6,11,0,1,7,0
0,1,65,10,5,3,0,1,8,1
1,0,42,7,5,11,0,1,61,6
0,0,19,2,4,0,0,1,10,1
0,0,11,1,2,0,0,1,14,0
0,1,20,4,1,1,0,1,9,1
1,0,81,5,12,1,0,1,47,7
0,0,20,2,4,0,0,1,10,1
1,0,15,2,1,0,0,1,9,0
0,0,19,3,2,0,0,1,8,1
0,0,33,4,5,0,0,1,8,1
1,0,41,8,2,5,0,1,9,1
0,1,15,1,1,8,0,1,46,0
0,0,25,3,3,2,0,1,9,0
0,1,21,3,2,0,0,1,26,1
0,0,92,6,13,3,0,1,14,0
0,1,10,1,3,2,0,1,35,3
1,1,55,6,4,0,0,1,3,0
1,1,28,4,2,2,0,1,12,1
1,1,32,3,6,1,0,1,6,0
0,0,42,3,4,3,0,1,10,1
1,0,36,1,9,1,0,1,12,1
1,0,19,2,0,1,0,1,13,1
0,1,8,1,1,0,0,1,6,0
1,1,16,2,0,3,0,1,12,1
1,1,34,4,4,7,0,1,4,1
1,0,11,2,1,1,0,1,3,0
0,1,15,2,2,0,0,1,13,1
0,1,68,1,11,0,0,1,12,1
0,1,34,2,1,2,0,1,69,6
1,0,52,5,8,1,0,1,7,1
0,0,7,1,0,0,0,1,4,0
0,0,73,3,5,7,0,1,17,1
0,0,53,4,6,13,0,1,72,9
0,0,49,3,4,5,0,1,11,1
1,1,11,1,2,2,0,1,6,1
1,1,19,3,1,0,0,1,50,1
0,0,19,3,1,4,0,1,47,2
0,1,26,2,1,1,0,1,10,1
0,0,17,1,2,0,0,1,17,1
1,0,8,1,0,1,0,1,14,1
1,1,46,5,5,10,0,1,5,1
1,0,9,1,3,2,0,1,5,1
0,1,32,3,6,3,0,1,17,0
1,0,38,3,4,0,0,1,17,1
1,0,34,5,2,0,0,1,5,1
0,1,10,1,3,1,0,1,30,1
1,1,14,3,0,1,0,1,4,1
0,1,24,1,5,0,0,1,8,1
0,1,35,3,5,2,0,1,31,2
1,1,14,1,5,1,0,1,9,1
1,0,21,4,1,0,0,1,9,1
0,0,49,10,2,3,0,1,12,0
0,0,17,2,2,0,0,1,12,1
1,1,47,1,5,8,0,1,21,1
1,1,66,5,6,3,0,1,55,0
0,1,15,1,3,1,0,1,8,0
0,1,16,2,1,1,0,1,4,1
1,1,24,1,0,1,0,1,4,0
0,0,15,3,1,0,0,1,12,0
0,1,9,1,2,0,0,1,30,0
0,0,56,7,5,0,0,1,16,1
1,1,75,8,11,0,0,1,62,1
0,1,25,3,3,0,0,1,23,3
0,1,13,1,0,3,0,1,11,1
0,1,18,2,3,0,0,1,6,1
0,0,12,1,0,0,0,1,10,0
0,1,47,4,8,1,0,1,10,1
0,0,62,9,9,9,0,1,28,3
1,0,112,14,7,11,0,1,7,1
1,0,59,10,2,0,0,1,28,1
1,0,16,3,1,1,0,1,10,0
0,0,14,2,1,0,0,1,7,1
0,1,14,2,2,1,0,1,8,1
0,0,15,2,1,0,0,1,3,1
0,1,14,2,1,0,0,1,74,5
1,1,51,6,5,1,0,1,26,1
0,0,7,1,1,0,0,1,15,2
0,1,29,3,1,0,0,1,13,2
0,0,8,1,2,0,0,1,5,0
1,0,80,5,6,5,0,1,19,2
1,1,140,6,16,27,0,1,7,1
1,0,68,4,7,5,0,1,13,2
0,0,22,2,3,0,0,1,14,1
0,0,23,5,1,0,0,1,6,1
0,0,37,6,6,1,0,1,19,2
0,1,6,1,1,0,0,1,27,4
0,1,34,2,4,0,0,1,68,3
0,0,50,9,5,0,0,1,11,1
0,1,17,1,2,6,0,1,6,1
0,0,40,4,2,1,0,1,8,1
1,1,38,5,1,9,0,1,40,2
0,1,25,1,4,0,0,1,8,1
1,0,25,1,5,1,0,1,8,0
1,0,19,3,1,3,0,1,14,1
1,1,45,4,2,1,0,1,17,1
0,1,13,1,2,0,0,1,7,0
0,0,38,2,8,2,0,1,19,1
0,1,11,2,1,0,0,1,7,1
0,0,18,2,2,0,0,1,2,1
0,0,79,5,5,7,0,1,5,0
0,0,39,4,0,0,0,1,8,0
0,1,24,2,2,2,0,1,4,0
0,1,63,3,9,0,0,1,5,0
0,1,29,4,2,1,0,1,8,1
0,0,31,5,2,0,0,1,5,1
1,0,71,5,6,10,0,1,10,1
1,1,23,1,7,4,0,1,10,1
1,0,26,4,1,1,0,1,6,1
1,1,139,1,19,0,0,1,38,0
0,0,33,4,5,3,0,1,15,1
0,1,49,4,5,0,0,1,9,0
0,0,9,2,0,0,0,1,19,0
0,1,36,3,1,4,0,1,11,1
1,1,35,1,7,0,0,1,8,0
0,1,26,2,2,0,0,1,10,1
0,0,36,4,3,0,0,1,11,1
0,1,13,1,3,4,0,1,13,1
1,0,83,10,5,1,0,1,8,0
1,1,12,1,4,1,0,1,6,1
0,0,28,2,6,1,0,1,14,1
0,1,23,5,0,0,0,1,17,0
1,0,76,6,8,11,0,1,5,0
1,1,15,1,4,3,0,1,4,1
0,0,19,3,1,1,0,1,7,2
1,0,25,2,4,2,0,1,14,3
1,1,20,2,1,2,0,1,10,0
1,1,18,2,5,3,0,1,19,2
0,0,48,3,7,2,0,1,9,1
1,1,20,2,2,2,0,1,9,1
1,1,21,3,1,0,0,1,5,1
0,0,28,3,3,0,0,1,21,4
1,1,14,2,2,0,0,1,3,0
0,1,27,4,1,0,0,1,20,2
0,0,18,3,0,0,0,1,7,1
1,1,13,1,2,2,0,1,27,3
1,1,25,4,1,1,0,1,21,0
1,1,16,2,2,2,0,1,9,1
0,1,24,2,3,2,0,1,4,1
0,1,7,1,2,0,0,1,9,1
0,1,48,2,4,2,0,1,14,1
1,0,71,4,3,7,0,1,13,1
1,1,52,5,4,3,0,1,10,1
1,0,41,5,2,1,0,1,11,1
1,0,90,8,10,5,0,1,13,0
1,0,50,1,2,1,0,1,8,0
0,1,9,1,3,0,0,1,7,0
1,1,11,3,0,0,0,1,27,1
0,1,7,1,0,0,0,1,7,0
0,1,33,2,5,1,0,1,7,1
1,1,81,7,7,0,0,1,20,1
1,1,62,7,7,3,0,1,9,0
1,1,9,1,3,0,0,1,8,1
1,1,99,8,8,0,0,1,42,2
0,0,21,1,8,0,0,1,7,1
1,0,11,1,2,0,0,1,9,0
1,0,38,5,3,4,0,1,17,1
0,0,10,1,1,0,0,1,4,1
0,1,17,2,0,0,0,1,26,4
0,0,27,3,4,1,0,1,7,3
0,0,12,2,0,0,0,1,11,0
0,0,34,2,6,5,0,1,3,1
1,0,144,12,6,9,0,1,16,1
1,1,46,3,8,6,0,1,59,4
0,0,36,5,1,2,0,1,10,0
0,0,10,1,0,1,0,1,10,1
0,1,25,3,2,0,0,1,14,1
1,0,24,3,3,1,0,1,12,1
0,1,20,2,4,0,0,1,25,2
0,0,135,13,10,5,0,1,13,1
1,0,38,2,4,6,0,1,17,1
0,1,33,4,3,2,0,1,8,1
0,1,22,3,2,2,0,1,7,0
0,0,10,1,1,0,0,1,28,1
0,1,14,2,1,0,0,1,12,1
1,1,47,1,0,24,0,1,25,0
0,0,56,1,19,2,0,1,7,1
0,0,97,3,6,7,0,1,10,0
0,0,14,1,3,1,0,1,10,1
0,0,30,3,1,8,0,1,9,1
0,0,17,1,6,1,0,1,5,1
1,1,113,10,2,11,0,1,16,1
1,0,10,1,2,1,0,1,5,1
0,0,8,1,1,1,0,1,11,0
0,1,16,1,3,0,0,1,7,1
1,0,49,2,8,0,0,1,11,1
0,1,37,1,5,0,0,1,8,0
1,1,13,1,0,14,0,1,6,0
0,1,7,1,1,1,0,1,6,0
1,1,61,3,6,0,0,1,10,1
0,1,24,2,1,2,0,1,4,1
0,0,57,2,9,8,0,1,9,1
1,1,95,1,2,30,0,1,10,0
0,0,13,3,0,3,0,1,5,1
1,0,33,4,2,0,0,1,17,1
0,1,12,2,0,0,0,1,7,1
0,1,44,1,13,2,0,1,74,3
1,1,81,9,6,9,0,1,12,1
0,0,22,2,1,3,0,1,5,0
1,0,35,4,0,2,0,1,15,2
1,1,43,3,6,5,0,1,1,0
0,1,53,6,4,1,0,1,7,0
0,1,19,3,1,0,0,1,14,1
1,1,18,3,1,4,0,1,15,3
0,0,13,2,0,1,0,1,4,1
1,1,30,1,4,2,0,1,76,2
1,1,86,16,5,5,0,1,14,1
0,1,13,1,5,2,0,1,12,2
1,0,56,2,4,3,0,1,18,1
1,0,21,2,3,2,0,1,10,1
1,1,30,5,0,0,0,1,13,1
0,0,14,2,1,2,0,1,18,0
0,0,16,2,2,0,0,1,29,2
0,0,88,6,10,9,0,1,8,1
1,0,26,1,4,5,0,1,7,1
0,0,71,1,11,0,0,1,22,1
0,0,30,3,4,0,0,1,53,4
1,1,16,2,1,0,0,1,9,1
1,0,10,2,1,0,0,1,9,1
0,0,24,5,1,0,0,1,14,2
1,0,48,3,11,11,0,1,7,1
0,0,43,8,3,3,0,1,11,1
0,1,48,3,3,0,0,1,13,0
1,1,22,3,1,1,0,1,9,0
0,1,46,1,11,10,0,1,15,1
1,1,100,13,9,3,0,1,6,1
1,1,21,1,2,7,0,1,10,1
0,0,18,3,1,0,0,1,7,1
0,0,13,2,1,1,0,1,14,0
1,1,25,2,5,0,0,1,14,4
1,1,12,1,1,0,0,1,9,1
1,1,21,2,1,4,0,1,10,1
0,0,23,2,1,1,0,1,13,1
0,0,13,4,0,0,0,1,9,0
1,1,22,1,1,0,0,1,9,1
0,0,20,1,3,0,0,1,9,1
0,1,26,2,3,1,0,1,15,1
1,0,61,6,10,3,0,1,8,0
0,0,56,9,5,5,0,1,47,4
1,0,20,3,1,1,0,1,50,5
1,1,24,2,6,0,0,1,8,1
1,0,11,1,0,0,0,1,10,0
0,1,7,1,1,0,0,1,10,1
0,0,13,2,1,0,0,1,9,1
0,1,38,3,5,2,0,1,9,1
0,0,16,1,1,1,0,1,11,1
0,0,15,1,1,0,0,1,26,1
0,0,42,2,3,8,0,1,10,1
1,1,54,6,2,3,0,1,25,1
1,1,36,2,1,15,0,1,8,1
0,1,36,4,3,2,0,1,6,0
0,0,20,3,0,2,0,1,7,1
0,0,45,2,2,14,0,1,6,1
1,0,19,2,2,0,0,1,13,1
0,0,69,3,3,19,0,1,6,0
1,1,21,3,2,4,0,1,13,0
0,0,15,1,2,1,0,1,16,1
1,0,30,2,2,8,0,1,10,1
0,0,22,3,3,0,0,1,10,1
0,1,12,2,1,0,0,1,11,1
1,1,187,10,13,7,0,1,12,1
0,0,12,1,3,2,0,1,2,0
0,0,19,1,1,6,0,1,24,2
0,0,10,1,2,1,0,1,4,1
0,0,38,6,2,2,0,1,11,1
1,0,131,19,14,6,0,1,12,0
0,0,21,3,2,3,0,1,7,1
0,0,11,1,1,0,0,1,46,3
0,0,20,2,1,0,0,1,11,2
1,0,51,4,9,7,0,1,13,1
0,0,19,1,12,4,0,1,30,3
1,1,64,6,4,3,0,1,9,1
1,0,22,2,2,0,0,1,4,1
0,1,63,6,6,3,0,1,14,0
0,0,18,1,2,4,0,1,9,1
1,1,17,1,4,0,0,1,1,0
0,0,46,5,2,3,0,1,8,1
0,0,62,3,8,10,0,1,15,1
1,0,105,1,4,1,0,1,8,0
0,0,56,3,7,4,0,1,9,1
0,0,73,7,5,5,0,1,11,1
1,0,13,3,0,0,0,1,6,1
0,0,46,4,4,2,0,1,43,6
1,1,49,3,3,4,0,1,10,0
1,0,80,9,5,2,0,1,9,1
0,0,5,1,0,0,0,1,13,0
1,0,48,2,6,2,0,1,4,1
0,0,13,2,1,0,0,1,7,1
0,0,66,3,12,4,0,1,7,1
0,1,16,2,2,4,0,1,21,1
1,1,23,5,2,0,0,1,3,0
1,1,51,5,7,4,0,1,5,1
0,1,15,2,1,0,0,1,22,1
0,1,63,5,5,10,0,1,4,0
1,1,19,1,7,2,0,1,8,1
1,0,11,1,0,1,0,1,35,3
1,1,34,5,2,9,0,1,19,2
1,1,23,3,2,0,0,1,19,2
1,0,127,9,10,18,0,1,12,1
0,0,28,1,4,1,0,1,8,0
0,0,22,2,1,0,0,1,39,2
1,0,136,8,14,25,0,1,8,1
1,1,29,2,1,9,0,1,59,1
0,0,17,1,4,3,0,1,26,1
0,0,31,5,3,0,0,1,5,0
1,1,68,4,1,5,0,1,10,1
1,1,37,6,3,4,0,1,10,0
0,1,8,1,1,0,0,1,15,1
0,0,37,1,6,9,0,1,4,0
1,1,10,1,3,3,0,1,6,0
0,1,20,3,4,0,0,1,13,1
1,1,37,4,4,10,0,1,8,1
0,1,78,3,8,0,0,1,3,0
1,1,65,4,8,6,0,1,17,0
0,1,37,4,4,0,0,1,10,0
1,1,30,5,1,0,0,1,24,0
1,1,92,12,7,8,0,1,24,0
0,0,88,7,7,2,0,1,9,0
1,1,44,5,9,0,0,1,9,1
1,1,99,10,13,9,0,1,19,1
1,1,42,5,4,0,0,1,22,2
1,1,47,4,3,2,0,1,13,1
1,1,125,11,9,7,0,1,10,1
1,1,21,4,2,1,0,1,72,3
0,0,11,1,2,1,0,1,13,0
0,0,18,1,7,3,0,1,14,2
0,0,11,2,1,2,0,1,15,1
0,1,26,4,1,0,0,1,27,0
1,0,14,1,0,0,0,1,11,1
1,1,8,1,2,2,0,1,8,0
0,1,6,1,1,0,0,1,27,4
1,1,39,2,11,8,0,1,10,1
0,1,13,1,4,0,0,1,38,0
0,0,49,3,12,7,0,1,16,1
1,0,24,4,1,0,0,1,6,0
1,1,23,2,3,1,0,1,4,1
0,1,16,2,3,1,0,1,7,0
1,0,83,7,7,11,0,1,4,1
0,0,20,1,8,1,0,1,12,1
0,0,99,12,6,27,0,1,10,0
0,0,25,2,4,4,0,1,12,1
0,1,12,3,1,0,0,1,13,1
1,0,33,3,4,8,0,1,5,0
0,0,9,1,3,4,0,1,33,2
0,1,36,5,5,1,0,1,53,4
0,0,14,1,2,0,0,1,7,0
0,1,24,3,3,3,0,1,26,3
1,1,76,7,6,8,0,1,9,0
1,1,12,2,2,0,0,1,13,1
1,1,32,5,2,0,0,1,11,1
1,1,11,2,1,2,0,1,15,1
1,1,22,2,1,0,0,1,17,2
1,0,43,6,1,1,0,1,8,1
0,0,22,3,1,1,0,1,28,0
1,0,7,1,2,0,0,1,8,0
0,0,11,2,1,0,0,1,7,0
1,0,23,3,1,1,0,1,11,1
1,1,29,3,1,6,0,1,10,1
0,1,33,2,5,7,0,1,12,1
0,1,47,4,7,1,0,1,25,3
0,0,27,3,2,3,0,1,14,2
0,0,24,3,3,0,0,1,6,0
1,1,46,5,4,0,0,1,13,0
1,1,74,10,2,8,0,1,33,0
1,0,8,1,0,0,0,1,5,1
1,0,18,3,2,1,0,1,12,1
1,0,10,1,1,0,0,1,10,1
0,1,49,5,5,4,0,1,59,2
0,0,25,4,2,1,0,1,77,3
0,0,22,3,2,0,0,1,4,0
0,0,9,1,0,0,0,1,8,0
1,0,38,3,1,10,0,1,23,0
0,0,30,2,1,2,0,1,13,1
0,0,22,2,4,1,0,1,9,1
1,0,16,3,0,0,0,1,8,1
1,1,46,5,4,13,0,1,8,1
0,0,27,2,2,4,0,1,10,0
0,0,37,1,1,0,0,1,6,0
0,1,48,4,3,3,0,1,7,1
1,1,10,1,2,0,0,1,11,1
0,0,7,1,1,0,0,1,10,1
1,1,29,3,1,8,0,1,16,1
0,0,51,5,8,1,0,1,10,3
0,0,81,4,5,10,0,1,6,1
0,1,15,2,1,0,0,1,4,0
0,0,51,4,9,0,0,1,46,4
1,0,26,2,1,4,0,1,7,1
0,1,31,3,4,4,0,1,6,0
1,1,31,5,2,2,0,1,9,1
1,1,28,4,5,0,0,1,9,0
1,1,58,5,1,1,0,1,8,1
1,1,15,1,4,3,0,1,4,1
1,1,74,7,7,13,0,1,51,1
1,0,83,14,6,0,0,1,10,0
0,1,7,1,1,0,0,1,6,0
1,1,42,4,6,4,0,1,12,1
0,0,38,4,4,5,0,1,3,1
1,0,37,1,3,2,0,1,2,0
0,0,151,10,12,8,0,1,35,0
1,1,15,2,5,2,0,1,3,0
0,0,10,1,3,0,0,1,6,0
1,1,45,5,3,1,0,1,8,1
0,0,7,1,0,0,0,1,13,1
1,1,73,9,6,4,0,1,15,1
0,1,14,2,2,0,0,1,4,1
0,1,27,3,5,3,0,1,30,3
0,1,11,1,2,0,0,1,3,0
1,1,19,3,2,0,0,1,11,1
0,1,137,13,10,10,0,1,4,1
1,1,55,6,4,12,0,1,19,0
1,1,22,2,1,2,0,1,45,3
1,0,39,4,1,3,0,1,46,6
0,0,11,1,0,1,0,1,4,1
0,0,35,3,0,6,0,1,8,0
0,1,120,8,3,18,0,1,23,1
1,1,13,3,1,0,0,1,12,2
1,1,28,1,3,0,0,1,12,0
0,0,52,6,6,3,0,1,11,1
1,1,11,3,0,0,0,1,12,1
0,0,16,3,1,0,0,1,5,1
1,1,19,3,0,1,0,1,9,1
0,1,19,3,2,3,0,1,35,2
1,1,9,2,0,0,0,1,19,1
0,1,6,1,0,0,0,1,51,3
0,0,15,2,0,0,0,1,6,0
1,1,18,2,0,1,0,1,18,0
0,0,26,2,4,1,0,1,11,1
0,0,47,4,3,4,0,1,8,1
1,1,56,3,9,0,0,1,14,1
0,1,117,12,18,14,0,1,13,1
1,1,14,3,1,1,0,1,7,1
0,0,35,2,10,5,0,1,16,1
1,1,10,1,3,0,0,1,13,2
0,1,27,4,0,1,0,1,20,1
1,1,31,3,5,4,0,1,4,1
1,0,10,1,0,0,0,1,8,0
0,1,48,5,4,6,0,1,11,1
0,0,17,1,2,1,0,1,21,1
0,0,30,6,0,0,0,1,16,1
1,0,49,2,6,0,0,1,24,0
1,1,53,6,4,6,0,1,8,1
1,1,70,7,3,18,0,1,7,0
1,1,38,4,4,2,0,1,6,0
0,0,9,1,0,0,0,1,17,3
0,1,49,5,5,3,0,1,6,1
1,0,112,8,9,10,0,1,5,0
0,0,24,2,2,2,0,1,8,1
1,1,17,3,1,0,0,1,21,4
0,1,28,4,2,1,0,1,9,0
1,1,18,1,4,3,0,1,4,1
0,1,18,1,3,5,0,1,13,1
1,1,27,2,3,1,0,1,11,1
1,0,32,4,3,2,0,1,4,1
1,1,30,3,2,2,0,1,11,0
0,0,17,2,4,1,0,1,10,1
0,1,17,1,1,0,0,1,6,1
0,0,65,8,4,15,0,1,8,0
0,0,19,3,2,2,0,1,3,0
0,1,10,2,1,1,0,1,8,1
0,0,30,4,1,2,0,1,9,1
0,1,61,1,7,0,0,1,6,0
0,1,89,4,4,10,0,1,32,2
1,0,88,3,16,1,0,1,40,2
1,1,31,4,1,1,0,1,15,3
0,1,18,3,1,1,0,1,13,1
1,1,90,9,9,4,0,1,4,1
0,0,23,4,1,3,0,1,16,0
0,1,44,8,3,0,0,1,11,1
0,0,8,1,2,1,0,1,11,1
1,1,12,2,0,0,0,1,11,0
1,1,25,3,2,3,0,1,18,0
1,0,100,9,5,28,0,1,10,0
0,1,14,3,0,0,0,1,12,0
1,1,48,4,3,4,0,1,6,0
1,1,26,3,3,1,0,1,47,2
1,0,11,2,2,0,0,1,22,1
0,1,115,14,3,15,0,1,7,1
0,1,20,1,2,1,0,1,15,4
0,0,20,3,2,0,0,1,9,1
0,0,35,3,4,7,0,1,8,3
0,1,23,3,2,2,0,1,14,0
1,0,32,6,2,0,0,1,8,1
1,0,144,7,10,9,0,1,24,1
1,0,32,5,4,1,0,1,10,1
0,1,15,1,1,1,0,1,41,4
0,0,10,1,2,1,0,1,5,1
1,1,32,3,4,4,0,1,4,1
0,0,12,2,1,1,0,1,24,1
1,1,34,2,6,3,0,1,11,1
1,0,35,4,2,0,0,1,12,1
0,0,79,1,6,22,0,1,9,0
0,0,41,4,4,4,0,1,4,1
0,1,18,1,0,9,0,1,11,1
0,0,65,2,7,4,0,1,10,1
0,0,63,5,7,2,0,1,54,6
0,1,38,2,7,6,0,1,6,0
0,1,18,2,2,0,0,1,22,1
1,0,70,7,9,9,0,1,14,1
1,1,129,14,10,14,0,1,24,0
0,0,9,1,3,2,0,1,3,0
0,1,13,2,1,0,0,1,16,1
0,0,14,1,2,2,0,1,29,2
1,1,15,3,1,0,0,1,14,0
1,0,61,7,8,0,0,1,8,1
1,1,52,1,9,0,0,1,7,1
1,1,23,1,7,0,0,1,6,1
1,0,107,10,4,7,0,1,9,1
0,0,13,1,3,1,0,1,61,2
0,0,25,1,1,1,0,1,18,2
1,0,95,10,8,5,0,1,18,1
1,1,20,3,3,0,0,1,10,0
1,0,19,2,4,1,0,1,7,1
0,1,21,4,1,0,0,1,7,0
0,0,50,5,4,3,0,1,15,1
1,0,96,6,5,39,0,1,9,1
1,0,60,6,7,2,0,1,20,1
1,1,12,2,2,0,0,1,5,1
0,1,17,2,1,1,0,1,33,2
0,1,12,1,1,1,0,1,5,1
0,1,20,3,1,4,0,1,4,0
1,0,134,8,10,16,0,1,7,1
0,0,67,4,4,5,0,1,12,1
1,1,8,1,0,0,0,1,10,1
1,0,43,3,8,4,0,1,6,1
0,1,25,2,3,0,0,1,11,1
1,1,38,4,4,6,0,1,5,1
1,1,43,8,2,0,0,1,4,0
0,1,23,2,3,0,0,1,51,3
0,1,38,1,9,0,0,1,9,0
1,0,15,1,4,3,0,1,7,1
0,1,26,2,8,0,0,1,3,1
1,0,57,7,9,0,0,1,47,2
0,0,15,1,2,0,0,1,3,0
1,1,40,2,4,0,0,1,26,1
0,0,27,3,6,0,0,1,5,1
1,0,36,4,3,3,0,1,5,1
1,1,23,3,1,4,0,1,10,1
0,0,68,5,4,4,0,1,11,1
0,0,47,3,7,1,0,1,10,1
0,0,6,1,1,0,0,1,7,1
0,0,12,1,1,0,0,1,10,1
0,0,44,5,4,0,0,1,12,1
0,0,29,2,4,0,0,1,12,1
0,0,34,2,2,7,0,1,6,1
1,1,48,5,4,0,0,1,12,1
1,1,147,20,7,13,0,1,9,1
0,1,26,1,8,0,0,1,5,0
0,1,30,1,8,0,0,1,25,3
1,0,17,1,4,2,0,1,14,0
0,0,25,5,2,1,0,1,8,1
0,0,30,2,2,0,0,1,31,1
0,0,20,2,6,1,0,1,7,1
0,0,17,1,1,0,0,1,4,1
1,1,45,6,4,4,0,1,10,1
0,1,31,2,4,0,0,1,9,0
0,0,38,6,3,7,0,1,5,1
1,1,18,4,0,0,0,1,13,1
1,0,65,8,6,2,0,1,21,1
0,1,8,1,0,0,0,1,28,1
0,1,27,1,1,9,0,1,6,0
1,0,20,1,4,3,0,1,8,2
0,0,24,3,2,0,0,1,5,1
1,1,24,4,2,0,0,1,4,0
1,1,100,3,11,7,0,1,45,1
1,0,8,1,0,0,0,1,3,0
0,1,25,3,3,2,0,1,11,1
1,0,9,2,0,0,0,1,30,3
0,0,13,1,4,0,0,1,9,0
0,0,87,7,6,1,0,1,6,1
0,1,16,1,3,1,0,1,19,1
1,0,19,4,1,0,0,1,12,0
1,1,15,3,1,0,0,1,19,2
1,1,8,1,1,0,0,1,11,0
0,1,16,2,3,0,0,1,43,1
1,1,58,5,2,4,0,1,10,0
0,1,15,2,0,1,0,1,19,2
0,0,11,2,0,1,0,1,30,6
1,1,43,5,4,1,0,1,17,3
1,1,36,3,3,8,0,1,24,2
1,1,24,2,4,0,0,1,8,1
0,1,9,1,1,0,0,1,23,1
0,0,10,1,1,1,0,1,9,1
0,0,61,3,9,13,0,1,5,1
1,1,52,8,1,13,0,1,44,2
0,1,32,2,3,1,0,1,13,0
0,1,9,1,2,0,0,1,8,0
1,1,24,4,2,0,0,1,24,0
0,0,4,1,0,0,0,1,9,1
0,0,21,2,2,0,0,1,13,1
1,1,38,4,4,8,0,1,10,0
1,1,16,2,3,0,0,1,22,1
1,1,13,1,2,0,0,1,7,1
1,1,14,1,2,1,0,1,20,1
0,1,22,1,8,0,0,1,23,2
1,0,94,5,5,30,0,1,8,0
0,1,33,1,0,2,0,1,16,2
0,1,28,2,5,7,0,1,8,1
0,1,37,4,3,1,0,1,10,0
1,1,13,2,0,0,0,1,8,1
0,1,19,2,7,1,0,1,12,1
1,1,27,2,6,2,0,1,3,0
0,1,23,1,4,0,0,1,24,3
1,0,67,7,11,9,0,1,14,1
0,0,18,2,2,0,0,1,17,1
0,0,19,1,2,3,0,1,13,1
1,0,20,4,1,0,0,1,19,0
0,1,29,4,3,5,0,1,7,0
1,1,37,5,4,0,0,1,9,1
1,1,10,1,1,0,0,1,7,1
0,0,27,1,7,6,0,1,24,0
1,0,113,9,26,5,0,1,5,1
0,0,32,3,3,0,0,1,16,2
0,0,7,2,0,0,0,1,11,1
1,1,8,1,1,1,0,1,5,0
0,0,8,1,1,1,0,1,12,1
1,0,65,5,5,3,0,1,9,1
0,0,34,1,11,10,0,1,6,1
1,1,44,3,4,11,0,1,11,1
0,0,31,2,1,0,0,1,7,1
0,1,80,11,7,8,0,1,15,0
0,0,19,4,2,3,0,1,20,1
1,0,127,9,4,8,0,1,7,1
0,0,42,2,4,2,0,1,7,0
0,0,16,4,0,0,0,1,10,0
0,1,27,1,10,1,0,1,9,0
1,1,20,3,2,0,0,1,9,1
0,0,93,1,5,7,0,1,6,0
1,0,115,10,15,3,0,1,4,1
1,1,42,5,5,1,0,1,6,1
1,0,12,1,0,6,0,1,21,2
0,1,19,1,4,1,0,1,9,1
0,1,38,2,7,3,0,1,14,2
0,0,35,2,4,2,0,1,14,1
1,1,15,3,1,1,0,1,12,1
1,0,25,2,0,0,0,1,12,1
1,1,71,7,6,7,0,1,10,1
0,1,40,9,1,0,0,1,10,1
1,0,45,5,2,5,0,1,12,1
0,0,9,1,1,0,0,1,15,1
1,1,115,21,4,1,0,1,22,2
0,0,16,2,0,1,0,1,5,0
0,1,17,2,2,0,0,1,27,5
0,0,29,3,1,2,0,1,14,1
0,1,14,2,2,3,0,1,13,1
1,1,21,1,4,6,0,1,10,0
0,0,9,1,1,1,0,1,7,1
1,0,62,1,3,4,0,1,6,0
1,1,26,2,1,7,0,1,24,4
0,0,49,3,5,4,0,1,10,1
1,1,22,1,1,0,0,1,8,1
0,1,89,7,12,13,0,1,25,1
0,0,83,8,8,9,0,1,12,0
1,0,48,7,3,8,0,1,12,1
0,1,12,1,2,1,0,1,11,1
1,0,42,2,8,8,0,1,14,1
0,1,26,1,3,1,0,1,7,0
1,0,56,3,6,19,0,1,6,1
0,0,12,1,0,1,0,1,10,1
0,0,38,3,4,2,0,1,45,4
0,0,27,4,3,1,0,1,11,1
0,0,8,1,2,2,0,1,4,0
1,1,12,2,1,0,0,1,21,1
1,1,63,6,4,9,0,1,76,5
0,0,11,2,0,0,0,1,6,0
1,1,14,2,1,0,0,1,27,0
1,0,69,4,6,2,0,1,9,1
0,1,71,5,4,12,0,1,27,3
1,1,12,1,3,0,0,1,7,1
0,0,47,6,9,1,0,1,41,4
1,1,53,5,4,0,0,1,28,2
1,1,18,2,4,0,0,1,17,1
1,0,12,2,1,0,0,1,6,1
1,1,41,2,2,12,0,1,20,1
0,0,12,2,1,0,0,1,16,1
0,1,20,3,1,2,0,1,46,2
1,1,8,1,0,2,0,1,45,0
0,0,41,7,2,4,0,1,14,0
1,0,20,3,1,2,0,1,4,0
1,1,121,13,5,7,0,1,14,1
1,1,21,4,3,0,0,1,9,0
0,1,11,1,0,0,0,1,9,1
1,0,16,2,1,0,0,1,4,1
0,0,9,1,1,0,0,1,9,1
1,0,36,4,2,2,0,1,11,1
0,0,45,7,3,1,0,1,7,0
1,1,105,8,9,8,0,1,18,2
0,0,30,3,1,6,0,1,23,3
0,1,7,1,0,1,0,1,11,1
1,0,26,2,4,6,0,1,24,2
1,0,33,1,5,1,0,1,15,1
0,0,7,1,0,0,0,1,17,4
1,1,40,6,2,0,0,1,8,1
0,1,25,2,2,7,0,1,12,2
0,1,6,1,0,0,0,1,4,1
1,0,13,2,1,0,0,1,8,0
0,0,56,7,6,2,0,1,7,1
0,0,16,2,0,0,0,1,26,2
1,1,10,1,0,1,0,1,40,3
0,1,7,2,1,0,0,1,3,0
1,1,11,1,2,0,0,1,7,0
0,1,13,1,2,0,0,1,10,3
0,0,62,4,12,6,0,1,17,1
1,1,16,3,0,0,0,1,12,1
0,0,66,1,8,0,0,1,18,1
1,0,101,15,11,1,0,1,9,1
0,0,51,6,3,0,0,1,10,1
0,0,4,1,0,0,0,1,9,1
1,0,88,7,9,3,0,1,22,1
0,0,6,1,0,0,0,1,19,3
1,0,38,6,3,2,0,1,9,0
0,0,13,1,3,0,0,1,7,1
0,0,12,1,3,5,0,1,8,1
0,0,58,6,5,3,0,1,12,1
1,1,135,15,8,7,0,1,49,1
0,0,31,3,2,0,0,1,36,0
1,1,12,3,1,2,0,1,10,1
1,1,54,1,4,4,0,1,7,0
1,1,26,3,2,5,0,1,18,1
0,1,6,1,0,2,0,1,23,2
0,0,88,6,1,8,0,1,8,0
1,0,91,9,5,0,0,1,34,2
0,1,24,1,3,1,0,1,11,1
1,1,16,4,0,1,0,1,10,0
0,1,11,2,0,0,0,1,12,1
0,1,29,3,3,2,0,1,13,0
0,0,15,3,0,0,0,1,25,2
0,1,62,6,2,11,0,1,16,2
1,1,33,5,2,0,0,1,9,0
1,1,35,7,2,1,0,1,14,1
0,0,12,1,1,1,0,1,22,1
0,0,25,1,7,0,0,1,13,0
1,1,44,6,3,0,0,1,19,1
0,0,9,1,3,0,0,1,35,2
1,1,71,1,2,1,0,1,7,0
0,0,20,1,3,1,0,1,23,2
0,1,18,2,2,0,0,1,13,1
1,1,77,7,5,1,0,1,7,1
0,0,30,2,1,6,0,1,45,1
1,0,52,8,5,11,0,1,14,0
1,0,46,4,2,1,0,1,7,1
0,1,39,7,0,0,0,1,47,10
0,0,16,1,3,0,0,1,6,1
0,0,18,1,1,4,0,1,6,1
1,1,12,1,3,1,0,1,16,1
0,0,30,3,4,3,0,1,4,0
1,1,76,1,7,19,0,1,6,1
1,0,95,7,9,4,0,1,8,1
1,0,192,17,7,14,0,1,18,2
1,1,70,4,7,0,0,1,22,4
0,0,22,3,1,1,0,1,6,0
1,1,48,6,6,6,0,1,16,0
1,0,78,4,8,0,0,1,16,2
1,1,8,1,1,0,0,1,24,2
0,0,114,9,5,7,0,1,10,1
0,0,28,2,0,1,0,1,12,1
0,1,10,1,3,3,0,1,15,1
1,0,19,3,1,0,0,1,14,0
0,1,48,4,8,13,0,1,53,4
1,0,14,1,2,0,0,1,9,1
1,0,21,2,3,1,0,1,9,0
1,0,15,2,2,3,0,1,5,0
0,1,83,8,15,5,0,1,8,1
0,0,13,3,0,0,0,1,10,1
1,0,95,16,5,0,0,1,30,3
1,1,28,4,2,0,0,1,12,0
0,0,10,1,1,2,0,1,9,1
1,1,42,6,5,1,0,1,9,1
0,1,50,4,4,13,0,1,4,1
1,1,79,6,12,6,0,1,6,0
1,0,152,14,11,19,0,1,15,0
1,0,29,4,1,0,0,1,11,1
1,1,62,5,8,1,0,1,19,1
1,1,70,5,13,10,0,1,11,1
1,1,15,2,1,1,0,1,7,0
0,0,22,3,1,0,0,1,14,1
0,0,27,2,7,2,0,1,14,1
0,0,48,2,6,2,0,1,6,0
1,1,13,1,2,1,0,1,8,0
0,0,6,1,1,1,0,1,6,0
1,1,110,12,5,10,0,1,25,2
0,0,13,1,1,1,0,1,9,1
1,1,49,5,2,3,0,1,16,1
1,1,38,2,4,3,0,1,10,1
0,1,12,1,0,0,0,1,3,1
1,1,20,1,3,0,0,1,12,1
0,0,14,3,0,0,0,1,11,2
1,1,74,11,0,0,0,1,4,0
1,1,8,1,1,2,0,1,10,2
1,1,60,10,1,13,0,1,6,0
0,1,18,3,2,0,0,1,17,1
1,1,20,1,3,2,0,1,23,1
1,0,153,17,9,29,0,1,9,0
1,1,54,4,7,9,0,1,24,1
1,0,5,1,1,0,0,1,6,1
0,0,23,2,3,1,0,1,4,1
0,0,8,2,0,0,0,1,13,1
1,0,50,6,3,5,0,1,9,2
1,1,60,4,7,4,0,1,5,0
0,1,13,1,1,2,0,1,5,1
1,1,29,3,3,1,0,1,13,0
1,0,93,6,8,0,0,1,9,1
1,0,38,2,5,0,0,1,25,0
0,0,11,1,1,0,0,1,8,0
0,0,10,2,0,0,0,1,9,1
0,0,13,1,2,0,0,1,7,1
1,0,17,1,3,1,0,1,10,1
0,0,15,3,0,0,0,1,13,2
0,1,22,3,2,1,0,1,15,1
1,0,22,3,1,0,0,1,4,1
1,0,91,6,10,29,0,1,22,2
1,1,83,5,5,3,0,1,13,1
1,1,19,2,3,2,0,1,3,1
0,1,30,5,3,0,0,1,54,4
0,0,18,1,2,0,0,1,12,1
0,0,24,2,1,1,0,1,10,1
0,0,15,2,2,1,0,1,9,1
1,1,86,11,12,3,0,1,6,0
0,0,89,8,6,17,0,1,19,1
0,0,27,5,1,4,0,1,11,0
1,1,29,5,2,0,0,1,7,1
1,0,19,2,2,5,0,1,10,1
0,1,20,1,5,0,0,1,10,1
1,1,83,1,14,2,0,1,42,1
1,1,20,2,3,0,0,1,10,1
1,1,74,4,8,2,0,1,36,1
0,1,40,5,2,2,0,1,40,3
0,0,7,1,1,0,0,1,8,1
0,0,25,4,0,0,0,1,27,2
1,0,40,3,6,4,0,1,8,1
0,0,32,5,3,2,0,1,21,2
1,1,32,4,2,0,0,1,11,0
0,0,18,2,2,0,0,1,21,2
1,0,27,1,3,0,0,1,28,0
1,1,56,5,3,10,0,1,7,1
1,0,66,2,10,2,0,1,6,1
0,1,38,3,1,19,0,1,5,1
0,1,38,3,6,4,0,1,6,1
0,0,11,1,2,0,0,1,3,1
0,0,24,3,4,1,0,1,7,0
0,1,15,3,2,0,0,1,7,1
0,1,18,2,3,0,0,1,15,1
0,1,18,3,2,1,0,1,10,1
0,0,22,2,2,0,0,1,31,1
0,1,23,2,1,1,0,1,5,1
0,1,76,1,11,0,0,1,50,0
0,1,12,1,4,0,0,1,43,0
0,0,34,4,1,3,0,1,10,0
0,1,9,1,3,1,0,1,43,0
1,0,99,12,6,1,0,1,9,0
1,1,21,2,4,4,0,1,10,1
0,0,50,4,5,0,0,1,8,1
0,0,34,4,0,1,0,1,10,1
1,1,83,13,3,0,0,1,25,1
0,1,11,1,3,2,0,1,19,0
0,0,84,7,5,9,0,1,14,1
1,0,27,3,2,1,0,1,9,1
1,1,24,3,2,2,0,1,11,0
0,0,96,7,14,5,0,1,7,1
0,0,38,5,0,3,0,1,24,2
1,1,5,1,0,0,0,1,4,0
1,1,15,1,3,0,0,1,7,1
0,1,21,1,4,5,0,1,4,1
1,1,13,2,0,0,0,1,8,1
0,1,24,3,2,0,0,1,6,0
1,1,32,4,2,2,0,1,11,0
0,0,48,4,5,13,0,1,5,0
1,1,57,10,5,2,0,1,12,1
0,1,9,1,0,0,0,1,14,1
1,0,67,4,17,0,0,1,11,1
1,0,28,3,0,2,0,1,6,1
0,0,66,9,4,4,0,1,23,1
1,0,20,2,4,0,0,1,7,1
1,1,8,1,2,0,0,1,31,2
1,0,123,6,4,15,0,1,7,0
1,1,76,8,4,8,0,1,48,11
1,0,106,6,4,16,0,1,57,3
0,0,36,5,4,0,0,1,30,1
1,0,44,7,3,3,0,1,8,1
0,0,11,3,0,0,0,1,6,0
0,0,16,2,2,2,0,1,15,0
0,1,69,2,15,9,0,1,28,1
1,1,11,2,1,0,0,1,22,1
0,0,24,2,3,3,0,1,6,0
1,1,15,1,4,1,0,1,14,1
0,0,13,1,5,4,0,1,8,0
1,0,83,8,3,3,0,1,21,1
0,0,40,3,1,12,0,1,15,0
0,1,24,2,2,7,0,1,26,1
0,0,7,1,0,0,0,1,11,1
0,0,14,2,1,4,0,1,23,0
0,0,16,2,2,2,0,1,7,0
1,1,49,5,11,7,0,1,9,1
1,0,24,3,1,0,0,1,7,1
0,1,20,4,1,6,0,1,17,1
1,0,88,15,6,5,0,1,6,0
1,1,61,4,7,5,0,1,9,1
0,1,60,7,7,4,0,1,5,1
1,1,13,1,1,0,0,1,9,0
0,0,58,3,6,0,0,1,9,1
1,1,28,4,2,4,0,1,39,4
0,0,14,2,1,0,0,1,11,1
0,0,7,1,1,0,0,1,15,1
0,1,17,2,2,2,0,1,10,1
1,1,21,2,1,3,0,1,8,1
1,1,103,7,10,13,0,1,10,1
0,0,31,3,4,4,0,1,12,1
1,1,15,2,1,2,0,1,8,0
0,1,43,4,6,0,0,1,12,0
1,1,47,8,1,0,0,1,7,0
1,0,11,2,1,1,0,1,6,1
0,0,20,2,4,0,0,1,3,0
0,1,19,2,2,0,0,1,12,1
1,1,50,5,6,3,0,1,48,3
1,1,123,1,16,0,0,1,35,1
0,1,11,2,0,0,0,1,11,1
0,0,8,2,0,0,0,1,4,0
1,1,12,1,2,1,0,1,7,1
1,0,63,5,4,9,0,1,10,1
0,1,42,5,4,0,0,1,15,1
1,1,8,1,1,1,0,1,8,1
0,0,13,1,1,5,0,1,12,1
0,1,38,4,1,1,0,1,14,1
1,1,28,4,1,2,0,1,12,1
1,1,11,2,0,0,0,1,5,1
0,1,43,4,1,2,0,1,44,3
0,0,20,1,2,0,0,1,10,0
0,0,35,4,2,4,0,1,13,1
0,1,69,1,10,12,0,1,6,1
0,1,15,2,3,0,0,1,23,2
0,0,68,7,5,1,0,1,36,0
0,0,16,1,1,4,0,1,3,0
1,0,23,3,2,2,0,1,5,1
0,0,39,5,5,5,0,1,41,0
0,1,11,2,1,0,0,1,17,0
1,1,7,1,0,3,0,1,4,1
1,0,36,4,0,5,0,1,17,1
0,0,35,4,3,2,0,1,11,1
1,1,144,15,9,19,0,1,12,1
0,1,34,3,3,0,0,1,6,0
0,0,33,4,3,0,0,1,10,1
0,1,38,4,3,1,0,1,16,1
1,1,12,2,1,0,0,1,11,1
1,0,70,12,3,5,0,1,27,1
1,0,19,2,3,5,0,1,16,1
0,0,31,3,2,1,0,1,5,0
0,0,6,2,0,0,0,1,5,1
1,1,14,3,1,0,0,1,7,1
0,0,58,4,10,5,0,1,30,0
0,0,84,5,17,13,0,1,9,1
0,0,35,3,4,0,0,1,19,1
1,1,63,5,7,16,0,1,79,11
1,1,18,2,0,4,0,1,7,1
1,1,19,3,3,2,0,1,13,0
0,1,10,1,2,0,0,1,11,0
0,1,38,6,4,1,0,1,24,2
0,0,26,2,6,3,0,1,9,1
1,1,69,7,7,0,0,1,9,0
0,0,17,2,1,4,0,1,14,1
1,1,64,6,3,6,0,1,32,2
0,0,42,2,4,11,0,1,13,1
0,0,11,2,1,0,0,1,9,1
0,1,26,4,0,3,0,1,27,1
1,0,40,4,5,1,0,1,9,1
0,0,10,1,2,1,0,1,19,1
0,0,14,1,1,5,0,1,8,1
0,1,10,1,4,0,0,1,5,0
1,1,72,9,6,6,0,1,11,1
0,1,9,1,1,0,0,1,36,2
1,1,14,2,0,0,0,1,17,1
1,1,83,6,1,3,0,1,9,1
0,1,16,1,1,0,0,1,9,0
1,0,68,7,7,5,0,1,60,3
1,1,112,1,2,2,0,1,6,0
1,1,9,1,2,0,0,1,12,1
1,1,32,2,1,1,0,1,15,1
0,1,21,1,5,1,0,1,8,1
0,1,32,3,2,3,0,1,9,1
1,1,22,4,0,1,0,1,20,1
1,0,18,2,2,0,0,1,33,2
1,0,79,1,16,17,0,1,10,1
1,0,69,4,8,10,0,1,11,1
1,1,117,13,4,30,0,1,64,2
0,0,19,2,0,0,0,1,5,0
1,1,5,1,1,1,0,1,9,0
0,0,13,2,1,0,0,1,15,1
1,1,20,2,1,1,0,1,9,1
1,1,38,4,2,2,0,1,9,1
0,1,47,6,2,0,0,1,12,1
0,1,39,6,2,3,0,1,18,0
0,1,73,7,5,4,0,1,7,1
0,1,40,6,2,6,0,1,13,1
1,0,29,2,5,0,0,1,13,1
1,1,45,7,0,9,0,1,12,1
0,0,21,4,1,0,0,1,15,1
1,0,56,5,1,2,0,1,17,2
1,0,62,4,6,0,0,1,28,2
0,1,101,2,11,6,0,1,6,0
0,0,23,3,2,1,0,1,15,0
0,1,36,2,7,0,0,1,5,1
0,0,41,3,6,3,0,1,8,1
1,0,139,19,8,6,0,1,20,1
0,0,35,2,7,2,0,1,9,1
0,0,10,1,1,0,0,1,7,1
1,1,26,2,9,3,0,1,14,0
0,1,56,4,9,5,0,1,12,1
0,0,12,3,1,0,0,1,8,1
0,1,12,2,1,0,0,1,9,1
0,0,77,10,0,4,0,1,8,2
1,1,14,2,1,1,0,1,14,1
0,0,7,1,2,0,0,1,4,0
0,0,23,1,2,0,0,1,16,1
1,0,117,9,13,3,0,1,8,1
0,1,27,5,3,0,0,1,62,4
1,1,19,4,1,0,0,1,9,1
1,0,102,10,9,24,0,1,16,2
1,0,124,14,10,11,0,1,5,1
1,1,24,3,0,2,0,1,11,1
1,1,29,3,2,1,0,1,37,2
1,0,105,9,8,15,0,1,10,0
0,0,11,2,3,0,0,1,8,0
0,0,36,3,6,0,0,1,43,2
1,0,81,10,4,1,0,1,14,1
0,1,37,2,7,10,0,1,10,0
0,1,24,4,2,0,0,1,15,2
1,1,28,6,1,0,0,1,7,1
0,1,44,5,7,0,0,1,15,1
0,1,55,6,4,7,0,1,6,1
1,0,15,2,1,2,0,1,4,1
0,1,55,5,4,1,0,1,43,2
1,1,76,7,13,15,0,1,13,1
0,0,37,3,3,0,0,1,8,1
0,0,37,2,2,1,0,1,5,0
1,0,136,4,13,2,0,1,9,0
0,0,16,2,4,2,0,1,25,2
0,0,78,6,10,7,0,1,18,0
0,1,27,3,6,2,0,1,3,0
1,1,12,1,2,0,0,1,10,0
0,0,41,4,5,0,0,1,11,1
1,0,81,7,6,0,0,1,4,0
0,1,23,1,8,1,0,1,6,1
0,0,13,1,2,0,0,1,4,1
0,0,21,3,0,0,0,1,28,2
1,0,18,1,1,0,0,1,10,0
0,1,49,5,3,3,0,1,53,2
0,0,13,2,1,2,0,1,8,1
0,1,22,1,8,1,0,1,6,0
0,0,45,4,2,4,0,1,23,1
0,1,22,1,2,2,0,1,37,3
0,0,13,2,3,1,0,1,7,0
0,1,39,5,2,2,0,1,5,1
0,0,16,2,1,3,0,1,15,1
0,1,14,3,0,0,0,1,26,1
1,0,38,4,2,1,0,1,9,1
1,1,10,1,3,1,0,1,6,1
0,0,13,2,0,1,0,1,5,1
0,1,47,6,3,15,0,1,9,1
0,0,16,3,0,6,0,1,5,1
0,0,29,4,3,0,0,1,14,1
0,1,25,2,2,1,0,1,41,5
1,1,10,2,0,0,0,1,8,1
0,1,33,6,2,0,0,1,32,2
1,1,12,1,3,0,0,1,11,0
1,1,101,7,17,2,0,1,65,7
1,1,26,2,3,3,0,1,6,1
1,1,32,3,4,0,0,1,6,1
1,1,122,10,12,6,0,1,8,0
0,1,12,2,1,0,0,1,31,3
1,0,45,3,4,6,0,1,6,0
1,1,32,1,7,5,0,1,17,1
0,1,28,1,3,4,0,1,11,0
0,1,11,1,2,0,0,1,16,1
0,0,13,3,0,0,0,1,7,0
0,1,87,7,7,7,0,1,6,1
0,0,64,5,5,5,0,1,37,1
1,0,173,9,13,12,0,1,14,0
0,0,45,5,1,0,0,1,11,0
0,0,45,2,10,0,0,1,28,2
0,1,70,9,4,5,0,1,6,0
1,0,58,3,10,6,0,1,5,0
0,0,32,2,3,10,0,1,4,0
0,1,49,4,9,1,0,1,11,1
0,0,36,7,0,0,0,1,12,1
1,1,25,3,4,0,0,1,9,1
0,1,30,3,2,2,0,1,8,1
0,0,26,2,1,2,0,1,2,0
1,0,53,5,5,13,0,1,8,0
0,1,18,1,3,0,0,1,31,2
1,1,38,5,3,14,0,1,10,0
0,0,28,3,2,3,0,1,4,0
1,1,32,6,0,0,0,1,8,0
0,0,16,3,3,1,0,1,3,0
0,0,19,4,2,0,0,1,13,1
1,1,51,7,4,1,0,1,19,0
1,0,17,2,4,0,0,1,20,2
1,1,38,4,5,3,0,1,12,1
1,1,40,7,0,6,0,1,25,1
0,0,88,1,13,0,0,1,10,1
1,1,10,1,2,0,0,1,8,0
0,0,24,1,2,0,0,1,7,0
1,1,45,7,3,0,0,1,25,0
0,0,12,1,5,0,0,1,3,0
1,1,129,23,8,2,0,1,11,0
1,1,12,1,3,1,0,1,8,1
0,0,77,5,5,0,0,1,6,1
0,1,12,2,2,0,0,1,9,1
1,1,23,2,3,1,0,1,24,2
0,0,27,3,4,7,0,1,13,0
1,0,46,10,6,2,0,1,6,0
1,1,21,1,2,2,0,1,6,0
1,0,102,6,7,7,0,1,26,1
0,0,15,3,1,0,0,1,15,2
1,0,52,9,3,1,0,1,15,0
1,1,9,2,1,1,0,1,15,1
0,1,38,3,6,0,0,1,4,1
0,0,17,2,2,0,0,1,14,4
0,1,10,1,1,0,0,1,11,1
1,1,35,3,2,2,0,1,8,0
1,1,31,5,3,2,0,1,9,0
1,1,9,1,2,0,0,1,17,2
0,1,50,8,1,0,0,1,6,0
0,0,70,5,7,6,0,1,12,1
1,1,15,2,1,3,0,1,44,0
0,1,12,1,3,0,0,1,9,1
0,1,18,1,2,2,0,1,5,1
0,1,16,3,1,0,0,1,15,0
0,0,16,2,1,1,0,1,7,1
1,1,25,2,2,5,0,1,11,0
0,1,68,6,6,2,0,1,8,1
0,0,71,7,6,11,0,1,8,0
0,1,13,1,2,0,0,1,15,1
0,0,35,3,7,0,0,1,39,3
1,0,46,5,0,4,0,1,10,1
0,0,32,3,1,2,0,1,6,1
0,0,11,2,1,0,0,1,3,0
0,1,28,4,3,0,0,1,15,1
0,1,24,2,3,5,0,1,8,0
1,0,14,1,2,1,0,1,8,0
0,0,16,3,1,0,0,1,9,1
0,0,12,1,2,0,0,1,13,1
1,0,29,1,2,0,0,1,8,0
0,1,15,2,0,1,0,1,4,1
0,0,71,7,11,0,0,1,10,1
1,1,24,6,0,0,0,1,10,0
0,0,17,4,0,1,0,1,9,0
1,1,12,1,2,0,0,1,7,1
1,1,39,2,2,1,0,1,19,0
0,1,95,1,4,6,0,1,7,0
1,0,27,4,3,0,0,1,28,2
1,1,23,3,3,0,0,1,9,1
0,1,11,2,1,0,0,1,15,1
1,1,39,6,1,1,0,1,14,0
1,0,11,3,2,0,0,1,9,1
1,0,36,2,5,7,0,1,16,0
0,0,8,1,1,0,0,1,18,2
1,1,90,11,12,22,0,1,12,1
0,0,29,3,2,0,0,1,18,1
1,1,123,17,9,5,0,1,11,1
1,0,54,3,3,3,0,1,21,3
0,1,18,3,1,0,0,1,21,2
0,0,31,3,4,2,0,1,4,1
0,0,44,3,7,10,0,1,2,0
0,0,22,4,0,0,0,1,10,1
1,1,67,6,6,6,0,1,7,0
0,0,20,1,3,0,0,1,10,1
0,0,22,1,3,2,0,1,10,1
1,1,84,10,5,18,0,1,11,1
0,0,8,1,1,1,0,1,16,1
1,1,102,5,4,16,0,1,17,5
1,0,11,2,0,1,0,1,10,1
1,1,17,3,3,0,0,1,8,0
1,0,38,2,6,6,0,1,10,0
0,1,9,1,1,0,0,1,8,1
0,0,34,5,4,2,0,1,10,0
0,0,13,1,2,1,0,1,8,0
0,1,13,2,1,1,0,1,14,1
0,0,25,1,4,0,0,1,14,1
0,0,17,1,2,3,0,1,6,1
0,1,52,6,7,5,0,1,4,1
1,0,16,1,2,2,0,1,4,1
0,1,52,4,8,5,0,1,79,6
1,0,140,9,5,8,0,1,8,1
0,0,43,7,5,8,0,1,62,0
1,1,30,2,2,0,0,1,16,1
1,0,19,2,2,1,0,1,4,0
1,1,82,8,7,4,0,1,33,3
1,1,21,4,1,2,0,1,4,0
1,0,47,8,4,1,0,1,9,0
0,1,9,2,0,0,0,1,7,0
1,1,8,1,1,0,0,1,10,1
1,0,12,2,2,0,0,1,7,1
0,1,16,2,1,1,0,1,8,1
0,1,7,1,2,0,0,1,12,1
0,1,21,2,1,2,0,1,2,0
1,0,71,8,1,15,0,1,4,0
0,0,19,3,1,1,0,1,31,1
0,0,14,1,3,1,0,1,11,1
1,1,24,3,3,4,0,1,21,1
1,0,103,12,9,5,0,1,17,1
1,0,81,4,4,3,0,1,11,1
0,0,22,1,2,0,0,1,39,0
0,0,11,1,2,0,0,1,7,1
0,0,73,7,3,6,0,1,10,0
0,1,20,1,5,2,0,1,12,1
0,1,95,9,10,2,0,1,11,1
0,1,31,5,1,3,0,1,8,1
0,0,11,2,0,0,0,1,14,1
0,1,19,3,1,1,0,1,33,3
1,0,9,1,2,0,0,1,11,1
0,1,13,1,0,0,0,1,53,3
0,0,60,4,7,16,0,1,53,4
1,1,45,2,5,1,0,1,5,1
1,1,17,1,5,0,0,1,10,1
0,1,38,3,10,3,0,1,15,1
1,0,60,6,2,5,0,1,8,1
1,0,141,10,4,31,0,1,15,0
0,1,49,5,6,7,0,1,4,1
1,1,102,17,7,21,0,1,8,1
1,1,103,6,8,4,0,1,10,1
0,0,67,1,13,0,0,1,68,1
0,1,37,6,3,0,0,1,9,0
1,0,32,5,3,0,0,1,15,1
1,0,55,5,5,2,0,1,14,1
1,0,48,3,5,0,0,1,6,1
1,0,14,1,5,1,0,1,14,2
1,0,17,3,1,0,0,1,4,1
1,1,50,4,1,7,0,1,6,0
0,0,15,2,1,0,0,1,21,0
0,1,16,2,1,4,0,1,9,0
0,1,13,2,1,0,0,1,19,1
1,1,55,3,2,15,0,1,3,0
1,0,57,5,4,4,0,1,15,0
0,0,23,3,2,1,0,1,11,1
0,0,28,5,1,2,0,1,6,0
0,1,42,2,7,5,0,1,6,1
0,1,11,1,3,0,0,1,7,0
1,1,81,7,5,8,0,1,5,1
0,1,19,3,2,0,0,1,13,0
0,1,49,2,2,2,0,1,7,1
0,1,8,1,1,0,0,1,13,1
0,1,23,2,2,1,0,1,10,1
0,0,17,1,2,0,0,1,12,1
1,1,12,3,1,0,0,1,12,1
1,0,91,10,9,3,0,1,7,1
1,1,43,4,3,3,0,1,34,0
1,1,22,3,2,4,0,1,8,1
1,1,31,2,4,0,0,1,41,1
1,1,25,2,3,1,0,1,17,1
0,1,18,1,4,0,0,1,14,3
0,0,11,2,0,0,0,1,16,2
1,1,7,1,2,0,0,1,11,1
0,0,36,2,7,5,0,1,5,0
1,1,38,7,1,1,0,1,25,2
1,1,130,6,6,14,0,1,13,1
1,0,30,5,3,0,0,1,10,1
0,1,9,2,0,1,0,1,8,1
0,1,28,1,2,0,0,1,7,1
0,1,13,1,1,0,0,1,11,1
0,1,22,2,4,4,0,1,18,1
1,1,55,5,5,0,0,1,8,1
0,0,25,2,2,6,0,1,21,1
0,1,8,1,2,0,0,1,10,1
0,1,40,3,4,3,0,1,13,1
1,1,87,9,7,4,0,1,11,0
0,0,51,6,9,2,0,1,8,0
0,1,9,2,0,0,0,1,4,0
1,1,51,5,5,7,0,1,7,1
1,0,116,7,14,4,0,1,39,1
0,0,16,1,2,2,0,1,4,1
1,0,82,11,1,10,0,1,3,0
1,0,136,14,8,6,0,1,46,5
1,1,11,2,1,0,0,1,18,1
0,0,15,3,0,0,0,1,19,1
0,1,82,8,3,0,0,1,11,0
0,0,21,2,2,0,0,1,12,1
0,0,5,1,0,0,0,1,9,1
1,1,54,8,2,2,0,1,15,0
1,1,85,10,6,5,0,1,8,0
0,0,18,1,0,1,0,1,9,0
1,1,37,4,2,2,0,1,8,1
1,0,40,1,11,2,0,1,5,0
0,0,17,1,2,2,0,1,12,1
0,1,53,4,2,1,0,1,16,1
1,0,124,15,8,6,0,1,8,1
0,1,16,1,0,0,0,1,2,0
0,1,8,1,1,1,0,1,9,1
1,0,102,9,5,30,0,1,14,1
0,0,71,5,7,10,0,1,6,1
1,1,91,5,12,8,0,1,19,1
0,0,12,1,2,0,0,1,14,0
1,0,18,1,2,1,0,1,7,1
0,1,96,6,6,12,0,1,10,1
0,0,26,2,0,6,0,1,6,0
1,0,30,2,2,2,0,1,8,3
1,1,27,2,1,5,0,1,25,3
1,1,31,5,2,5,0,1,13,1
1,1,131,1,9,4,0,1,8,0
1,1,8,1,2,0,0,1,17,1
0,1,7,2,0,0,0,1,7,1
1,1,29,4,3,0,0,1,43,1
0,1,16,1,6,0,0,1,14,1
1,0,68,6,3,5,0,1,27,2
0,0,37,2,8,3,0,1,15,2
0,0,18,2,0,1,0,1,23,1
0,1,28,1,8,4,0,1,19,0
1,1,30,5,1,0,0,1,5,0
0,0,48,2,2,14,0,1,7,0
1,1,55,8,4,3,0,1,13,0
1,1,29,3,4,2,0,1,12,0
1,1,19,2,3,1,0,1,10,0
1,0,36,3,5,2,0,1,9,0
0,0,28,3,5,0,0,1,35,4
0,1,14,1,4,0,0,1,9,1
0,1,126,12,14,7,0,1,5,0
0,0,19,1,7,4,0,1,4,0
0,0,39,4,4,2,0,1,15,0
1,1,11,2,0,0,0,1,11,0
1,0,29,1,6,6,0,1,3,0
0,1,19,2,1,2,0,1,43,3
1,1,33,4,4,4,0,1,6,1
0,1,25,3,2,1,0,1,18,1
1,1,37,3,6,1,0,1,9,1
0,1,8,2,1,1,0,1,13,2
1,1,59,3,2,3,0,1,14,0
0,1,7,1,1,1,0,1,26,1
1,0,77,4,8,12,0,1,8,0
0,0,56,8,4,2,0,1,11,0
1,1,80,4,8,6,0,1,6,0
1,0,28,4,2,8,0,1,7,1
1,1,12,1,1,1,0,1,27,1
0,1,8,1,1,0,0,1,50,2
0,0,68,7,8,12,0,1,6,1
0,0,31,3,1,4,0,1,9,1
0,0,37,4,0,2,0,1,9,1
0,0,28,5,2,0,0,1,31,0
1,1,12,3,1,0,0,1,8,1
1,0,40,1,2,0,0,1,7,0
1,1,7,1,0,0,0,1,20,3
1,1,19,3,2,0,0,1,12,0
1,1,9,1,0,0,0,1,4,1
0,0,20,4,1,3,0,1,6,1
1,1,11,1,1,0,0,1,18,2
0,1,16,2,2,1,0,1,6,1
1,1,32,7,1,1,0,1,11,1
0,1,73,1,9,16,0,1,8,0
0,1,29,2,1,0,0,1,13,0
1,0,50,5,5,0,0,1,14,0
1,1,94,5,3,21,0,1,4,1
1,1,139,14,16,4,0,1,49,3
1,1,100,9,3,5,0,1,9,0
1,1,12,1,3,0,0,1,7,1
0,1,42,6,4,0,0,1,13,1
1,0,93,11,10,7,0,1,16,1
1,1,48,3,4,2,0,1,7,0
1,0,34,6,2,2,0,1,11,1
1,0,102,13,8,8,0,1,52,5
1,1,13,1,2,0,0,1,3,0
0,1,20,4,1,0,0,1,7,1
1,1,8,1,0,0,0,1,11,1
1,0,20,3,2,2,0,1,26,1
1,0,60,8,5,6,0,1,12,1
0,0,57,10,6,13,0,1,10,0
0,0,12,1,1,0,0,1,14,3
0,1,66,13,4,2,0,1,23,6
1,1,16,3,2,5,0,1,8,1
1,0,12,1,3,1,0,1,12,1
1,1,16,2,0,1,0,1,18,3
1,1,12,2,1,0,0,1,6,1
1,0,34,3,2,7,0,1,8,1
0,0,37,2,5,0,0,1,2,0
1,1,27,1,6,4,0,1,19,3
1,0,36,4,5,1,0,1,12,1
0,0,8,1,2,0,0,1,7,0
1,1,8,1,0,0,0,1,19,2
0,1,7,1,0,0,0,1,5,1
1,0,70,6,11,0,0,1,5,1
1,0,42,7,1,2,0,1,14,2
1,0,50,5,4,5,0,1,8,0
1,1,10,1,1,0,0,1,8,0
0,0,10,1,2,2,0,1,5,0
0,1,20,1,6,0,0,1,5,1
0,0,38,3,3,0,0,1,5,0
0,1,25,4,3,3,0,1,6,1
1,0,8,1,2,0,0,1,14,1
1,1,13,2,0,0,0,1,41,0
0,0,25,1,1,8,0,1,11,0
0,0,15,2,1,3,0,1,8,1
1,0,89,15,4,9,0,1,3,0
0,1,69,5,7,13,0,1,14,0
1,1,73,4,7,9,0,1,10,0
0,0,11,2,0,0,0,1,26,3
0,0,20,1,1,1,0,1,5,1
0,0,7,1,0,0,0,1,10,1
0,0,11,1,1,2,0,1,6,1
0,1,10,1,2,0,0,1,27,2
0,0,74,2,19,14,0,1,8,2
1,1,7,1,2,0,0,1,3,0
0,0,23,5,1,2,0,1,23,2
1,1,14,3,1,1,0,1,10,1
1,0,25,3,3,0,0,1,5,0
1,1,63,7,4,1,0,1,37,2
0,1,12,1,1,1,0,1,8,0
0,0,20,2,2,1,0,1,5,1
1,0,6,1,2,1,0,1,4,1
0,0,21,1,4,0,0,1,7,0
1,0,15,1,3,1,0,1,9,1
1,1,70,8,6,5,0,1,6,1
0,1,13,2,1,0,0,1,3,1
1,1,19,2,2,1,0,1,17,1
0,1,14,1,2,0,0,1,9,1
1,1,10,2,0,0,0,1,16,1
1,1,41,3,1,4,0,1,7,0
1,0,33,3,6,3,0,1,28,2
0,1,12,2,1,0,0,1,27,2
1,0,11,1,2,5,0,1,15,1
0,1,15,3,0,0,0,1,13,0
0,1,21,4,1,0,0,1,12,1
1,1,26,1,6,5,0,1,7,1
0,0,39,6,1,5,0,1,5,0
0,0,27,2,3,1,0,1,17,1
0,0,15,2,2,2,0,1,4,1
1,0,14,2,0,0,0,1,3,0
1,1,20,3,0,1,0,1,4,1
0,1,28,3,1,0,0,1,3,0
1,1,18,3,1,2,0,1,8,1
1,0,135,10,12,8,0,1,11,1
1,0,96,9,6,8,0,1,27,0
1,1,11,2,1,0,0,1,10,2
0,0,67,2,10,6,0,1,7,0
0,1,18,2,1,0,0,1,14,0
0,0,31,2,5,4,0,1,13,1
0,1,15,1,2,0,0,1,60,2
1,0,13,3,4,1,0,1,7,0
0,0,19,2,1,2,0,1,18,1
0,1,14,3,1,2,0,1,11,1
1,0,37,3,2,7,0,1,10,1
0,0,24,4,1,1,0,1,11,1
1,1,91,11,7,11,0,1,9,1
0,0,18,5,0,0,0,1,9,1
1,1,12,1,1,0,0,1,9,1
0,1,26,1,2,4,0,1,8,1
0,0,12,1,3,3,0,1,3,0
0,0,25,4,1,0,0,1,7,1
0,0,39,12,0,18,0,1,18,2
1,1,23,1,1,1,0,1,12,1
0,0,24,1,4,6,0,1,25,2
0,0,43,1,3,4,0,1,5,1
1,0,20,2,3,0,0,1,10,1
1,1,45,9,3,2,0,1,11,1
0,0,21,3,2,1,0,1,4,1
0,0,10,2,1,0,0,1,23,1
0,0,16,1,4,3,0,1,4,1
0,0,39,3,3,3,0,1,11,1
0,1,27,1,1,8,0,1,20,0
0,1,25,1,8,0,0,1,15,1
1,1,59,2,16,3,0,1,5,0
1,0,23,3,5,1,0,1,6,1
0,1,18,2,2,3,0,1,12,1
0,0,55,1,6,0,0,1,7,0
0,1,84,8,6,12,0,1,18,0
0,0,16,3,0,0,0,1,20,0
1,0,21,5,0,1,0,1,31,2
1,0,59,7,3,3,0,1,14,1
1,1,19,3,2,0,0,1,11,1
0,0,26,1,3,4,0,1,3,0
1,0,60,4,9,5,0,1,10,1
0,1,8,1,1,0,0,1,11,1
1,0,73,5,10,8,0,1,8,1
0,1,25,4,2,0,0,1,46,0
1,0,21,2,4,0,0,1,8,0
1,1,19,2,3,1,0,1,8,0
0,0,17,1,2,0,0,1,9,0
1,1,7,2,1,0,0,1,5,1
1,0,9,1,2,0,0,1,8,1
1,1,11,2,0,2,0,1,26,2
0,0,42,7,2,1,0,1,8,1
1,1,87,7,5,7,0,1,5,1
0,1,64,4,7,7,0,1,43,2
0,0,55,4,4,17,0,1,7,0
1,1,18,1,0,1,0,1,5,0
0,0,44,2,2,3,0,1,4,0
1,1,84,8,9,7,0,1,19,1
1,1,52,3,9,3,0,1,9,1
1,0,21,1,3,4,0,1,4,0
0,0,14,2,1,1,0,1,17,1
1,1,114,12,15,6,0,1,13,1
1,0,17,2,1,0,0,1,6,1
1,1,14,3,0,0,0,1,4,0
0,0,19,2,2,0,0,1,19,2
1,1,20,1,6,1,0,1,7,1
1,1,12,1,1,1,0,1,51,0
1,0,118,10,3,2,0,1,15,1
1,1,11,1,3,0,0,1,17,2
0,1,30,5,1,1,0,1,8,0
1,1,148,7,18,23,0,1,18,1
1,0,43,7,4,2,0,1,7,0
0,1,25,1,5,1,0,1,8,0
0,1,18,1,2,0,0,1,12,1
0,1,22,3,1,0,0,1,9,2
0,0,16,3,2,0,0,1,11,1
0,1,9,1,1,0,0,1,7,1
0,1,9,1,2,0,0,1,5,0
0,0,58,5,6,1,0,1,28,2
1,0,18,1,1,1,0,1,1,1
1,1,75,5,4,13,0,1,74,6
0,0,17,2,2,2,0,1,9,0
0,1,77,4,8,2,0,1,11,1
1,0,55,3,2,4,0,1,7,1
1,1,16,3,1,2,0,1,10,0
0,0,30,1,9,1,0,1,10,1
1,1,11,2,0,0,0,1,10,1
1,1,23,4,2,5,0,1,15,1
1,0,18,3,2,0,0,1,19,1
1,1,21,4,1,2,0,1,12,1
1,0,29,4,2,3,0,1,32,2
0,0,28,5,1,3,0,1,13,1
0,1,61,5,2,10,0,1,11,0
1,1,9,1,1,1,0,1,13,1
1,0,9,1,0,1,0,1,25,1
1,1,69,6,5,1,0,1,20,3
0,0,10,2,1,0,0,1,14,2
0,0,57,4,7,5,0,1,4,1
1,0,56,8,3,5,0,1,9,1
0,1,14,1,2,3,0,1,35,2
1,0,109,11,10,13,0,1,38,3
1,0,28,1,9,4,0,1,6,1
0,0,18,1,1,1,0,1,10,1
0,1,10,3,1,0,0,1,5,1
0,0,11,1,2,0,0,1,9,1
1,1,34,3,6,1,0,1,8,1
1,1,11,2,1,1,0,1,19,1
0,0,9,2,0,0,0,1,10,1
0,0,9,1,0,0,0,1,8,1
1,1,31,5,2,2,0,1,12,1
1,1,42,4,2,4,0,1,8,1
0,0,9,1,0,2,0,1,11,0
0,0,18,1,3,0,0,1,4,0
1,1,6,1,0,0,0,1,5,0
1,1,92,11,2,12,0,1,18,0
1,1,27,5,2,1,0,1,7,0
0,0,8,1,1,2,0,1,5,1
1,1,29,4,2,7,0,1,9,0
1,1,38,3,4,4,0,1,33,0
1,0,25,2,5,2,0,1,26,0
0,0,41,3,3,0,0,1,46,2
0,1,33,4,3,1,0,1,12,0
1,1,34,3,5,1,0,1,8,0
1,1,41,2,7,2,0,1,9,1
0,0,25,4,2,0,0,1,6,1
0,1,48,8,4,3,0,1,42,2
1,1,74,6,10,11,0,1,9,1
1,1,7,1,2,0,0,1,18,1
0,0,68,5,1,12,0,1,9,1
0,0,12,1,1,1,0,1,42,3
0,1,27,2,4,6,0,1,55,4
1,1,37,4,2,0,0,1,4,1
0,1,28,2,2,0,0,1,35,0
0,1,35,1,10,0,0,1,10,2
1,0,26,1,1,1,0,1,8,0
0,1,21,1,1,3,0,1,14,1
0,1,9,1,2,0,0,1,6,0
0,0,8,1,1,0,0,1,13,1
1,1,49,7,4,0,0,1,13,1
1,0,54,1,14,14,0,1,10,1
0,0,27,4,1,1,0,1,7,1
0,0,23,3,0,1,0,1,6,0
1,1,35,4,4,1,0,1,11,1
0,0,42,2,1,10,0,1,5,1
0,1,17,2,2,0,0,1,29,2
0,1,14,2,1,1,0,1,14,1
1,1,9,1,1,0,0,1,6,0
0,0,75,5,8,11,0,1,41,1
1,1,15,1,0,0,0,1,17,0
1,0,26,2,5,1,0,1,10,1
1,0,25,4,2,0,0,1,21,2
0,1,11,1,1,0,0,1,8,1
1,1,8,1,1,1,0,1,7,0
0,1,11,1,2,2,0,1,9,1
0,1,7,1,1,0,0,1,7,1
1,0,151,16,10,3,0,1,16,1
1,1,120,12,17,0,0,1,11,1
1,1,62,4,5,11,0,1,6,1
0,1,18,2,1,1,0,1,15,2
0,1,17,3,4,0,0,1,8,1
1,1,34,5,0,1,0,1,5,1
1,0,120,6,4,15,0,1,11,1
0,0,107,7,5,14,0,1,8,1
0,1,15,2,2,0,0,1,8,1
0,1,63,6,3,2,0,1,9,0
0,0,39,4,0,3,0,1,9,1
0,1,10,1,1,2,0,1,7,0
0,0,24,2,1,0,0,1,11,1
1,1,47,4,10,5,0,1,8,1
1,1,77,7,8,1,0,1,10,1
0,0,20,3,2,2,0,1,65,4
0,1,18,2,4,2,0,1,9,1
1,1,95,9,7,15,0,1,11,1
0,0,46,3,6,4,0,1,67,1
1,0,153,14,5,7,0,1,7,0
0,0,32,5,4,3,0,1,17,2
0,1,28,3,8,5,0,1,13,1
0,0,10,2,0,0,0,1,5,1
0,0,29,2,2,0,0,1,8,1
0,0,11,1,0,0,0,1,9,1
1,0,129,15,3,7,0,1,47,4
1,1,12,1,3,3,0,1,14,1
0,0,35,3,7,1,0,1,9,1
0,1,30,3,3,3,0,1,22,2
1,1,72,6,4,2,0,1,7,0
0,1,40,5,4,6,0,1,12,1
0,0,43,6,4,1,0,1,8,1
1,0,39,3,5,6,0,1,6,1
0,0,85,7,4,6,0,1,5,0
0,0,18,2,3,0,0,1,9,1
1,1,39,3,4,0,0,1,8,1
0,0,32,5,4,0,0,1,10,0
0,1,15,2,1,1,0,1,12,0
1,0,116,16,6,7,0,1,9,1
0,0,26,3,2,2,0,1,9,1
0,0,88,13,10,14,0,1,24,0
0,1,15,1,3,2,0,1,15,1
0,0,144,9,9,2,0,1,70,5
0,1,15,1,0,0,0,1,64,0
1,1,22,3,2,0,0,1,7,1
1,1,23,3,3,1,0,1,8,1
0,1,9,1,1,3,0,1,6,1
1,1,52,2,5,12,0,1,10,1
0,1,15,1,2,0,0,1,8,1
0,0,37,5,3,4,0,1,11,1
0,0,35,3,1,0,0,1,14,2
0,0,17,3,2,0,0,1,74,3
1,0,15,1,2,1,0,1,14,1
1,0,54,6,3,1,0,1,4,0
0,0,33,4,3,1,0,1,14,0
0,1,33,3,0,12,0,1,8,1
1,1,21,1,2,1,0,1,21,2
0,0,31,2,1,1,0,1,36,2
1,0,17,2,0,2,0,1,18,1
1,1,28,2,1,1,0,1,14,0
0,1,17,2,2,1,0,1,10,1
1,0,122,6,7,16,0,1,17,1
1,0,20,2,4,0,0,1,7,1
0,1,13,4,1,1,0,1,8,2
1,0,51,2,7,9,0,1,7,1
1,1,9,1,2,0,0,1,5,0
0,0,48,10,3,0,0,1,35,3
0,0,30,2,2,4,0,1,14,0
1,1,30,3,3,1,0,1,10,1
1,0,15,3,1,0,0,1,7,1
0,1,9,2,0,0,0,1,14,0
0,0,9,1,3,3,0,1,18,0
1,0,11,1,3,3,0,1,29,3
0,1,12,2,1,0,0,1,27,3
0,1,34,3,3,0,0,1,7,0
1,1,75,7,2,3,0,1,13,1
0,0,8,1,0,0,0,1,6,0
0,1,27,1,6,14,0,1,12,1
1,0,42,5,6,0,0,1,12,0
0,1,80,2,9,0,0,1,14,0
1,1,66,10,7,3,0,1,8,1
1,1,28,2,2,0,0,1,10,1
0,0,48,5,4,1,0,1,30,1
1,0,55,4,4,9,0,1,6,1
1,0,58,8,4,3,0,1,8,0
0,1,16,2,2,1,0,1,7,2
1,0,19,1,4,0,0,1,7,1
1,0,26,3,4,1,0,1,6,1
1,0,35,4,4,3,0,1,30,2
1,1,55,6,2,6,0,1,20,1
0,0,39,5,4,1,0,1,6,1
1,0,51,5,8,3,0,1,10,1
0,1,48,5,8,2,0,1,5,1
0,1,44,1,5,0,0,1,20,2
1,0,148,6,15,4,0,1,12,4
1,0,32,5,4,4,0,1,7,0
1,1,80,1,4,0,0,1,10,1
1,0,85,7,7,8,0,1,9,1
1,0,9,1,1,0,0,1,11,1
1,1,21,1,3,4,0,1,10,1
0,0,102,8,7,26,0,1,29,2
1,1,54,7,0,4,0,1,12,1
1,0,52,8,2,5,0,1,14,1
1,0,125,13,8,6,0,1,8,1
0,0,16,2,1,5,0,1,9,1
0,0,15,1,2,0,0,1,6,0
1,0,44,3,8,1,0,1,5,0
0,0,35,5,5,0,0,1,10,1
0,1,35,4,5,3,0,1,15,2
0,1,21,4,1,0,0,1,18,0
1,1,49,2,10,4,0,1,7,1
0,0,20,1,3,4,0,1,10,1
1,1,51,7,4,3,0,1,39,3
0,0,55,5,7,0,0,1,35,3
1,1,14,3,0,2,0,1,5,1
0,1,55,8,0,1,0,1,38,3
1,1,29,4,3,1,0,1,11,1
1,1,9,2,0,0,0,1,12,0
1,1,51,3,4,5,0,1,15,1
0,0,59,4,7,16,0,1,4,0
0,0,37,2,6,1,0,1,5,1
0,0,33,4,2,3,0,1,9,0
0,1,7,1,1,1,0,1,5,0
1,1,56,5,3,2,0,1,8,1
0,0,24,3,1,8,0,1,18,2
1,0,71,6,4,10,0,1,12,1
1,1,97,12,7,2,0,1,11,1
0,1,40,1,14,0,0,1,5,1
0,0,8,1,2,1,0,1,3,0
1,1,12,2,0,0,0,1,10,0
1,1,39,4,3,3,0,1,18,2
0,1,30,1,6,6,0,1,8,1
0,1,26,2,3,3,0,1,17,0
1,1,34,4,4,2,0,1,8,0
0,0,15,2,1,0,0,1,9,1
1,1,23,2,1,2,0,1,16,1
1,0,62,7,14,2,0,1,4,1
0,0,54,8,2,0,0,1,17,1
1,1,153,15,12,13,0,1,7,0
1,1,24,4,1,5,0,1,28,0
0,0,7,1,4,0,0,1,11,0
0,1,18,2,2,0,0,1,7,1
0,0,79,7,5,5,0,1,6,0
0,1,37,3,0,13,0,1,28,4
1,1,32,1,3,2,0,1,26,0
1,1,70,11,0,25,0,1,17,2
1,1,79,3,11,5,0,1,12,1
0,0,17,2,1,1,0,1,16,0
1,1,14,2,1,0,0,1,15,1
1,1,66,10,5,10,0,1,10,0
1,1,32,3,4,0,0,1,13,1
1,1,17,2,1,2,0,1,11,1
1,1,11,1,2,0,0,1,8,1
0,0,32,3,1,6,0,1,8,1
0,1,66,5,5,14,0,1,6,0
0,1,48,8,3,6,0,1,12,1
1,0,45,5,1,6,0,1,11,1
1,1,55,3,10,2,0,1,5,1
1,0,58,3,18,4,0,1,8,0
0,0,17,2,4,6,0,1,8,1
0,0,52,8,3,8,0,1,15,0
1,0,57,9,1,1,0,1,11,0
1,0,52,3,10,3,0,1,21,0
1,0,32,6,2,1,0,1,3,1
1,1,46,8,4,5,0,1,21,2
1,0,89,7,8,0,0,1,14,1
1,0,6,1,0,1,0,1,6,1
0,1,7,1,0,0,0,1,5,1
0,1,9,1,0,0,0,1,9,1
1,1,25,1,3,1,0,1,5,1
0,1,26,4,2,0,0,1,59,6
0,1,43,4,6,0,0,1,18,1
0,0,18,3,1,0,0,1,34,7
1,1,7,1,1,0,0,1,41,3
1,1,47,6,1,2,0,1,54,0
1,0,66,5,5,6,0,1,35,1
1,1,40,3,4,9,0,1,4,1
1,0,90,7,8,5,0,1,4,0
1,1,33,1,0,9,0,1,4,0
0,0,23,6,1,0,0,1,18,2
0,0,35,5,3,3,0,1,7,1
1,1,29,2,2,1,0,1,8,0
0,1,15,1,4,2,0,1,6,0
1,1,22,5,2,0,0,1,43,3
0,1,50,5,4,2,0,1,6,0
0,0,10,1,3,0,0,1,22,2
1,0,15,1,2,1,0,1,9,1
0,0,59,4,4,1,0,1,9,0
0,1,15,2,2,0,0,1,8,1
0,0,42,6,2,2,0,1,8,1
0,1,37,3,2,5,0,1,31,1
1,1,4,1,0,0,0,1,4,1
1,1,20,3,1,2,0,1,8,1
1,0,21,4,1,0,0,1,9,1
0,0,21,3,1,0,0,1,14,1
1,0,40,1,6,0,0,1,19,3
0,0,15,2,2,2,0,1,12,1
0,0,15,2,1,0,0,1,15,0
0,0,23,1,2,1,0,1,59,3
0,0,77,3,7,4,0,1,20,3
0,1,25,4,2,0,0,1,10,0
0,0,17,3,1,0,0,1,9,1
0,0,61,8,3,16,0,1,5,0
0,1,40,4,3,3,0,1,20,1
0,0,34,2,4,4,0,1,9,1
0,0,15,1,3,0,0,1,37,2
0,0,12,2,1,0,0,1,16,1
1,0,38,3,5,1,0,1,5,1
0,0,33,3,1,6,0,1,14,0
0,0,18,3,2,0,0,1,27,3
1,1,63,4,7,3,0,1,28,1
0,0,67,17,4,2,0,1,20,1
1,0,42,1,4,0,0,1,9,1
1,0,23,4,1,1,0,1,10,1
0,0,114,10,24,5,0,1,5,0
0,1,16,2,3,0,0,1,5,0
0,1,15,2,2,0,0,1,10,1
0,0,16,1,2,0,0,1,10,1
1,1,58,5,1,3,0,1,10,0
1,0,57,1,17,2,0,1,4,1
0,0,30,3,8,4,0,1,10,1
1,0,35,3,4,7,0,1,12,1
1,1,10,1,1,0,0,1,10,0
0,0,72,3,1,13,0,1,8,1
0,1,15,1,2,0,0,1,4,0
0,1,31,3,1,1,0,1,51,3
0,1,16,1,3,0,0,1,9,1
0,0,19,3,0,1,0,1,61,3
0,1,63,4,9,14,0,1,22,2
1,0,16,3,1,0,0,1,9,1
1,1,12,1,0,0,0,1,9,1
1,1,27,1,3,0,0,1,42,0
1,0,19,1,1,1,0,1,9,0
0,0,17,2,1,0,0,1,9,1
1,1,62,1,0,3,0,1,7,0
0,0,17,2,2,0,0,1,19,1
0,1,14,1,3,4,0,1,6,1
1,0,57,9,2,0,0,1,18,2
1,1,44,6,3,5,0,1,10,0
0,0,40,5,4,1,0,1,11,1
1,1,97,13,12,5,0,1,5,0
1,1,21,2,3,0,0,1,5,0
0,0,51,4,11,0,0,1,7,1
1,1,22,2,2,0,0,1,17,0
1,0,14,2,0,0,0,1,15,1
0,0,10,1,2,1,0,1,11,1
0,1,22,3,1,2,0,1,45,3
0,0,34,2,3,3,0,1,17,0
1,1,17,2,1,0,0,1,11,1
0,1,24,2,5,0,0,1,6,1
0,1,29,2,1,2,0,1,5,0
1,0,18,2,3,1,0,1,8,1
1,1,19,2,4,1,0,1,9,1
0,0,10,1,1,2,0,1,8,1
0,0,55,8,1,3,0,1,14,0
0,0,21,2,1,2,0,1,17,1
1,0,26,3,2,1,0,1,9,0
0,0,58,2,7,2,0,1,21,1
0,1,8,1,2,0,0,1,7,1
0,0,32,4,3,1,0,1,8,1
0,1,45,1,3,0,0,1,37,1
0,0,19,2,2,2,0,1,12,1
1,1,57,5,4,6,0,1,12,1
0,0,36,3,4,1,0,1,12,1
0,0,25,5,0,0,0,1,28,1
1,0,38,4,3,1,0,1,10,1
0,0,9,1,1,1,0,1,7,1
1,1,13,1,0,0,0,1,14,1
0,0,57,3,6,2,0,1,16,0
0,0,21,2,2,0,0,1,8,1
0,1,43,4,2,7,0,1,7,0
0,0,11,1,2,0,0,1,7,0
1,0,33,6,1,4,0,1,12,1
1,0,29,3,5,0,0,1,21,2
1,1,8,1,1,0,0,1,4,0
1,1,27,4,2,0,0,1,7,1
0,0,19,1,4,3,0,1,9,1
1,1,22,3,1,1,0,1,14,2
0,0,53,2,4,7,0,1,9,2
0,0,25,2,4,3,0,1,6,1
0,0,28,4,6,2,0,1,61,3
0,0,56,3,4,13,0,1,8,1
1,0,74,3,9,0,0,1,5,0
1,0,8,1,1,2,0,1,30,2
1,1,20,3,0,3,0,1,9,1
0,0,69,8,4,6,0,1,45,4
0,0,49,4,6,0,0,1,11,1
1,1,79,7,6,6,0,1,73,3
1,0,84,7,4,11,0,1,8,3
0,0,30,1,8,0,0,1,8,2
0,1,8,1,1,0,0,1,8,1
0,0,11,2,0,0,0,1,11,0
0,1,16,1,1,2,0,1,13,0
0,0,10,1,1,1,0,1,11,1
0,0,35,7,3,0,0,1,49,5
0,0,20,3,1,0,0,1,7,1
1,1,60,5,3,7,0,1,5,0
1,1,15,2,1,4,0,1,4,1
1,0,151,15,7,11,0,1,20,1
1,1,47,4,7,5,0,1,46,4
1,1,17,2,2,2,0,1,7,0
0,0,9,1,1,0,0,1,11,1
1,1,20,2,5,2,0,1,8,1
1,1,28,4,2,1,0,1,13,1
1,1,12,1,0,2,0,1,15,1
1,0,72,11,3,2,0,1,11,1
1,1,50,2,6,0,0,1,6,0
1,0,52,8,1,1,0,1,9,1
0,1,7,1,1,1,0,1,6,1
1,0,28,3,0,1,0,1,13,1
1,1,29,5,2,0,0,1,14,0
1,1,31,4,4,1,0,1,10,1
0,1,90,6,9,1,0,1,11,0
1,1,27,1,2,0,0,1,27,1
0,0,29,2,5,4,0,1,15,1
1,0,46,3,3,1,0,1,13,1
1,1,33,5,4,2,0,1,6,1
1,1,61,7,6,8,0,1,10,1
1,1,47,4,3,7,0,1,5,1
1,1,10,2,0,0,0,1,8,1
0,0,15,3,1,0,0,1,9,1
1,1,85,7,6,5,0,1,39,4
1,0,71,3,9,5,0,1,18,0
1,0,96,8,7,1,0,1,11,1
1,0,66,6,8,2,0,1,3,0
1,1,10,1,1,0,0,1,21,1
1,0,12,1,4,1,0,1,10,0
1,1,42,4,2,1,0,1,6,1
0,0,27,3,2,3,0,1,22,1
1,0,135,18,5,12,0,1,22,0
1,1,48,6,4,3,0,1,7,1
0,0,27,5,2,0,0,1,21,2
0,0,101,4,12,10,0,1,12,1
1,0,13,1,0,2,0,1,6,1
1,0,49,6,1,8,0,1,15,1
0,1,26,3,4,1,0,1,70,4
0,1,10,1,2,0,0,1,7,1
0,1,11,1,4,0,0,1,4,0
1,1,33,3,1,5,0,1,7,1
1,0,118,20,6,13,0,1,48,0
1,1,13,2,1,1,0,1,3,0
1,1,28,5,2,0,0,1,29,2
1,0,10,1,1,0,0,1,8,1
1,1,16,2,2,0,0,1,7,0
0,0,20,2,3,4,0,1,7,1
0,0,8,1,3,0,0,1,9,1
1,1,98,2,3,28,0,1,14,1
0,0,15,3,2,0,0,1,44,3
0,0,14,1,3,0,0,1,5,1
1,1,44,7,2,2,0,1,25,1
0,1,38,1,9,3,0,1,79,0
1,0,29,1,6,3,0,1,9,0
1,1,23,3,0,6,0,1,13,1
0,0,18,2,2,0,0,1,16,1
1,0,17,2,2,1,0,1,9,0
0,0,25,2,3,0,0,1,8,0
1,0,32,5,3,1,0,1,6,1
0,1,9,2,0,1,0,1,14,2
0,1,13,2,0,1,0,1,5,1
1,0,106,5,8,14,0,1,22,2
1,0,17,4,1,0,0,1,7,1
0,0,40,6,2,3,0,1,13,1
1,0,21,1,1,5,0,1,9,1
0,1,18,4,0,1,0,1,23,2
1,1,24,3,1,0,0,1,22,2
1,0,13,2,2,1,0,1,10,1
0,1,27,3,3,0,0,1,13,1
1,0,42,2,9,2,0,1,11,1
0,0,15,2,1,0,0,1,9,1
0,0,31,1,2,0,0,1,9,1
0,1,21,3,2,0,0,1,5,1
1,0,43,3,2,1,0,1,7,1
0,0,19,2,1,3,0,1,7,1
0,0,14,1,2,3,0,1,9,1
0,1,16,4,0,0,0,1,23,4
1,1,33,5,4,0,0,1,13,1
0,0,21,5,2,0,0,1,15,1
1,0,81,7,7,3,0,1,11,1
0,0,22,3,7,2,0,1,5,1
1,0,12,1,2,3,0,1,24,2
0,0,9,1,0,0,0,1,7,1
1,1,23,2,5,2,0,1,28,2
0,0,28,4,5,5,0,1,10,1
0,0,26,6,2,0,0,1,12,0
0,1,14,1,4,3,0,1,8,3
1,1,56,4,9,13,0,1,7,0
1,0,12,1,5,0,0,1,13,0
1,1,24,2,2,7,0,1,30,2
0,1,23,1,1,3,0,1,4,1
1,1,40,1,11,2,0,1,29,2
0,0,10,1,1,0,0,1,13,0
0,0,34,1,1,9,0,1,7,1
1,0,113,11,12,10,0,1,11,0
0,0,8,1,0,0,0,1,3,0
1,0,25,2,4,5,0,1,10,1
1,0,57,6,5,7,0,1,10,1
0,0,31,2,6,2,0,1,8,1
1,1,115,10,10,16,0,1,71,2
0,0,8,1,0,1,0,1,2,0
0,1,26,2,3,2,0,1,5,1
0,1,29,6,1,0,0,1,9,1
0,0,26,2,4,0,0,1,4,1
0,0,10,1,1,0,0,1,5,0
0,0,20,1,5,6,0,1,7,1
0,0,6,1,0,1,0,1,14,0
1,0,67,8,7,6,0,1,8,1
1,1,14,2,2,1,0,1,5,1
1,0,61,7,6,5,0,1,49,3
0,1,64,4,10,10,0,1,54,4
1,0,39,4,3,2,0,1,11,0
1,1,81,10,4,6,0,1,12,2
1,0,55,10,1,8,0,1,8,1
0,0,92,2,7,0,0,1,10,0
1,1,44,4,2,2,0,1,29,0
1,0,7,1,1,0,0,1,9,1
0,0,24,2,3,0,0,1,6,0
0,0,16,2,2,0,0,1,30,2
0,1,17,1,4,0,0,1,10,1
0,0,32,3,3,3,0,1,15,1
1,1,7,1,0,0,0,1,8,1
1,1,35,5,2,2,0,1,8,1
1,0,81,18,0,0,0,1,3,1
0,0,18,3,1,0,0,1,31,1
0,1,43,4,2,1,0,1,13,0
1,1,20,3,1,0,0,1,22,2
1,1,98,5,9,19,0,1,16,0
0,1,10,2,1,0,0,1,4,1
0,1,38,3,4,0,0,1,21,2
1,0,198,1,8,38,0,1,6,1
0,0,49,4,6,3,0,1,44,4
1,0,14,1,1,0,0,1,18,2
1,1,26,4,3,1,0,1,5,1
0,0,13,2,3,0,0,1,23,1
0,1,36,2,7,2,0,1,8,0
1,0,12,2,2,1,0,1,3,0
1,1,12,2,2,1,0,1,14,1
1,1,41,6,2,2,0,1,8,1
0,1,26,3,3,0,0,1,10,1
1,1,63,6,9,10,0,1,7,1
1,0,21,1,0,9,0,1,7,1
0,0,28,3,1,2,0,1,13,1
1,1,107,10,7,8,0,1,11,1
1,0,10,2,0,0,0,1,11,3
1,1,18,1,1,0,0,1,7,1
0,1,18,2,5,3,0,1,4,1
1,0,83,7,16,6,0,1,8,1
0,1,14,1,1,0,0,1,9,1
0,1,14,2,2,3,0,1,27,3
1,1,80,11,8,11,0,1,5,0
1,1,8,1,1,1,0,1,12,1
1,0,10,1,2,1,0,1,13,1
0,1,22,2,4,0,0,1,16,1
1,1,26,4,1,2,0,1,11,0
0,1,27,1,1,0,0,1,8,0
0,0,10,1,2,1,0,1,9,1
1,0,33,4,4,0,0,1,12,1
0,1,10,1,0,1,0,1,8,0
0,1,9,1,1,0,0,1,27,1
0,0,14,2,2,0,0,1,18,2
0,1,32,6,1,1,0,1,38,5
0,0,10,1,1,0,0,1,9,1
1,1,32,3,4,7,0,1,7,0
1,1,39,3,10,0,0,1,6,1
0,0,8,1,1,0,0,1,21,2
0,0,50,4,3,0,0,1,15,0
0,0,18,2,2,1,0,1,9,1
0,1,129,7,11,2,0,1,12,1
0,1,23,2,6,2,0,1,4,0
1,0,58,8,5,0,0,1,17,0
1,1,12,1,0,0,0,1,11,1
0,1,16,2,1,2,0,1,8,0
0,0,31,6,0,0,0,1,22,0
1,1,51,8,1,4,0,1,7,0
0,1,54,1,4,0,0,1,10,1
0,0,39,2,6,4,0,1,23,1
0,1,25,3,2,1,0,1,11,1
1,0,12,1,1,0,0,1,7,1
0,0,33,5,3,0,0,1,23,2
0,0,7,1,0,0,0,1,40,3
0,1,25,1,1,5,0,1,23,0
0,0,46,5,3,4,0,1,16,1
0,0,22,2,3,3,0,1,8,1
1,0,49,5,5,2,0,1,8,1
1,0,77,5,4,5,0,1,5,1
1,1,29,3,2,4,0,1,8,1
1,1,29,2,3,1,0,1,43,2
1,1,46,4,3,3,0,1,16,1
1,1,13,2,1,0,0,1,41,4
0,0,31,3,2,2,0,1,9,1
0,0,10,1,2,2,0,1,6,1
1,1,62,7,2,4,0,1,5,1
1,1,81,2,5,9,0,1,18,2
0,1,24,4,2,2,0,1,13,1
1,1,92,13,3,5,0,1,9,1
0,1,15,1,2,2,0,1,10,1
0,1,22,1,0,3,0,1,11,0
0,1,11,1,2,2,0,1,11,1
0,0,44,4,6,7,0,1,6,1
1,1,50,6,4,0,0,1,56,2
0,0,15,1,5,1,0,1,9,1
0,0,50,4,6,8,0,1,19,2
1,1,68,6,8,1,0,1,11,1
0,0,16,2,5,3,0,1,19,3
1,0,121,15,7,27,0,1,6,0
1,1,45,6,4,8,0,1,19,1
1,1,14,2,1,1,0,1,18,1
1,0,23,3,0,2,0,1,8,1
0,0,25,2,2,1,0,1,16,1
0,0,8,2,0,0,0,1,3,1
1,1,35,1,9,0,0,1,8,0
0,0,32,4,3,5,0,1,6,1
1,0,22,1,7,3,0,1,6,1
1,0,96,11,5,3,0,1,8,1
0,1,31,4,5,0,0,1,47,3
0,1,7,1,1,0,0,1,13,1
1,0,127,13,15,12,0,1,9,0
1,1,22,2,2,1,0,1,10,1
0,0,30,2,6,4,0,1,8,1
0,0,142,13,18,12,0,1,7,0
0,0,20,2,6,0,0,1,11,1
1,0,10,3,0,0,0,1,9,1
1,1,15,1,1,0,0,1,28,1
1,1,85,6,6,3,0,1,8,0
0,1,28,3,2,1,0,1,17,1
1,1,12,1,3,1,0,1,17,2
0,0,19,2,1,2,0,1,17,0
1,0,13,2,1,0,0,1,13,1
1,1,49,7,4,3,0,1,3,0
0,0,11,3,0,0,0,1,32,2
1,1,73,1,1,17,0,1,8,1
1,1,9,1,1,1,0,1,5,1
0,0,103,9,6,6,0,1,8,1
0,0,13,1,0,0,0,1,19,1
1,1,25,3,5,2,0,1,5,0
0,0,75,6,2,4,0,1,6,1
0,1,21,2,4,2,0,1,10,1
0,1,36,3,6,0,0,1,14,2
0,0,58,6,4,4,0,1,7,1
1,1,20,2,3,2,0,1,4,1
1,1,37,6,1,11,0,1,8,0
0,0,76,3,3,2,0,1,5,1
0,0,21,2,3,1,0,1,7,1
0,1,74,7,8,12,0,1,20,1
1,1,13,1,2,0,0,1,9,0
1,0,18,1,3,0,0,1,4,1
1,0,47,7,2,1,0,1,10,0
0,0,22,2,4,0,0,1,8,0
0,1,12,1,1,2,0,1,4,0
0,1,9,2,0,3,0,1,10,1
1,1,56,4,3,24,0,1,33,2
1,1,62,6,8,5,0,1,4,0
1,1,46,5,4,2,0,1,14,0
0,0,12,1,1,0,0,1,9,0
0,1,30,5,2,0,0,1,11,1
0,0,19,3,2,0,0,1,22,2
1,0,17,2,2,2,0,1,12,1
0,0,68,6,2,6,0,1,5,1
0,0,14,1,3,1,0,1,11,1
1,1,32,3,1,1,0,1,41,0
1,0,24,2,5,3,0,1,11,0
0,0,12,3,1,0,0,1,7,1
1,1,11,3,1,1,0,1,15,0
0,1,22,4,1,0,0,1,11,1
0,0,15,2,0,0,0,1,9,1
0,1,21,2,2,2,0,1,8,1
0,0,35,1,4,0,0,1,10,0
1,0,17,1,1,4,0,1,5,0
0,0,46,6,2,1,0,1,5,0
1,1,22,4,2,2,0,1,12,1
0,0,13,1,2,1,0,1,11,1
0,0,28,3,3,6,0,1,14,0
0,1,68,4,7,2,0,1,8,1
0,0,25,3,3,2,0,1,18,0
0,0,7,1,2,0,0,1,20,1
1,1,116,2,4,0,0,1,26,3
0,1,13,1,2,0,0,1,10,0
0,0,12,3,0,1,0,1,11,0
1,0,46,4,7,8,0,1,3,1
1,0,58,1,13,11,0,1,11,0
0,0,17,3,1,1,0,1,3,1
0,1,28,5,1,0,0,1,14,0
0,1,9,2,1,0,0,1,9,1
1,0,92,10,6,9,0,1,35,3
1,0,30,4,1,0,0,1,9,1
1,1,53,2,6,20,0,1,5,1
1,1,28,2,1,0,0,1,3,0
0,0,38,5,1,2,0,1,8,0
0,0,35,3,0,3,0,1,13,0
1,1,23,1,1,0,0,1,3,1
1,0,26,2,5,7,0,1,31,6
0,0,13,1,2,0,0,1,5,0
0,0,23,2,4,0,0,1,27,0
0,0,26,5,2,2,0,1,19,0
0,0,71,5,4,5,0,1,30,3
1,1,21,1,5,4,0,1,4,0
1,1,8,1,0,0,0,1,6,0
1,1,65,2,2,4,0,1,20,0
0,0,19,1,6,1,0,1,6,1
0,1,118,9,7,19,0,1,27,0
0,0,16,1,1,1,0,1,25,2
1,1,24,1,6,0,0,1,12,2
1,0,82,11,9,0,0,1,9,0
0,0,31,3,5,3,0,1,8,0
1,1,11,2,1,0,0,1,8,1
1,0,26,3,3,2,0,1,11,1
1,1,32,3,6,2,0,1,12,0
1,1,54,3,5,9,0,1,10,0
1,0,33,6,1,4,0,1,8,1
0,1,46,5,2,14,0,1,15,1
0,0,9,1,1,0,0,1,4,1
0,1,16,1,4,0,0,1,5,1
1,1,73,7,10,3,0,1,9,0
1,1,49,8,0,2,0,1,7,0
0,0,29,3,2,1,0,1,12,1
1,1,66,4,8,0,0,1,7,1
0,0,38,5,5,1,0,1,13,1
0,0,59,7,3,3,0,1,3,1
1,1,38,2,5,7,0,1,32,4
0,1,49,1,2,12,0,1,29,0
0,0,13,1,2,3,0,1,10,2
1,1,111,6,7,19,0,1,7,1
1,1,12,2,1,1,0,1,5,1
1,0,56,2,9,8,0,1,13,1
1,1,25,3,2,5,0,1,11,0
1,1,16,2,2,0,0,1,7,1
1,0,106,10,11,11,0,1,13,0
1,1,14,3,0,0,0,1,12,1
0,0,35,3,2,4,0,1,8,0
1,0,54,6,5,6,0,1,17,0
1,1,29,2,7,6,0,1,8,1
0,0,30,3,2,2,0,1,6,1
1,1,16,1,5,1,0,1,8,1
0,0,18,1,5,5,0,1,37,2
0,0,21,3,2,0,0,1,9,1
1,1,33,3,0,5,0,1,22,2
1,1,35,3,2,7,0,1,6,0
1,0,23,3,3,2,0,1,17,1
0,1,23,4,3,1,0,1,2,1
0,0,57,4,8,4,0,1,7,1
0,0,44,3,7,7,0,1,8,1
1,1,39,8,0,0,0,1,11,1
0,0,50,3,8,5,0,1,16,1
1,0,24,1,2,0,0,1,11,1
0,1,74,7,7,16,0,1,7,1
0,0,9,1,2,2,0,1,8,1
1,0,145,1,9,42,0,1,10,0
1,1,15,1,3,2,0,1,23,2
0,1,51,6,5,7,0,1,6,0
0,1,67,3,5,17,0,1,30,4
0,1,64,9,6,1,0,1,38,2
1,1,6,2,0,0,0,1,6,0
1,1,28,2,4,4,0,1,9,1
1,1,14,1,3,1,0,1,5,1
0,0,51,4,4,12,0,1,8,1
1,1,29,2,2,7,0,1,5,0
1,0,19,2,1,4,0,1,9,1
0,0,39,2,7,5,0,1,5,0
0,1,37,6,6,2,0,1,32,2
0,0,46,5,0,4,0,1,7,1
0,0,15,3,1,0,0,1,9,0
1,1,15,1,4,2,0,1,9,0
1,1,43,6,5,0,0,1,2,0
0,1,11,1,1,0,0,1,6,0
1,0,70,10,5,1,0,1,7,1
1,0,114,5,12,17,0,1,4,1
0,0,17,1,4,4,0,1,3,0
0,1,45,5,4,0,0,1,41,3
1,0,9,2,0,0,0,1,23,2
0,1,23,3,5,0,0,1,16,1
0,0,41,2,3,1,0,1,14,0
1,1,42,4,3,5,0,1,8,0
0,0,21,3,1,1,0,1,24,2
0,1,11,1,2,0,0,1,10,1
1,1,8,1,1,0,0,1,15,1
0,0,105,11,2,12,0,1,20,2
0,0,13,1,2,2,0,1,7,1
0,1,31,2,1,2,0,1,33,2
0,1,29,3,3,4,0,1,6,1
0,0,16,2,1,0,0,1,16,1
1,0,10,1,2,1,0,1,13,3
0,0,12,1,1,1,0,1,5,0
0,0,95,10,13,0,0,1,5,1
1,0,28,6,2,0,0,1,8,0
0,0,15,3,0,0,0,1,12,1
1,0,27,5,2,2,0,1,5,1
0,0,26,4,1,0,0,1,8,0
0,0,139,12,13,4,0,1,48,5
0,1,9,2,1,0,0,1,32,2
0,1,58,5,7,5,0,1,11,1
1,0,19,2,1,3,0,1,19,1
0,1,17,3,1,0,0,1,18,1
0,1,22,3,1,8,0,1,17,1
1,0,94,9,15,7,0,1,1,0
0,1,46,3,6,5,0,1,9,0
1,0,112,13,6,5,0,1,9,0
1,0,92,5,7,5,0,1,19,0
1,0,15,4,0,0,0,1,7,0
0,0,62,3,10,0,0,1,16,2
1,1,99,10,6,9,0,1,5,0
1,0,31,3,3,6,0,1,12,1
0,0,38,3,5,0,0,1,6,1
0,1,59,3,8,0,0,1,13,1
0,1,30,2,3,3,0,1,47,4
1,0,18,3,1,3,0,1,4,1
1,1,158,23,0,0,0,1,10,1
1,1,9,1,0,1,0,1,7,0
0,0,33,3,5,2,0,1,10,1
1,1,11,1,2,0,0,1,7,1
1,0,54,5,6,3,0,1,11,1
1,1,113,13,8,10,0,1,8,1
0,1,13,1,1,3,0,1,5,1
1,1,73,10,4,0,0,1,10,1
1,0,42,6,6,2,0,1,4,0
0,0,10,1,3,0,0,1,7,1
0,1,10,1,3,3,0,1,6,0
1,1,18,3,1,0,0,1,16,1
0,0,46,3,6,4,0,1,30,2
0,0,54,9,5,3,0,1,12,0
0,0,15,2,1,4,0,1,6,0
0,0,58,4,6,0,0,1,14,0
1,1,20,2,1,0,0,1,17,3
1,0,87,10,7,10,0,1,8,1
1,1,9,1,1,0,0,1,8,0
0,0,105,21,4,6,0,1,70,0
1,1,22,2,1,0,0,1,4,0
0,1,17,3,2,0,0,1,21,3
1,0,81,9,5,7,0,1,10,1
1,0,32,3,2,1,0,1,10,0
0,0,33,4,3,1,0,1,6,1
1,1,8,1,5,0,0,1,10,0
0,1,33,3,3,0,0,1,10,1
0,0,67,7,5,4,0,1,9,1
0,0,30,1,3,7,0,1,9,1
0,1,9,1,2,0,0,1,35,3
1,0,25,4,1,3,0,1,8,0
1,0,35,1,1,0,0,1,7,0
1,1,11,1,0,0,0,1,3,0
1,0,35,3,3,2,0,1,11,0
0,0,24,3,2,0,0,1,10,1
0,1,21,2,4,1,0,1,12,1
0,1,31,5,2,0,0,1,11,0
0,0,45,2,4,4,0,1,3,1
0,0,28,3,2,2,0,1,4,1
0,1,62,9,5,3,0,1,10,1
0,0,11,1,1,0,0,1,7,0
0,1,8,1,0,0,0,1,11,0
0,1,17,3,1,1,0,1,21,0
0,1,20,2,0,0,0,1,7,0
0,0,26,1,5,5,0,1,8,0
1,0,15,1,4,1,0,1,11,1
0,0,20,3,2,3,0,1,11,1
1,0,24,4,1,0,0,1,7,1
1,0,16,1,4,0,0,1,10,1
0,1,10,1,1,2,0,1,7,0
0,0,10,1,4,1,0,1,32,7
1,1,66,7,4,18,0,1,27,0
1,1,36,6,5,0,0,1,5,0
0,0,23,2,4,0,0,1,5,1
0,0,79,4,8,7,0,1,11,3
0,0,10,2,0,0,0,1,12,0
0,1,31,2,2,0,0,1,10,1
0,1,25,2,3,1,0,1,12,1
1,1,11,1,2,2,0,1,7,1
0,0,4,1,0,0,0,1,13,3
0,0,15,2,1,1,0,1,14,0
1,0,20,2,4,3,0,1,7,1
1,0,82,7,8,1,0,1,59,0
1,0,120,10,3,10,0,1,10,0
0,0,35,1,6,4,0,1,19,2
1,1,125,8,18,6,0,1,7,0
1,1,20,2,2,0,0,1,45,1
1,0,22,2,3,1,0,1,8,1
1,1,65,4,9,0,0,1,3,0
0,1,12,1,1,0,0,1,12,0
1,0,47,5,4,2,0,1,14,1
1,1,42,4,1,3,0,1,15,2
1,1,64,7,6,12,0,1,10,1
0,0,50,7,1,1,0,1,11,1
0,0,40,2,5,8,0,1,12,1
0,0,11,1,0,1,0,1,6,0
0,0,20,3,1,3,0,1,5,0
1,0,41,4,5,5,0,1,14,1
0,0,15,2,3,0,0,1,8,1
0,0,13,1,3,0,0,1,7,1
1,0,28,1,11,2,0,1,20,1
0,0,28,6,1,0,0,1,30,2
1,0,69,7,5,6,0,1,10,1
0,1,35,5,6,0,0,1,17,1
1,0,27,3,1,1,0,1,17,1
1,0,119,8,10,19,0,1,4,1
0,1,19,3,1,1,0,1,4,0
0,1,12,1,3,0,0,1,36,4
0,0,20,3,2,0,0,1,10,1
0,0,16,3,0,0,0,1,6,0
0,0,35,3,3,4,0,1,14,1
0,0,29,4,3,1,0,1,9,0
1,0,126,10,14,14,0,1,5,0
1,0,12,2,0,0,0,1,14,1
0,0,38,3,3,2,0,1,26,2
0,1,9,2,0,0,0,1,3,0
1,1,8,1,1,1,0,1,5,0
1,1,88,6,12,2,0,1,77,4
1,1,19,2,1,2,0,1,8,1
1,0,96,8,7,18,0,1,7,0
1,1,73,11,3,2,0,1,4,1
1,0,86,9,5,10,0,1,7,1
0,1,14,2,4,0,0,1,11,1
0,1,21,2,2,0,0,1,7,0
1,0,58,4,11,6,0,1,37,3
0,1,14,2,0,1,0,1,14,1
0,1,15,1,1,4,0,1,12,1
1,0,135,12,12,21,0,1,7,1
1,0,45,4,6,3,0,1,6,0
0,0,49,6,2,0,0,1,11,1
0,0,52,9,3,1,0,1,5,0
0,1,38,4,5,1,0,1,20,1
0,1,14,2,2,0,0,1,80,2
1,1,194,8,9,21,0,1,12,1
0,1,55,8,3,8,0,1,53,2
1,0,14,1,1,1,0,1,8,0
0,0,16,3,0,0,0,1,8,1
0,0,23,2,1,0,0,1,3,0
1,1,116,4,16,10,0,1,10,1
0,0,36,4,1,2,0,1,7,0
1,0,37,6,2,3,0,1,11,1
0,1,24,4,1,1,0,1,9,0
1,0,9,2,0,1,0,1,11,1
1,0,26,4,2,4,0,1,9,1
0,0,22,1,2,2,0,1,46,4
0,0,33,4,4,4,0,1,19,1
1,1,18,3,2,4,0,1,4,0
0,1,10,1,0,0,0,1,11,1
0,1,16,2,2,1,0,1,6,0
0,0,32,6,1,4,0,1,8,0
0,0,18,1,3,0,0,1,9,1
0,0,19,2,1,9,0,1,19,0
1,0,55,4,2,20,0,1,6,1
0,0,46,2,3,15,0,1,10,1
1,1,113,8,4,3,0,1,6,1
0,1,51,6,2,8,0,1,11,1
0,0,32,1,8,1,0,1,35,0
1,1,32,2,9,5,0,1,6,1
1,0,13,1,1,4,0,1,4,0
0,1,14,1,0,1,0,1,9,1
0,0,46,2,8,0,0,1,12,1
1,1,52,7,3,7,0,1,7,0
0,0,50,4,4,4,0,1,10,0
0,0,13,3,0,0,0,1,13,1
1,1,8,1,3,1,0,1,3,0
1,1,22,1,3,0,0,1,5,0
1,0,25,2,4,3,0,1,21,1
1,1,19,3,1,0,0,1,6,1
1,1,28,3,4,3,0,1,10,1
1,1,14,1,2,0,0,1,13,1
1,0,11,1,3,0,0,1,8,0
1,0,16,1,6,2,0,1,12,3
1,0,39,3,4,6,0,1,11,1
1,0,12,2,3,2,0,1,59,3
1,1,59,10,3,4,0,1,19,1
1,1,20,3,1,0,0,1,11,0
0,0,10,1,0,1,0,1,6,1
0,1,77,6,4,7,0,1,5,1
1,1,71,6,11,8,0,1,8,1
1,1,83,5,7,3,0,1,58,3
1,1,20,4,1,0,0,1,16,0
1,0,37,3,3,2,0,1,36,3
0,1,30,3,4,5,0,1,39,4
1,0,32,4,2,1,0,1,8,1
1,0,14,1,2,0,0,1,5,1
1,1,13,2,2,1,0,1,36,1
1,0,25,1,5,3,0,1,11,1
0,0,51,2,2,1,0,1,4,0
0,0,30,1,9,6,0,1,15,1
0,0,18,1,8,2,0,1,10,1
1,0,25,5,1,0,0,1,7,1
0,0,16,1,0,0,0,1,10,1
1,0,30,2,6,2,0,1,6,0
0,1,62,2,16,0,0,1,8,1
0,0,28,2,5,3,0,1,9,1
0,0,20,1,5,2,0,1,7,1
1,1,48,3,1,7,0,1,9,0
1,1,37,4,6,2,0,1,25,1
0,1,19,2,1,2,0,1,5,1
0,0,17,2,1,1,0,1,11,0
0,1,68,5,7,0,0,1,2,0
1,0,35,5,1,0,0,1,9,1
1,1,9,1,1,0,0,1,13,0
0,1,8,1,0,0,0,1,12,0
0,1,17,1,2,0,0,1,12,1
0,1,32,2,5,1,0,1,12,1
0,0,43,3,3,6,0,1,14,1
0,1,40,1,7,0,0,1,11,0
1,0,10,2,2,0,0,1,8,0
1,0,32,5,1,0,0,1,5,1
0,1,20,2,2,0,0,1,9,1
0,1,8,2,0,0,0,1,25,2
0,1,53,2,7,14,0,1,12,2
1,1,28,4,2,0,0,1,13,2
0,0,43,2,5,2,0,1,70,8
1,1,39,5,4,2,0,1,41,1
0,1,21,2,2,1,0,1,23,3
1,1,53,5,3,1,0,1,12,1
0,1,28,3,3,2,0,1,8,1
0,0,22,1,3,2,0,1,25,3
0,1,67,6,7,1,0,1,15,2
0,0,47,2,7,0,0,1,15,1
0,1,30,2,5,0,0,1,13,1
1,1,20,2,4,0,0,1,6,1
0,0,7,1,0,0,0,1,8,1
1,1,9,1,1,1,0,1,4,1
0,1,56,6,5,8,0,1,28,0
1,0,13,1,0,0,0,1,10,0
1,1,35,3,3,1,0,1,15,3
1,1,44,5,2,13,0,1,72,4
0,0,56,4,5,13,0,1,24,2
0,0,36,4,4,2,0,1,3,1
0,1,14,1,4,2,0,1,5,1
1,0,28,1,1,3,0,1,14,1
1,0,15,2,0,1,0,1,7,1
0,0,19,2,1,0,0,1,10,1
0,0,81,8,10,8,0,1,13,1
0,0,64,11,4,8,0,1,24,2
0,0,15,1,4,1,0,1,45,2
1,0,109,12,4,11,0,1,9,1
1,1,46,4,7,2,0,1,43,2
1,1,8,1,2,0,0,1,3,0
0,0,16,2,2,0,0,1,20,2
1,1,74,7,2,26,0,1,18,0
0,1,29,7,2,9,0,1,8,1
1,0,112,12,13,2,0,1,9,0
1,0,47,8,2,1,0,1,11,1
1,0,36,5,3,4,0,1,7,1
0,0,23,3,3,4,0,1,16,0
1,1,31,3,1,1,0,1,7,1
1,0,21,4,3,0,0,1,11,1
1,1,21,3,2,0,0,1,12,1
0,0,18,1,2,1,0,1,66,4
0,0,24,3,2,2,0,1,16,0
0,1,30,3,1,5,0,1,7,1
0,0,54,7,1,3,0,1,40,2
0,0,17,2,1,0,0,1,7,0
1,0,107,12,4,3,0,1,10,1
0,0,39,1,2,1,0,1,6,0
0,0,24,3,2,4,0,1,12,1
0,0,15,2,0,0,0,1,6,0
1,1,9,1,1,2,0,1,11,1
1,1,19,3,1,2,0,1,9,1
1,1,10,2,0,0,0,1,9,0
1,1,12,2,2,0,0,1,7,0
0,0,25,1,5,5,0,1,16,3
0,1,27,2,2,2,0,1,11,1
0,1,14,1,1,1,0,1,4,1
1,1,68,4,9,5,0,1,13,2
0,1,40,3,6,8,0,1,10,1
0,1,13,2,2,1,0,1,9,1
0,1,28,3,4,0,0,1,6,1
0,0,17,2,1,0,0,1,12,1
1,1,12,1,0,0,0,1,8,0
1,0,34,4,4,0,0,1,13,1
1,1,18,1,1,3,0,1,41,2
1,0,78,5,13,0,0,1,9,1
1,1,129,14,15,9,0,1,9,0
0,0,11,1,2,0,0,1,8,0
1,1,12,1,1,0,0,1,10,1
0,0,27,3,2,3,0,1,6,0
0,1,25,1,6,0,0,1,18,1
1,0,78,8,5,7,0,1,15,0
1,0,17,2,3,1,0,1,15,0
1,1,32,3,3,4,0,1,11,1
1,0,37,5,1,0,0,1,5,1
0,0,16,2,1,1,0,1,21,2
0,0,31,2,3,0,0,1,20,1
1,1,84,5,10,4,0,1,5,1
0,0,25,3,3,3,0,1,9,0
0,0,25,2,1,0,0,1,14,1
1,1,16,1,3,0,0,1,5,1
1,1,38,5,4,5,0,1,7,1
1,1,34,4,2,4,0,1,7,0
0,0,18,3,0,0,0,1,15,2
1,0,148,12,1,14,0,1,48,4
1,1,15,2,2,2,0,1,3,0
1,1,32,2,4,3,0,1,10,1
1,1,103,13,4,9,0,1,22,2
1,1,25,2,6,0,0,1,15,1
0,0,8,1,0,1,0,1,32,1
0,0,78,8,5,0,0,1,16,1
1,0,15,1,3,0,0,1,6,1
0,0,11,1,1,2,0,1,10,1
1,0,152,16,6,15,0,1,10,1
0,1,23,4,4,1,0,1,15,2
1,1,58,6,6,8,0,1,11,0
0,0,58,1,12,1,0,1,7,0
0,0,25,3,2,3,0,1,13,1
0,1,10,2,1,0,0,1,10,1
0,0,36,3,6,1,0,1,15,1
0,0,96,8,14,13,0,1,19,0
0,0,33,4,2,1,0,1,8,1
1,1,30,3,2,0,0,1,5,1
1,1,75,7,7,13,0,1,22,1
1,1,47,6,3,6,0,1,13,1
1,0,87,10,7,6,0,1,7,0
1,1,21,3,2,0,0,1,23,1
1,0,73,3,12,38,0,1,16,0
1,0,43,4,4,4,0,1,12,1
0,0,11,2,2,0,0,1,21,2
0,0,44,5,3,5,0,1,13,1
0,1,13,1,1,3,0,1,3,0
1,0,22,3,1,0,0,1,11,1
0,1,24,2,1,3,0,1,34,2
0,0,28,1,9,0,0,1,8,0
0,0,14,2,0,0,0,1,11,0
0,0,14,1,4,0,0,1,15,0
0,0,27,3,2,5,0,1,10,1
1,1,28,4,7,7,0,1,7,1
0,0,17,1,1,3,0,1,47,5
1,0,50,8,4,0,0,1,7,0
0,0,35,7,0,3,0,1,2,0
0,0,17,2,2,0,0,1,11,1
0,1,11,2,1,0,0,1,12,1
0,0,89,5,4,28,0,1,12,1
1,0,21,2,2,1,0,1,8,1
1,1,25,3,2,1,0,1,8,1
1,1,58,8,5,0,0,1,12,1
0,0,68,10,3,3,0,1,8,1
0,1,21,2,3,3,0,1,10,1
1,0,8,1,0,0,0,1,19,2
1,1,9,1,1,0,0,1,5,0
1,0,23,3,1,1,0,1,12,0
0,0,29,3,2,1,0,1,11,0
0,0,7,1,0,0,0,1,11,0
1,1,23,4,3,0,0,1,8,1
0,0,16,1,1,4,0,1,41,2
1,0,75,3,16,10,0,1,11,1
1,0,47,1,0,0,0,1,7,0
1,0,15,3,0,0,0,1,15,0
0,0,39,1,4,0,0,1,28,6
1,0,100,7,11,2,0,1,45,3
0,0,23,1,1,0,0,1,9,0
0,1,14,3,0,1,0,1,6,1
0,0,15,1,2,2,0,1,18,3
1,1,31,2,4,2,0,1,21,1
0,0,56,3,2,6,0,1,8,0
0,0,17,3,0,1,0,1,22,1
0,0,24,5,0,0,0,1,14,1
1,0,46,4,0,4,0,1,15,1
1,0,14,2,1,0,0,1,35,2
1,1,38,2,4,1,0,1,8,1
0,0,28,2,1,3,0,1,6,0
1,0,111,13,11,34,0,1,10,0
0,0,31,3,1,3,0,1,9,1
0,1,9,1,1,1,0,1,27,2
0,0,78,3,13,13,0,1,8,1
1,0,58,3,4,6,0,1,4,0
0,0,9,1,2,0,0,1,8,0
0,1,15,1,0,4,0,1,4,1
0,0,24,4,1,0,0,1,30,2
0,1,17,2,3,0,0,1,7,1
1,0,48,4,6,1,0,1,26,1
0,0,29,3,2,5,0,1,21,2
0,0,10,1,0,0,0,1,11,0
1,0,50,1,1,0,0,1,10,1
1,0,57,2,9,1,0,1,7,0
1,1,31,2,4,6,0,1,32,1
1,1,36,5,3,0,0,1,11,1
0,0,21,2,2,0,0,1,8,1
0,0,21,2,6,0,0,1,28,2
0,0,68,7,7,3,0,1,8,1
0,0,11,1,3,0,0,1,11,1
1,1,17,2,4,2,0,1,22,3
0,1,15,2,1,0,0,1,7,0
0,0,23,3,2,0,0,1,30,1
1,1,78,10,2,20,0,1,7,1
0,0,6,1,1,0,0,1,10,1
0,0,34,3,4,9,0,1,27,3
0,0,19,1,1,2,0,1,8,0
1,1,86,10,5,0,0,1,22,1
1,1,47,3,0,6,0,1,10,0
1,1,98,1,2,15,0,1,9,0
0,1,46,2,7,5,0,1,20,1
0,1,51,6,4,2,0,1,79,4
0,0,9,1,2,0,0,1,13,0
1,1,74,9,7,2,0,1,11,0
1,1,27,6,0,0,0,1,12,1
1,0,66,4,12,4,0,1,6,1
1,0,24,2,2,0,0,1,17,2
0,0,42,4,2,0,0,1,48,3
0,0,19,2,1,4,0,1,4,0
1,1,33,1,8,0,0,1,13,2
0,1,16,2,0,3,0,1,6,1
0,0,37,3,7,2,0,1,15,1
1,1,33,2,4,0,0,1,12,1
0,1,70,6,11,2,0,1,24,2
1,0,13,1,1,0,0,1,10,1
0,0,14,2,1,0,0,1,7,1
0,1,24,2,5,3,0,1,14,1
1,1,15,2,2,2,0,1,5,1
1,0,16,3,2,0,0,1,25,2
0,0,16,2,2,1,0,1,9,1
0,0,13,2,2,0,0,1,9,1
1,1,84,3,3,23,0,1,29,2
0,0,11,2,1,1,0,1,4,0
1,1,41,6,2,4,0,1,23,2
0,1,12,1,2,1,0,1,13,1
0,1,15,1,2,0,0,1,32,2
0,1,25,4,6,0,0,1,14,3
1,0,112,11,3,6,0,1,14,0
0,0,15,1,3,0,0,1,14,1
0,1,10,2,0,1,0,1,8,1
0,1,11,1,1,2,0,1,10,1
1,1,15,3,1,1,0,1,8,1
0,1,9,1,3,1,0,1,34,2
0,0,24,4,0,1,0,1,13,2
0,1,13,1,3,1,0,1,6,0
1,1,117,15,3,1,0,1,16,1
0,1,17,2,2,1,0,1,13,2
1,0,92,7,12,11,0,1,23,1
1,1,87,8,11,12,0,1,10,1
1,0,64,5,11,13,0,1,21,1
1,0,12,2,0,0,0,1,7,1
1,0,106,9,8,6,0,1,9,0
0,0,28,4,2,1,0,1,7,0
0,0,16,3,1,0,0,1,56,4
0,1,10,1,1,0,0,1,8,0
0,1,5,1,0,0,0,1,5,1
0,0,15,2,1,1,0,1,8,0
0,1,17,1,2,0,0,1,20,1
0,0,10,1,0,1,0,1,11,0
1,1,25,4,2,1,0,1,8,1
1,1,34,5,2,1,0,1,43,3
0,0,61,4,4,4,0,1,17,1
0,0,34,3,8,0,0,1,4,0
0,1,18,2,2,0,0,1,15,0
0,1,10,1,2,0,0,1,9,1
0,0,24,3,1,0,0,1,10,0
0,0,29,3,3,0,0,1,27,1
0,1,50,4,10,4,0,1,25,2
0,1,43,3,6,6,0,1,7,1
0,1,10,1,3,0,0,1,11,1
0,0,8,1,2,0,0,1,8,1
1,1,8,1,2,0,0,1,8,1
0,1,29,2,0,2,0,1,12,1
1,1,9,1,3,0,0,1,27,2
1,1,69,6,8,6,0,1,2,0
0,0,13,1,1,0,0,1,16,1
0,1,38,3,5,0,0,1,15,1
0,1,38,2,2,2,0,1,37,2
0,1,16,1,3,1,0,1,77,6
1,1,56,6,3,5,0,1,5,1
0,0,23,3,1,0,0,1,20,1
1,1,50,5,4,4,0,1,15,0
1,1,95,4,8,7,0,1,11,1
1,1,31,1,3,0,0,1,6,0
0,0,39,3,7,1,0,1,27,1
0,0,22,1,3,2,0,1,11,0
0,0,14,1,2,0,0,1,19,2
0,1,17,2,3,0,0,1,21,2
1,1,37,4,3,0,0,1,7,1
0,1,29,4,2,0,0,1,15,0
1,1,22,3,4,1,0,1,5,0
0,1,14,1,5,1,0,1,67,6
1,0,52,2,4,2,0,1,7,0
0,1,29,1,2,1,0,1,7,0
1,0,12,2,1,0,0,1,4,1
1,1,24,2,5,5,0,1,31,2
0,0,158,8,8,10,0,1,5,0
0,0,37,7,2,2,0,1,15,0
0,1,37,2,6,0,0,1,44,5
0,1,49,3,5,5,0,1,11,0
1,1,18,3,2,0,0,1,9,1
0,0,15,1,2,0,0,1,15,0
1,1,37,6,1,3,0,1,7,1
1,0,76,9,2,3,0,1,5,0
0,0,29,2,1,2,0,1,25,0
1,0,124,9,10,5,0,1,17,0
0,1,9,1,0,0,0,1,8,0
0,0,26,2,4,0,0,1,8,1
1,1,14,2,1,4,0,1,22,2
0,0,45,4,2,4,0,1,20,1
1,1,16,2,1,2,0,1,5,0
0,1,22,2,1,2,0,1,32,2
1,0,17,4,0,0,0,1,14,0
0,1,29,2,7,0,0,1,14,1
1,1,38,3,4,0,0,1,8,0
0,1,30,4,2,4,0,1,9,0
0,0,21,4,0,0,0,1,6,1
1,1,32,6,4,2,0,1,12,1
1,0,66,9,3,6,0,1,17,0
0,0,34,4,6,0,0,1,10,0
1,1,28,5,4,0,0,1,35,2
1,0,19,4,1,2,0,1,11,2
1,0,40,7,2,0,0,1,58,0
1,1,46,5,8,7,0,1,6,0
0,1,31,2,4,0,0,1,12,1
1,1,36,2,9,5,0,1,8,1
1,0,20,1,2,3,0,1,9,0
0,0,24,5,1,0,0,1,5,1
0,0,80,6,16,20,0,1,14,2
0,1,34,1,4,0,0,1,16,0
1,1,25,4,1,0,0,1,14,1
1,0,11,1,4,1,0,1,23,1
1,1,22,4,0,4,0,1,30,2
0,1,27,2,1,3,0,1,25,1
0,1,20,2,6,4,0,1,33,1
0,0,22,2,1,2,0,1,7,0
1,1,17,1,1,0,0,1,5,1
0,0,6,1,2,0,0,1,9,1
1,1,13,1,3,1,0,1,6,0
1,1,17,2,1,1,0,1,11,1
0,1,32,4,1,2,0,1,9,1
0,1,15,1,2,1,0,1,21,1
1,1,25,3,2,1,0,1,7,1
0,1,36,1,7,0,0,1,50,4
0,1,24,2,1,1,0,1,21,2
1,1,49,8,3,4,0,1,4,1
0,0,20,4,1,0,0,1,11,1
1,1,20,4,3,2,0,1,3,1
0,0,24,2,3,5,0,1,12,0
0,1,44,1,1,0,0,1,45,2
0,1,12,1,1,2,0,1,7,2
0,0,13,2,1,0,0,1,12,2
1,0,44,4,4,2,0,1,5,1
1,1,25,2,1,0,0,1,20,1
0,0,41,1,8,6,0,1,8,1
1,1,62,10,6,1,0,1,25,2
1,1,55,1,11,9,0,1,12,2
0,1,10,1,5,3,0,1,11,0
1,0,27,3,6,6,0,1,9,0
0,0,14,1,2,0,0,1,12,1
0,1,28,3,2,0,0,1,47,2
1,1,42,10,0,2,0,1,8,0
0,0,103,8,14,7,0,1,19,1
1,0,19,2,5,1,0,1,11,1
1,1,73,6,6,3,0,1,39,2
1,1,77,6,12,8,0,1,32,0
0,0,27,3,4,0,0,1,7,1
0,0,8,1,2,0,0,1,7,1
1,0,13,1,1,4,0,1,4,0
1,1,9,2,1,0,0,1,5,1
0,0,79,5,6,2,0,1,7,1
1,1,74,7,6,3,0,1,10,1
1,1,26,4,3,2,0,1,22,1
0,0,25,3,1,4,0,1,40,3
0,0,36,4,3,0,0,1,13,1
0,0,46,4,4,9,0,1,9,0
0,1,21,2,1,2,0,1,2,0
1,1,15,2,2,0,0,1,10,2
0,0,58,4,3,1,0,1,13,0
1,1,15,1,1,0,0,1,16,1
1,1,67,4,7,2,0,1,12,1
1,1,32,6,1,1,0,1,4,0
1,1,15,1,0,0,0,1,22,0
0,0,79,12,5,10,0,1,8,1
0,0,23,1,2,0,0,1,31,1
1,0,21,1,1,1,0,1,9,0
0,0,12,2,0,0,0,1,22,3
0,0,17,1,1,1,0,1,10,0
0,0,98,7,7,24,0,1,6,0
0,0,69,1,4,6,0,1,17,0
0,0,29,3,6,0,0,1,11,1
1,1,16,1,1,4,0,1,13,0
1,1,13,1,1,2,0,1,4,0
1,1,39,3,4,3,0,1,4,1
0,0,23,2,1,3,0,1,6,0
1,0,29,1,6,0,0,1,6,1
0,0,33,3,4,2,0,1,9,1
0,1,15,3,0,2,0,1,6,1
0,0,24,3,2,1,0,1,13,1
0,0,70,8,2,8,0,1,33,3
0,0,89,5,7,1,0,1,12,0
1,1,20,3,2,0,0,1,7,1
0,1,18,2,0,1,0,1,17,0
0,0,27,2,4,2,0,1,24,2
0,0,15,1,2,1,0,1,8,1
1,0,56,10,6,6,0,1,24,0
0,0,39,5,3,3,0,1,14,1
0,1,40,4,4,4,0,1,9,0
1,1,9,1,3,0,0,1,6,1
1,1,43,3,7,6,0,1,9,0
0,0,54,6,6,12,0,1,11,1
0,1,31,4,0,1,0,1,41,3
0,0,20,2,2,1,0,1,10,1
0,1,9,2,1,0,0,1,5,0
0,1,13,2,1,1,0,1,9,1
1,1,90,9,9,5,0,1,13,1
0,1,76,11,4,5,0,1,78,7
0,1,8,1,1,0,0,1,7,1
1,0,30,6,4,0,0,1,15,1
1,0,166,5,9,1,0,1,9,0
0,1,15,1,3,4,0,1,9,1
0,0,29,2,1,4,0,1,9,0
0,0,22,3,1,1,0,1,13,0
0,1,15,1,5,0,0,1,21,1
0,0,15,1,7,1,0,1,9,0
1,0,16,3,2,0,0,1,4,0
0,1,6,1,1,0,0,1,7,0
1,0,26,2,4,1,0,1,13,1
0,0,17,2,4,5,0,1,4,1
0,0,17,3,2,1,0,1,11,1
0,0,19,1,2,0,0,1,9,1
0,1,9,1,2,2,0,1,31,4
1,0,60,3,3,40,0,1,6,0
1,1,24,3,0,1,0,1,23,2
1,1,61,5,4,4,0,1,10,1
0,1,71,4,5,6,0,1,5,1
1,0,149,22,7,0,0,1,32,1
0,1,22,2,0,2,0,1,11,1
0,0,22,3,2,3,0,1,13,1
1,0,153,8,10,12,0,1,11,0
0,1,20,4,2,1,0,1,15,1
1,1,14,2,2,1,0,1,7,0
1,0,9,1,1,1,0,1,25,1
0,0,78,10,6,0,0,1,17,2
0,0,9,1,4,2,0,1,6,0
1,0,40,3,8,0,0,1,7,0
0,0,9,1,1,0,0,1,9,1
0,0,8,1,0,0,0,1,10,1
0,0,134,15,7,5,0,1,9,1
1,0,14,1,3,2,0,1,3,0
1,0,21,1,6,1,0,1,4,1
0,0,58,6,7,3,0,1,29,2
0,0,23,2,1,1,0,1,9,1
1,0,12,1,1,0,0,1,11,1
0,1,24,4,1,3,0,1,16,1
1,1,16,2,2,1,0,1,21,1
0,0,42,5,1,3,0,1,7,1
1,1,70,6,7,3,0,1,15,2
0,0,27,4,0,1,0,1,16,1
1,0,60,4,8,8,0,1,10,0
1,0,49,5,8,1,0,1,6,0
1,0,86,5,8,14,0,1,6,1
0,1,73,10,3,5,0,1,18,1
0,0,13,2,1,0,0,1,12,1
1,0,15,2,5,0,0,1,37,4
0,0,32,3,1,2,0,1,8,0
0,1,22,2,6,1,0,1,10,1
0,0,34,3,5,3,0,1,7,1
0,0,98,6,2,8,0,1,4,0
0,1,23,3,1,0,0,1,15,2
0,0,14,2,1,0,0,1,5,0
1,1,113,7,10,1,0,1,36,4
1,1,20,3,1,0,0,1,63,6
0,0,6,1,1,1,0,1,7,0
0,1,18,1,4,4,0,1,9,2
1,1,10,1,1,0,0,1,17,2
1,0,98,18,5,2,0,1,8,0
0,0,12,3,1,0,0,1,9,0
0,0,20,1,3,3,0,1,11,0
0,0,15,2,2,1,0,1,5,0
0,0,24,4,3,1,0,1,12,1
1,1,16,2,1,0,0,1,15,0
0,0,11,1,1,0,0,1,16,0
1,0,91,6,9,13,0,1,10,1
0,0,10,1,1,0,0,1,18,1
0,0,14,2,1,0,0,1,11,0
0,0,40,7,2,2,0,1,28,1
1,0,20,3,0,1,0,1,11,0
0,0,8,1,1,1,0,1,8,1
1,0,14,1,3,1,0,1,8,1
1,1,28,2,4,2,0,1,18,2
0,1,28,3,4,1,0,1,7,1
0,0,18,3,1,0,0,1,10,0
1,0,70,6,8,5,0,1,12,0
0,0,31,3,3,4,0,1,3,0
0,1,17,3,0,0,0,1,27,2
1,1,24,4,0,0,0,1,7,1
0,1,62,1,3,0,0,1,7,0
1,1,48,4,3,2,0,1,9,0
1,1,33,4,3,1,0,1,6,1
0,1,54,4,5,5,0,1,23,2
1,1,49,1,8,0,0,1,7,0
0,1,19,4,1,0,0,1,10,1
1,0,30,4,3,2,0,1,7,1
1,1,28,2,3,4,0,1,31,6
1,1,74,6,5,7,0,1,10,2
0,0,27,3,3,0,0,1,4,0
1,1,109,14,12,6,0,1,9,1
1,1,10,1,0,2,0,1,10,1
1,0,59,3,5,5,0,1,6,1
0,0,58,7,6,8,0,1,14,1
1,1,227,1,6,8,0,1,8,0
1,1,40,2,5,0,0,1,60,5
1,1,61,4,1,10,0,1,6,1
1,0,145,2,7,6,0,1,19,2
1,0,20,3,0,0,0,1,11,1
1,1,88,3,12,14,0,1,8,1
1,1,20,2,2,0,0,1,4,0
0,0,18,2,1,1,0,1,10,0
0,1,17,2,2,2,0,1,30,2
0,0,106,10,14,2,0,1,11,0
0,0,19,2,4,0,0,1,7,0
1,1,32,6,2,5,0,1,11,1
0,0,18,3,1,0,0,1,6,0
1,1,59,3,6,2,0,1,21,2
0,0,57,7,4,2,0,1,10,1
0,0,31,2,2,0,0,1,10,1
1,1,91,5,16,8,0,1,5,1
0,0,37,3,4,0,0,1,31,1
1,0,9,1,1,0,0,1,9,1
0,1,11,1,2,1,0,1,3,0
1,0,34,4,5,3,0,1,25,4
1,0,25,2,3,0,0,1,17,1
0,0,24,2,4,4,0,1,4,0
1,0,17,2,1,1,0,1,7,1
0,0,40,5,5,1,0,1,8,1
1,0,67,5,7,5,0,1,13,1
0,0,21,4,2,1,0,1,13,1
1,0,30,2,1,1,0,1,8,1
1,1,17,3,1,0,0,1,30,3
1,0,32,2,3,5,0,1,11,0
1,1,17,2,2,0,0,1,16,1
0,1,30,2,2,6,0,1,18,1
1,0,9,2,2,0,0,1,11,0
1,0,15,1,4,1,0,1,10,1
1,1,41,5,4,0,0,1,9,0
0,0,26,1,6,1,0,1,3,0
0,1,35,2,5,3,0,1,13,1
1,1,46,2,3,7,0,1,6,1
0,0,8,2,0,0,0,1,8,1
1,1,86,11,2,14,0,1,9,1
1,1,79,9,9,11,0,1,7,0
0,0,19,3,2,2,0,1,14,1
0,0,24,1,8,6,0,1,12,1
0,1,23,1,4,1,0,1,6,1
1,1,22,2,3,0,0,1,14,1
1,0,81,6,4,3,0,1,9,1
1,0,25,3,3,1,0,1,9,1
0,0,37,4,3,2,0,1,13,1
1,0,26,2,1,1,0,1,7,1
1,0,25,2,2,4,0,1,7,1
1,1,74,14,4,0,0,1,45,0
0,0,14,3,1,0,0,1,14,1
0,1,32,4,2,1,0,1,11,1
1,0,121,11,7,10,0,1,15,1
0,1,82,8,9,6,0,1,4,1
1,0,81,8,11,12,0,1,4,1
0,0,16,3,0,0,0,1,5,1
0,1,58,10,3,0,0,1,40,2
1,1,68,7,4,8,0,1,52,3
1,1,30,3,3,2,0,1,38,2
0,0,26,3,1,1,0,1,17,2
1,1,158,16,5,12,0,1,26,0
1,0,16,2,1,0,0,1,9,1
0,0,6,1,1,0,0,1,20,0
0,1,25,4,2,0,0,1,27,2
0,1,14,2,2,2,0,1,16,0
1,1,106,1,8,0,0,1,7,0
1,0,48,9,5,0,0,1,2,0
0,1,43,5,6,0,0,1,16,2
1,1,45,3,8,7,0,1,8,1
0,0,49,4,5,3,0,1,13,0
1,1,44,2,9,5,0,1,4,1
0,0,32,3,5,0,0,1,7,1
1,1,14,3,0,0,0,1,23,1
0,0,26,4,2,2,0,1,12,1
1,1,27,3,4,6,0,1,5,1
1,0,8,1,0,1,0,1,6,1
1,1,33,3,4,4,0,1,6,1
1,1,7,1,1,2,0,1,11,1
0,0,18,2,5,3,0,1,10,1
1,1,36,5,1,0,0,1,13,1
0,1,77,2,7,12,0,1,17,2
1,1,26,2,2,3,0,1,14,1
0,1,72,3,9,11,0,1,27,0
1,1,35,5,2,5,0,1,8,0
0,1,30,3,4,2,0,1,14,1
1,1,145,13,7,4,0,1,19,1
0,0,36,6,2,4,0,1,12,0
1,0,19,2,1,2,0,1,8,1
1,0,22,3,2,1,0,1,21,3
1,0,51,5,1,1,0,1,15,1
1,0,38,2,3,1,0,1,14,1
0,0,9,2,0,2,0,1,28,2
1,0,82,15,4,8,0,1,3,0
0,0,78,8,6,6,0,1,43,3
0,1,25,5,2,0,0,1,18,0
0,1,16,3,0,2,0,1,20,2
0,0,18,3,3,2,0,1,4,1
1,1,115,6,9,8,0,1,9,1
1,1,16,1,2,1,0,1,10,1
0,0,15,3,0,0,0,1,10,0
0,0,36,3,6,5,0,1,14,2
1,1,30,5,0,2,0,1,9,1
0,1,8,1,1,1,0,1,6,0
1,1,23,3,0,1,0,1,37,0
0,0,42,3,6,13,0,1,5,0
0,0,59,5,3,8,0,1,5,1
1,0,25,2,5,3,0,1,14,1
0,0,10,2,2,1,0,1,10,1
1,1,47,5,5,3,0,1,35,1
0,1,9,2,1,0,0,1,6,1
0,1,26,4,1,4,0,1,7,1
1,0,123,10,4,9,0,1,10,0
0,0,8,1,2,0,0,1,8,1
0,1,36,5,4,4,0,1,4,1
0,0,58,2,8,8,0,1,8,1
1,1,52,5,7,13,0,1,59,5
0,1,30,2,4,1,0,1,5,1
0,1,33,3,5,1,0,1,25,2
1,1,16,2,2,0,0,1,11,0
0,1,14,2,3,2,0,1,3,0
0,0,15,2,1,2,0,1,9,1
1,0,53,1,2,0,0,1,12,0
1,0,45,4,3,0,0,1,22,0
1,1,12,1,0,0,0,1,13,0
0,1,48,3,2,4,0,1,11,0
0,1,13,1,4,2,0,1,7,0
0,0,54,4,7,3,0,1,7,1
0,1,18,2,4,0,0,1,7,0
0,1,39,3,1,4,0,1,8,1
1,0,162,14,10,4,0,1,10,1
0,0,8,1,0,0,0,1,5,1
0,1,12,1,3,2,0,1,76,0
0,1,16,1,4,3,0,1,3,0
1,1,37,2,5,1,0,1,16,0
0,0,9,1,2,0,0,1,4,1
1,1,25,1,4,0,0,1,17,1
0,0,16,2,1,2,0,1,8,0
1,1,29,3,2,2,0,1,11,1
0,0,24,2,1,4,0,1,28,3
0,0,29,1,8,8,0,1,12,1
1,0,84,1,3,4,0,1,7,0
1,0,91,10,4,31,0,1,5,0
0,1,10,1,0,2,0,1,27,0
1,1,10,1,2,1,0,1,8,0
1,0,11,1,1,2,0,1,7,1
1,1,59,1,7,16,0,1,2,0
0,0,36,1,5,0,0,1,14,0
1,0,26,1,6,0,0,1,8,1
1,1,40,4,4,1,0,1,12,0
1,1,95,12,6,6,0,1,6,1
0,1,14,1,4,0,0,1,70,7
1,0,49,5,8,0,0,1,8,1
1,0,98,13,4,8,0,1,8,1
1,0,70,6,8,7,0,1,10,1
0,1,9,2,0,0,0,1,9,1
0,1,18,3,0,10,0,1,22,2
0,0,33,5,1,1,0,1,8,1
1,0,70,6,6,7,0,1,19,1
1,1,24,1,3,4,0,1,17,1
1,1,8,1,1,1,0,1,23,1
1,1,51,1,4,2,0,1,8,0
1,1,76,5,5,3,0,1,24,0
1,0,55,1,15,15,0,1,4,0
1,1,38,9,1,6,0,1,4,0
1,0,76,5,10,13,0,1,4,1
1,0,23,3,4,3,0,1,24,3
0,1,15,2,2,1,0,1,3,0
1,0,21,1,9,2,0,1,30,0
0,0,14,2,0,2,0,1,5,1
0,0,28,2,2,0,0,1,18,1
0,1,21,1,8,0,0,1,10,1
0,1,112,5,1,1,0,1,10,0
0,1,22,3,2,4,0,1,3,0
1,0,49,7,4,2,0,1,8,1
1,1,118,13,7,20,0,1,12,1
1,1,49,2,9,15,0,1,12,3
0,0,34,1,5,13,0,1,4,0
0,0,26,3,3,4,0,1,12,1
0,1,7,1,0,0,0,1,5,0
0,0,11,1,1,2,0,1,25,2
1,1,42,4,4,1,0,1,9,0
1,1,32,5,0,0,0,1,11,0
0,0,25,1,1,0,0,1,36,1
0,1,13,1,0,0,0,1,36,1
1,0,56,7,4,3,0,1,6,1
0,0,24,1,8,0,0,1,8,1
0,0,15,3,1,0,0,1,17,1
0,1,28,4,1,1,0,1,20,4
1,0,130,11,14,25,0,1,10,1
0,1,32,2,3,7,0,1,5,1
1,0,17,1,5,3,0,1,9,1
1,1,19,2,2,0,0,1,13,1
0,0,14,2,1,0,0,1,28,0
1,0,27,3,2,0,0,1,13,1
1,1,47,3,6,4,0,1,11,1
1,1,18,2,3,1,0,1,4,0
0,1,32,1,1,5,0,1,67,2
1,1,90,5,12,0,0,1,5,0
0,0,27,4,2,2,0,1,14,1
1,1,74,9,1,3,0,1,9,0
0,1,14,3,0,2,0,1,2,0
1,1,16,2,1,0,0,1,22,1
0,1,49,4,6,12,0,1,11,1
0,1,13,1,2,1,0,1,11,1
1,0,64,5,7,7,0,1,8,1
1,1,96,10,12,0,0,1,9,1
0,0,37,6,3,3,0,1,22,2
0,1,13,2,1,0,0,1,11,0
0,0,9,1,3,0,0,1,10,2
1,1,16,1,0,5,0,1,5,0
1,1,13,2,1,0,0,1,29,5
0,0,80,4,11,0,0,1,7,1
1,1,20,1,3,0,0,1,13,2
1,1,58,4,2,12,0,1,7,0
0,0,24,2,2,2,0,1,6,1
1,1,36,7,3,0,0,1,15,1
1,1,18,3,3,2,0,1,7,0
0,0,10,2,0,0,0,1,17,1
1,0,13,1,2,1,0,1,9,1
0,1,40,3,8,1,0,1,12,2
0,1,28,2,7,2,0,1,8,1
0,1,34,3,5,1,0,1,17,1
0,1,31,5,1,2,0,1,4,0
0,1,23,3,1,1,0,1,14,1
1,1,44,6,3,1,0,1,3,0
0,0,10,1,1,1,0,1,8,1
1,0,41,1,5,0,0,1,14,1
1,0,40,4,6,0,0,1,19,0
0,0,22,2,5,0,0,1,8,0
0,0,64,4,8,9,0,1,21,1
0,0,21,4,3,1,0,1,26,1
1,1,101,4,11,19,0,1,11,1
0,0,30,4,6,2,0,1,9,1
0,0,19,4,1,0,0,1,9,1
1,1,13,2,0,0,0,1,3,0
0,1,29,1,10,1,0,1,5,1
0,1,21,3,0,4,0,1,6,0
1,0,13,1,2,2,0,1,9,1
1,1,32,4,3,0,0,1,32,0
0,0,24,1,5,3,0,1,5,1
0,1,13,1,5,0,0,1,9,1
0,0,76,10,7,2,0,1,22,1
0,1,30,2,3,9,0,1,14,1
1,1,19,1,6,2,0,1,9,1
0,0,12,1,0,0,0,1,14,1
1,1,17,1,2,0,0,1,38,2
1,1,47,9,1,0,0,1,7,0
0,0,22,5,1,0,0,1,2,0
0,0,42,3,5,0,0,1,22,0
0,0,29,4,1,4,0,1,20,1
1,1,12,1,0,0,0,1,4,1
1,1,24,1,5,0,0,1,38,3
0,0,36,3,5,1,0,1,32,0
0,1,13,3,0,0,0,1,6,0
0,1,9,1,1,1,0,1,5,0
0,0,25,3,3,3,0,1,16,1
0,0,29,1,4,0,0,1,6,0
1,1,34,5,2,0,0,1,62,3
1,0,115,15,12,5,0,1,8,1
1,0,66,3,5,3,0,1,3,0
0,1,23,2,3,6,0,1,6,0
0,0,14,1,1,3,0,1,8,1
0,0,8,1,1,0,0,1,15,1
0,1,31,3,1,1,0,1,7,1
0,0,21,1,8,9,0,1,6,0
0,0,6,1,2,0,0,1,13,2
1,0,64,9,5,1,0,1,14,1
1,1,18,3,1,0,0,1,14,3
0,0,14,1,2,0,0,1,8,0
1,1,71,8,7,14,0,1,4,1
0,1,18,4,1,0,0,1,5,1
0,0,37,8,2,3,0,1,24,3
1,1,196,11,8,14,0,1,10,0
1,1,77,6,5,21,0,1,9,0
1,1,60,4,3,8,0,1,5,0
1,1,53,9,2,3,0,1,8,1
1,0,46,6,5,8,0,1,11,2
0,1,79,8,10,8,0,1,17,1
1,1,41,5,3,3,0,1,8,1
0,0,58,2,1,0,0,1,18,0
0,1,40,4,4,5,0,1,20,2
1,1,38,6,3,1,0,1,42,5
0,1,48,4,7,0,0,1,13,1
0,1,72,10,3,14,0,1,39,2
0,0,5,1,1,0,0,1,4,1
1,0,10,2,1,0,0,1,4,1
0,1,59,2,9,2,0,1,4,0
1,0,65,3,6,11,0,1,7,1
0,0,21,3,3,0,0,1,15,1
1,1,19,1,1,0,0,1,8,0
0,0,8,1,3,0,0,1,4,0
1,1,17,3,0,0,0,1,23,2
0,0,34,5,2,1,0,1,45,3
0,1,30,2,7,11,0,1,12,0
0,0,49,5,5,0,0,1,24,1
1,0,13,2,1,0,0,1,7,1
1,0,35,2,5,7,0,1,5,1
0,1,16,2,1,0,0,1,13,2
0,0,20,2,2,3,0,1,25,2
0,0,14,2,0,0,0,1,16,1
0,0,30,3,0,1,0,1,17,2
1,0,26,2,2,3,0,1,7,1
1,0,85,8,7,14,0,1,12,1
0,0,13,2,2,1,0,1,3,0
1,0,48,4,3,2,0,1,14,1
1,0,13,2,1,1,0,1,4,0
1,1,74,7,6,8,0,1,7,0
0,1,78,6,2,20,0,1,26,3
1,0,47,4,8,3,0,1,9,1
0,1,23,2,3,2,0,1,14,1
0,0,16,2,1,2,0,1,31,1
0,1,18,2,1,2,0,1,21,2
0,0,53,9,3,0,0,1,17,2
1,1,65,13,1,1,0,1,38,2
1,1,162,1,3,6,0,1,7,0
0,1,67,5,2,6,0,1,31,2
0,0,49,5,6,0,0,1,7,1
1,1,53,6,3,2,0,1,13,0
1,0,42,2,2,4,0,1,8,0
1,0,14,1,3,2,0,1,19,1
1,0,34,4,3,8,0,1,5,1
1,1,101,12,9,16,0,1,14,3
1,1,23,2,0,1,0,1,9,1
1,1,103,11,10,8,0,1,38,2
0,1,48,9,0,23,0,1,7,1
1,0,29,4,2,0,0,1,4,0
0,0,30,3,4,4,0,1,9,1
1,0,110,8,16,10,0,1,14,1
0,0,60,6,2,2,0,1,17,1
0,0,31,4,2,0,0,1,10,1
1,1,28,3,1,2,0,1,17,2
0,0,13,2,0,1,0,1,8,1
0,0,10,2,1,0,0,1,22,2
1,1,14,1,5,0,0,1,8,1
0,1,26,2,2,1,0,1,9,1
1,1,9,1,1,3,0,1,16,1
1,1,52,4,12,8,0,1,8,1
0,1,18,1,3,0,0,1,27,2
0,1,34,2,8,6,0,1,31,3
1,1,9,2,1,0,0,1,10,1
1,0,10,1,2,2,0,1,8,1
1,1,22,2,7,1,0,1,10,1
1,0,11,1,1,0,0,1,7,1
1,1,35,3,5,0,0,1,9,1
0,1,61,2,9,0,0,1,9,1
0,1,44,3,5,1,0,1,14,2
1,1,32,3,9,1,0,1,3,0
1,1,20,1,2,1,0,1,13,1
1,1,14,3,1,0,0,1,5,1
0,0,29,1,12,3,0,1,11,0
0,1,17,2,1,1,0,1,8,0
1,1,11,1,3,3,0,1,5,1
1,0,57,7,6,1,0,1,9,1
0,0,39,2,8,7,0,1,5,1
0,0,89,8,6,18,0,1,3,0
0,1,9,1,1,0,0,1,9,1
0,0,17,2,2,1,0,1,6,0
0,0,27,4,4,0,0,1,6,1
0,0,10,1,0,1,0,1,7,1
0,0,8,1,1,0,0,1,9,1
0,1,35,7,4,1,0,1,12,1
1,1,14,1,4,1,0,1,26,1
1,0,132,8,9,15,0,1,16,0
1,1,16,2,1,2,0,1,13,1
0,0,70,11,3,0,0,1,68,3
1,1,29,4,5,1,0,1,16,1
1,1,58,4,2,29,0,1,8,0
0,0,16,2,2,0,0,1,7,1
1,1,14,2,0,2,0,1,10,1
0,1,64,4,6,4,0,1,10,0
1,0,106,14,7,18,0,1,11,0
1,0,26,3,3,0,0,1,8,1
0,0,51,1,4,24,0,1,5,1
1,1,123,5,14,22,0,1,13,1
0,1,17,1,5,0,0,1,2,0
0,0,11,1,1,0,0,1,13,1
0,0,15,1,1,1,0,1,20,3
1,1,58,4,6,1,0,1,7,1
1,1,96,1,8,0,0,1,7,0
0,0,17,1,3,2,0,1,9,1
0,0,73,7,6,7,0,1,24,2
0,0,70,5,9,6,0,1,10,1
1,1,8,1,2,0,0,1,34,3
1,0,116,16,15,2,0,1,9,1
1,1,19,1,3,0,0,1,6,0
0,1,79,9,7,6,0,1,17,2
0,1,17,2,3,1,0,1,11,1
0,0,19,2,2,0,0,1,22,2
1,1,156,1,2,15,0,1,8,0
0,1,21,2,4,2,0,1,11,0
0,0,11,1,2,1,0,1,3,0
0,1,36,3,5,2,0,1,7,1
0,1,8,2,0,0,0,1,6,1
1,1,17,1,7,1,0,1,14,0
0,1,31,2,2,4,0,1,10,1
1,1,43,4,3,0,0,1,4,0
1,1,31,5,2,0,0,1,15,2
0,1,36,3,2,0,0,1,35,0
0,1,11,1,1,0,0,1,14,1
1,1,46,3,4,0,0,1,6,0
0,1,27,3,5,4,0,1,20,1
0,0,10,2,2,1,0,1,3,0
1,0,39,5,3,2,0,1,6,1
0,1,16,1,1,1,0,1,10,1
1,0,29,2,4,4,0,1,13,0
0,0,43,3,10,6,0,1,4,0
0,1,53,1,3,20,0,1,76,6
1,0,58,6,2,12,0,1,12,1
0,0,30,1,7,4,0,1,11,1
1,0,9,3,0,2,0,1,12,0
1,1,48,2,5,15,0,1,12,0
1,1,47,6,3,1,0,1,23,1
0,0,14,1,2,0,0,1,6,1
0,0,17,1,3,1,0,1,12,1
0,0,72,5,8,9,0,1,9,1
1,1,34,1,2,0,0,1,7,0
1,1,109,8,3,11,0,1,15,3
0,0,90,3,14,0,0,1,25,2
0,1,24,1,5,8,0,1,7,1
1,1,28,3,3,3,0,1,8,1
1,1,12,2,1,0,0,1,50,3
1,1,61,4,4,10,0,1,11,0
0,1,20,3,0,2,0,1,12,1
0,0,20,1,2,4,0,1,19,2
0,0,13,1,4,2,0,1,4,0
1,1,33,3,4,0,0,1,6,0
0,1,38,2,7,2,0,1,43,3
1,1,5,1,0,0,0,1,9,1
1,0,79,7,5,4,0,1,31,3
0,0,20,2,4,2,0,1,11,1
0,1,22,2,2,1,0,1,5,0
0,0,7,1,1,0,0,1,5,0
1,1,44,9,0,1,0,1,6,1
1,1,12,3,0,0,0,1,7,1
0,1,21,2,2,6,0,1,11,0
1,0,38,7,1,3,0,1,12,3
0,0,12,2,0,0,0,1,8,0
0,0,25,2,2,3,0,1,12,0
1,0,35,2,2,2,0,1,6,1
1,1,19,3,2,2,0,1,6,1
1,1,85,5,9,6,0,1,12,1
0,0,46,6,3,2,0,1,19,0
1,1,21,1,5,1,0,1,25,0
1,0,25,1,5,7,0,1,3,0
1,1,47,3,3,4,0,1,5,1
0,0,27,1,2,0,0,1,15,1
0,0,30,5,2,4,0,1,11,1
1,1,7,1,3,2,0,1,4,0
1,1,39,3,3,1,0,1,29,2
0,1,21,2,1,7,0,1,9,1
0,1,13,1,2,0,0,1,8,1
1,1,13,2,2,0,0,1,5,0
1,1,31,3,6,0,0,1,21,2
0,0,16,1,1,4,0,1,17,3
0,0,71,5,10,3,0,1,16,1
0,1,23,3,1,3,0,1,7,1
0,1,17,2,1,1,0,1,13,1
1,0,75,5,11,1,0,1,5,1
1,1,44,2,5,0,0,1,10,1
0,1,83,9,7,10,0,1,6,1
1,0,47,7,5,5,0,1,8,0
0,0,23,4,2,0,0,1,3,0
1,1,34,7,1,1,0,1,11,1
0,1,11,1,2,0,0,1,12,1
1,0,109,15,10,21,0,1,10,0
0,0,18,2,1,3,0,1,13,2
0,0,42,6,4,6,0,1,38,0
0,1,74,3,5,4,0,1,43,2
1,0,37,5,4,9,0,1,9,1
1,0,19,4,0,0,0,1,8,1
0,1,25,4,1,1,0,1,10,1
0,0,13,1,2,2,0,1,11,1
1,0,18,1,4,1,0,1,8,1
0,0,32,2,2,4,0,1,13,1
1,1,62,4,7,5,0,1,9,1
1,1,79,12,9,2,0,1,19,0
1,0,113,1,16,16,0,1,4,0
0,0,13,2,1,0,0,1,41,2
1,1,42,5,5,6,0,1,9,1
0,1,45,4,2,1,0,1,69,3
0,1,4,1,0,0,0,1,11,1
1,0,87,8,5,10,0,1,8,1
0,0,7,1,2,1,0,1,17,0
0,1,14,2,1,0,0,1,13,1
1,1,81,8,10,6,0,1,15,2
1,1,33,4,3,0,0,1,8,0
0,0,20,1,4,3,0,1,11,0
0,0,38,5,5,1,0,1,12,1
0,0,32,4,4,2,0,1,8,1
0,0,21,2,1,5,0,1,14,2
0,0,103,7,12,14,0,1,15,1
1,1,80,3,10,5,0,1,8,1
0,0,30,2,5,4,0,1,7,1
0,1,65,9,3,1,0,1,11,1
1,1,21,1,6,0,0,1,15,1
1,0,23,1,4,6,0,1,3,0
0,1,30,3,7,2,0,1,7,1
1,1,28,5,1,0,0,1,5,1
0,1,17,1,2,5,0,1,63,5
1,0,101,7,6,4,0,1,36,3
1,1,58,7,4,5,0,1,10,1
1,1,21,2,3,1,0,1,21,1
1,0,87,15,6,5,0,1,9,1
0,1,42,3,7,4,0,1,33,0
0,0,33,2,7,5,0,1,12,1
0,0,7,1,1,0,0,1,10,0
1,1,28,1,3,1,0,1,6,1
1,0,72,5,5,10,0,1,49,5
1,1,59,5,2,1,0,1,7,0
1,1,78,8,1,9,0,1,7,0
0,1,29,3,2,0,0,1,27,2
1,0,143,19,8,15,0,1,29,2
0,0,37,5,2,2,0,1,39,2
1,0,13,3,0,0,0,1,8,1
1,1,26,3,3,0,0,1,5,0
1,1,66,5,5,7,0,1,12,1
1,1,31,2,3,0,0,1,16,2
1,0,92,15,4,0,0,1,10,1
1,1,10,1,0,0,0,1,11,0
0,1,27,4,3,2,0,1,13,0
0,1,19,3,3,0,0,1,26,2
1,1,14,2,1,0,0,1,1,0
1,0,153,10,6,3,0,1,10,1
0,0,37,2,13,0,0,1,8,1
1,1,121,15,3,15,0,1,7,0
1,1,18,1,10,0,0,1,6,1
0,1,39,5,2,2,0,1,5,0
0,1,10,1,1,1,0,1,8,3
1,0,33,2,6,2,0,1,8,1
0,0,7,1,1,0,0,1,15,1
0,1,17,2,2,2,0,1,8,1
0,0,22,2,0,1,0,1,8,1
0,1,30,5,2,2,0,1,23,2
1,0,70,6,9,2,0,1,13,1
0,1,10,1,2,0,0,1,15,0
0,0,17,1,1,0,0,1,27,4
0,1,27,4,1,0,0,1,5,1
1,1,60,6,5,9,0,1,15,1
1,1,50,5,6,4,0,1,37,2
0,1,9,1,3,0,0,1,4,0
1,0,12,1,2,0,0,1,19,2
1,0,25,3,3,1,0,1,4,0
1,0,83,7,9,22,0,1,26,0
0,0,250,1,25,15,0,1,7,0
1,0,16,1,1,1,0,1,23,2
0,1,32,1,2,0,0,1,6,0
1,1,27,4,1,1,0,1,27,1
0,0,14,2,1,0,0,1,11,1
1,1,22,1,3,0,0,1,14,2
1,1,37,6,1,0,0,1,15,2
0,1,12,1,2,2,0,1,21,2
0,1,8,1,1,0,0,1,8,1
0,0,111,7,11,4,0,1,6,1
0,0,21,1,5,1,0,1,11,1
1,0,65,10,3,0,0,1,14,1
0,1,18,2,1,2,0,1,24,1
0,1,9,1,1,0,0,1,8,1
1,1,18,3,2,0,0,1,26,4
1,1,17,3,2,0,0,1,12,1
1,0,106,1,5,0,0,1,7,0
0,1,31,3,5,2,0,1,81,5
1,0,55,2,6,5,0,1,7,1
0,1,12,2,2,0,0,1,7,1
1,0,18,2,1,0,0,1,8,1
1,0,25,2,1,1,0,1,22,1
0,1,16,1,3,0,0,1,12,1
1,0,116,14,12,4,0,1,9,1
0,1,47,3,9,10,0,1,66,8
1,0,86,9,4,16,0,1,14,1
0,0,28,4,3,0,0,1,6,1
1,1,11,2,0,0,0,1,13,1
0,0,43,3,8,6,0,1,15,2
0,0,106,9,9,18,0,1,13,1
0,1,14,1,1,1,0,1,13,1
0,0,21,4,1,0,0,1,10,0
0,0,22,3,5,2,0,1,21,0
0,1,14,1,5,1,0,1,9,1
0,0,32,5,4,3,0,1,41,3
1,0,84,14,9,2,0,1,11,1
1,1,16,1,1,1,0,1,25,2
1,0,70,6,8,1,0,1,24,1
1,0,18,2,2,4,0,1,9,0
1,0,18,2,1,0,0,1,5,1
0,0,26,3,1,1,0,1,4,0
1,1,101,15,5,8,0,1,14,0
0,0,17,3,3,0,0,1,3,1
1,0,41,5,5,3,0,1,3,0
1,1,34,4,4,3,0,1,10,1
1,1,15,2,4,0,0,1,7,1
0,0,14,2,1,0,0,1,7,1
0,0,19,1,1,2,0,1,11,0
1,1,15,2,2,1,0,1,8,1
1,1,16,2,0,2,0,1,14,1
0,1,26,1,5,3,0,1,5,1
1,1,26,3,3,4,0,1,12,1
0,1,39,3,3,0,0,1,34,1
0,0,30,3,4,2,0,1,10,1
0,0,7,1,1,0,0,1,13,0
0,1,22,3,3,5,0,1,20,1
1,1,9,1,1,0,0,1,27,2
0,1,9,1,2,0,0,1,11,0
0,1,14,3,1,0,0,1,5,1
0,0,8,1,2,2,0,1,12,1
1,0,100,7,4,16,0,1,21,0
0,1,16,1,3,0,0,1,17,1
1,0,55,3,6,5,0,1,9,1
1,1,56,4,9,11,0,1,30,0
0,1,13,2,2,2,0,1,33,4
1,1,24,1,2,2,0,1,10,1
1,1,110,10,11,1,0,1,55,3
1,1,21,3,1,0,0,1,8,1
1,1,9,1,2,0,0,1,7,0
1,1,32,5,2,0,0,1,8,0
0,1,32,2,5,3,0,1,6,1
0,1,62,4,9,7,0,1,15,0
0,0,30,3,1,3,0,1,23,2
0,0,19,1,3,1,0,1,13,2
0,0,39,3,4,4,0,1,12,0
0,0,10,1,0,0,0,1,6,0
0,0,23,4,0,0,0,1,4,1
1,0,10,1,1,4,0,1,7,1
0,0,24,3,1,3,0,1,4,1
1,1,16,2,1,0,0,1,11,1
1,1,17,1,3,2,0,1,11,2
0,0,37,5,4,2,0,1,42,1
1,1,63,9,3,1,0,1,10,0
1,0,31,6,2,0,0,1,2,0
0,1,11,2,0,0,0,1,30,3
1,1,23,1,2,6,0,1,3,0
0,1,24,3,3,0,0,1,4,1
1,0,36,6,5,1,0,1,11,1
0,0,42,5,7,4,0,1,8,3
0,0,26,2,5,0,0,1,19,1
1,1,35,3,2,3,0,1,5,1
1,0,78,7,4,2,0,1,5,1
0,0,9,1,0,1,0,1,4,0
1,0,31,4,3,1,0,1,28,2
0,0,13,1,0,3,0,1,6,1
1,0,45,4,5,0,0,1,6,1
1,1,100,8,12,17,0,1,17,2
1,1,109,13,2,3,0,1,6,1
1,1,43,1,8,0,0,1,10,1
0,0,35,5,1,2,0,1,30,1
1,0,10,1,2,0,0,1,15,2
1,0,66,3,15,0,0,1,25,4
0,0,39,3,0,1,0,1,5,0
1,0,11,2,1,0,0,1,21,2
0,1,22,1,4,0,0,1,7,0
1,0,14,2,3,0,0,1,11,1
0,0,20,5,2,0,0,1,9,1
1,0,56,4,5,2,0,1,7,1
0,0,11,3,2,1,0,1,11,0
0,0,17,2,5,0,0,1,5,1
0,1,17,2,3,0,0,1,37,2
1,1,124,13,14,8,0,1,7,0
0,1,12,1,1,3,0,1,11,1
0,0,9,2,0,0,0,1,4,1
1,1,28,3,4,1,0,1,7,1
1,1,23,3,3,2,0,1,14,1
0,0,6,1,0,0,0,1,14,1
1,1,57,7,5,0,0,1,14,1
0,0,17,2,0,2,0,1,19,1
1,1,27,2,4,0,0,1,22,2
1,1,30,2,2,2,0,1,9,0
0,1,22,2,2,2,0,1,10,0
0,0,46,6,3,1,0,1,21,3
0,1,24,3,1,1,0,1,9,1
1,1,15,2,1,0,0,1,14,1
0,0,11,1,2,2,0,1,11,1
0,0,23,4,1,1,0,1,7,1
0,0,12,3,0,1,0,1,4,1
1,0,167,12,17,14,0,1,13,1
1,0,12,1,2,0,0,1,6,1
0,0,33,1,8,1,0,1,13,0
1,1,16,2,3,0,0,1,10,1
1,1,14,1,5,1,0,1,4,1
0,0,51,5,6,0,0,1,10,1
1,1,54,4,12,5,0,1,32,2
0,0,35,1,4,1,0,1,7,0
0,0,41,4,2,2,0,1,15,2
1,1,80,10,5,14,0,1,10,1
0,0,26,2,2,2,0,1,5,1
1,1,10,1,2,2,0,1,6,1
1,1,436,1,4,102,0,1,3,0
0,1,31,5,3,1,0,1,55,5
0,0,26,1,1,5,0,1,30,2
1,1,79,14,2,2,0,1,36,2
1,1,26,2,1,1,0,1,6,0
1,0,111,5,23,12,0,1,6,0
1,1,32,4,2,1,0,1,7,1
1,0,22,2,1,2,0,1,2,0
1,1,19,1,4,1,0,1,4,0
0,1,35,4,2,2,0,1,12,1
1,0,98,8,6,4,0,1,6,0
1,0,74,4,9,0,0,1,13,1
0,1,8,2,0,0,0,1,12,1
1,1,16,1,1,0,0,1,2,0
1,1,49,3,9,7,0,1,23,2
1,0,63,7,3,3,0,1,7,1
1,1,29,2,6,6,0,1,4,1
1,1,67,4,14,11,0,1,10,1
1,1,32,5,2,0,0,1,17,0
1,0,16,4,1,2,0,1,10,0
1,1,91,14,6,14,0,1,11,1
1,0,17,2,1,6,0,1,12,1
0,1,17,2,2,0,0,1,12,0
1,1,57,4,6,1,0,1,47,2
1,1,58,1,3,3,0,1,13,1
0,0,32,3,3,1,0,1,52,0
1,0,119,17,0,10,0,1,11,1
1,0,10,1,1,1,0,1,8,0
0,0,44,4,5,0,0,1,27,2
0,0,41,7,2,2,0,1,14,0
0,0,31,1,1,2,0,1,8,1
0,0,15,2,1,0,0,1,13,0
0,0,58,8,4,4,0,1,25,2
0,0,17,2,1,2,0,1,27,1
0,0,27,3,3,1,0,1,19,1
1,1,23,4,2,1,0,1,16,1
1,1,45,3,4,8,0,1,7,0
1,0,67,7,5,0,0,1,10,1
0,0,19,1,3,3,0,1,39,5
1,1,61,9,3,4,0,1,17,3
1,1,80,9,6,16,0,1,8,1
0,0,12,1,1,1,0,1,8,0
1,0,52,5,8,3,0,1,19,1
0,1,31,2,7,0,0,1,7,1
0,0,16,3,1,4,0,1,13,0
0,0,28,2,4,0,0,1,27,1
0,1,42,6,3,2,0,1,3,0
0,1,21,2,1,0,0,1,11,0
0,0,37,3,4,2,0,1,31,2
0,0,56,9,3,4,0,1,8,1
1,1,39,4,2,6,0,1,15,0
0,1,37,4,3,0,0,1,13,1
0,0,12,2,1,3,0,1,8,0
0,0,30,2,2,1,0,1,10,0
0,0,64,3,6,5,0,1,6,0
1,1,69,1,4,0,0,1,64,2
1,1,30,3,3,5,0,1,4,0
0,1,10,1,1,0,0,1,22,0
1,0,61,6,8,1,0,1,14,1
0,0,46,3,10,0,0,1,13,1
0,1,12,1,2,2,0,1,10,1
0,1,9,1,3,0,0,1,7,0
1,1,19,1,4,0,0,1,7,0
1,1,32,5,1,1,0,1,7,0
1,1,37,3,1,9,0,1,18,0
1,0,98,7,9,1,0,1,34,3
0,1,11,2,0,0,0,1,7,1
0,0,84,9,9,4,0,1,11,0
1,0,124,15,7,3,0,1,49,3
0,0,23,3,3,0,0,1,8,1
1,1,22,5,1,2,0,1,7,0
0,1,18,1,1,5,0,1,6,1
0,0,11,1,1,0,0,1,41,3
0,0,14,1,3,0,0,1,3,0
0,0,60,1,12,8,0,1,10,1
0,1,35,1,3,0,0,1,59,6
1,0,105,6,5,7,0,1,11,1
1,1,36,2,6,11,0,1,5,0
1,1,40,5,5,1,0,1,43,2
0,1,39,3,8,2,0,1,9,1
1,1,97,5,7,22,0,1,7,1
1,0,40,4,5,1,0,1,7,0
0,1,32,8,0,0,0,1,9,1
1,1,19,1,5,1,0,1,13,1
1,0,11,3,0,0,0,1,10,0
0,0,22,2,2,2,0,1,26,1
0,0,17,3,2,1,0,1,6,0
1,1,35,6,2,5,0,1,4,0
0,0,24,1,6,3,0,1,7,0
1,0,27,4,2,5,0,1,7,1
0,1,50,2,2,1,0,1,10,1
0,1,14,3,0,1,0,1,30,1
0,0,19,2,3,1,0,1,3,0
0,1,21,2,3,0,0,1,17,1
0,1,67,4,8,8,0,1,4,1
1,1,82,9,5,5,0,1,12,1
1,0,30,2,6,6,0,1,7,0
1,1,27,4,1,2,0,1,5,1
1,1,35,3,4,0,0,1,7,1
1,1,20,3,2,0,0,1,8,1
0,1,24,2,1,2,0,1,43,3
0,1,16,1,1,3,0,1,6,0
0,1,39,5,2,2,0,1,17,2
0,1,14,2,1,0,0,1,22,1
1,1,96,6,17,2,0,1,10,1
0,1,99,3,7,2,0,1,59,0
0,0,31,3,5,6,0,1,35,3
1,0,14,2,1,0,0,1,9,1
0,1,44,1,16,4,0,1,12,2
0,1,15,1,1,6,0,1,7,0
1,0,93,4,6,10,0,1,6,1
0,0,30,4,2,1,0,1,15,2
1,1,22,1,5,0,0,1,8,1
1,0,30,5,2,0,0,1,6,1
1,1,26,4,2,0,0,1,10,1
1,1,9,1,3,0,0,1,4,0
0,0,22,2,2,4,0,1,5,0
1,0,115,7,12,15,0,1,32,2
0,0,104,5,16,14,0,1,61,4
1,1,56,4,7,6,0,1,16,1
1,1,39,7,2,3,0,1,10,0
1,0,45,5,1,13,0,1,28,0
0,0,35,2,2,10,0,1,15,0
1,0,18,2,0,0,0,1,8,0
0,0,12,2,1,0,0,1,32,2
1,1,11,1,4,0,0,1,5,0
0,0,28,3,3,1,0,1,22,4
0,0,12,2,1,1,0,1,4,1
0,0,23,1,1,0,0,1,15,0
0,0,11,2,0,2,0,1,7,1
1,1,9,2,0,0,0,1,4,1
1,0,90,7,6,9,0,1,8,1
0,0,9,1,2,1,0,1,36,3
0,0,45,6,3,0,0,1,17,1
0,0,7,2,0,0,0,1,12,0
1,1,46,4,4,3,0,1,6,0
0,1,27,2,3,6,0,1,7,1
0,0,13,2,1,0,0,1,9,1
0,0,19,4,2,1,0,1,7,1
0,1,8,1,0,0,0,1,19,1
1,0,39,4,2,2,0,1,14,0
1,0,67,3,8,1,0,1,8,1
1,0,32,4,1,3,0,1,7,1
1,1,78,6,4,26,0,1,9,1
1,1,58,5,5,8,0,1,12,1
0,0,41,4,4,2,0,1,10,1
0,1,30,3,5,0,0,1,12,0
0,1,41,2,7,13,0,1,4,0
0,1,26,2,4,0,0,1,6,1
0,0,12,1,2,0,0,1,8,0
1,0,18,3,0,0,0,1,5,1
0,1,9,1,1,0,0,1,20,1
0,0,11,1,2,2,0,1,8,0
1,1,69,7,3,14,0,1,11,1
1,1,29,5,2,0,0,1,6,0
1,0,206,23,7,9,0,1,3,0
1,0,42,5,2,2,0,1,6,0
0,0,22,3,1,0,0,1,16,1
1,1,62,11,5,13,0,1,7,1
1,1,45,4,5,4,0,1,9,1
1,1,6,1,2,0,0,1,8,1
1,0,76,7,2,13,0,1,17,3
1,1,13,2,1,2,0,1,8,1
0,1,28,3,3,0,0,1,16,1
0,1,56,5,8,8,0,1,23,2
1,0,64,5,3,3,0,1,8,1
0,0,45,3,5,2,0,1,14,0
1,1,18,1,1,1,0,1,11,2
1,1,77,4,13,1,0,1,7,1
0,0,39,1,2,7,0,1,44,3
0,0,73,9,8,5,0,1,31,0
0,0,14,1,5,2,0,1,11,0
1,1,13,2,0,1,0,1,8,1
1,0,21,4,1,1,0,1,21,0
1,1,27,2,5,4,0,1,8,1
1,0,7,1,1,0,0,1,7,0
0,1,15,2,0,0,0,1,17,1
0,0,11,2,1,2,0,1,6,1
0,0,28,2,7,3,0,1,8,3
0,1,88,5,16,11,0,1,40,2
1,1,13,3,1,1,0,1,33,0
0,0,9,1,1,2,0,1,10,0
1,0,74,6,5,7,0,1,6,0
0,1,22,3,2,0,0,1,18,1
1,0,49,4,4,11,0,1,8,0
0,0,132,1,5,4,0,1,6,0
0,0,17,2,1,0,0,1,31,4
0,0,51,3,10,0,0,1,8,0
1,1,12,1,2,0,0,1,17,2
0,1,87,1,9,0,0,1,16,0
0,0,45,2,3,0,0,1,23,0
1,0,23,2,6,1,0,1,7,1
1,1,34,3,6,5,0,1,11,0
1,1,9,2,0,0,0,1,13,1
0,1,6,1,0,0,0,1,16,2
0,0,16,2,1,1,0,1,5,1
0,0,15,1,2,3,0,1,10,2
0,1,10,2,1,0,0,1,12,1
0,1,28,3,2,10,0,1,13,1
0,1,12,1,5,5,0,1,33,1
0,1,32,3,5,3,0,1,46,1
0,0,46,2,3,20,0,1,8,0
0,0,32,3,5,1,0,1,7,0
0,0,22,2,5,3,0,1,9,1
1,1,23,3,3,1,0,1,40,1
1,0,22,2,1,9,0,1,6,1
1,1,42,4,2,8,0,1,5,1
0,1,30,1,7,2,0,1,5,0
0,0,11,1,1,0,0,1,7,1
1,0,55,5,3,9,0,1,12,1
1,1,16,2,0,1,0,1,11,0
1,0,89,9,4,0,0,1,14,1
1,1,80,6,8,10,0,1,36,2
0,1,25,2,4,1,0,1,57,7
0,1,17,3,0,3,0,1,9,1
0,1,68,6,8,3,0,1,11,1
1,1,43,4,7,0,0,1,17,1
1,0,163,14,14,5,0,1,10,1
1,0,37,5,7,1,0,1,4,1
1,0,167,18,17,9,0,1,11,1
0,0,15,3,0,2,0,1,8,1
1,0,19,3,1,0,0,1,5,0
1,1,25,1,4,4,0,1,10,1
1,0,77,1,9,2,0,1,7,0
0,0,93,10,10,3,0,1,41,2
1,0,74,6,14,10,0,1,11,0
1,0,79,12,2,2,0,1,13,1
0,1,25,3,4,4,0,1,63,4
0,0,33,2,3,6,0,1,35,2
1,0,93,11,8,13,0,1,9,1
1,1,31,5,2,3,0,1,8,0
0,1,19,5,0,0,0,1,9,1
0,1,25,4,1,1,0,1,48,1
1,0,87,10,6,6,0,1,8,0
0,1,23,4,3,0,0,1,18,1
1,1,169,11,14,10,0,1,10,1
0,0,55,4,6,7,0,1,3,0
0,1,41,4,7,4,0,1,6,0
1,1,75,8,10,2,0,1,11,1
0,0,51,5,6,6,0,1,28,3
1,0,10,2,0,0,0,1,4,0
0,0,74,5,8,1,0,1,15,1
1,0,48,5,7,6,0,1,13,0
1,0,16,3,1,1,0,1,8,1
0,0,12,1,3,0,0,1,7,0
0,0,24,2,2,3,0,1,11,0
1,1,14,1,4,2,0,1,6,0
0,0,55,6,3,4,0,1,19,1
1,0,19,2,5,4,0,1,12,1
0,1,5,1,0,0,0,1,6,1
1,0,64,5,4,6,0,1,7,1
0,0,23,3,2,4,0,1,11,1
1,0,82,8,4,3,0,1,7,1
0,1,21,2,0,2,0,1,9,1
1,0,146,12,9,4,0,1,10,1
0,0,38,3,4,2,0,1,20,1
1,1,22,3,4,4,0,1,10,1
1,0,47,6,2,6,0,1,8,1
0,1,6,1,0,0,0,1,4,1
0,0,62,7,8,6,0,1,5,0
1,0,39,6,3,3,0,1,19,1
0,1,123,6,17,16,0,1,17,0
0,0,37,5,4,0,0,1,14,1
0,0,32,2,5,0,0,1,24,1
1,1,35,4,4,0,0,1,21,1
1,1,36,3,3,2,0,1,6,1
0,0,12,3,1,1,0,1,42,3
1,1,21,2,3,5,0,1,9,1
1,0,107,11,9,22,0,1,12,2
1,1,18,1,3,0,0,1,18,1
1,1,30,4,3,0,0,1,10,1
1,0,21,2,2,1,0,1,24,0
0,0,24,2,4,4,0,1,20,1
0,1,26,3,1,2,0,1,6,1
1,0,24,4,4,0,0,1,8,1
1,0,33,4,4,1,0,1,10,0
1,1,93,4,4,11,0,1,14,0
0,1,12,1,2,0,0,1,10,0
0,0,33,3,2,3,0,1,66,4
1,0,90,6,10,0,0,1,28,2
0,0,12,2,2,0,0,1,15,1
0,0,13,2,0,0,0,1,6,0
1,1,41,6,6,4,0,1,9,0
1,1,15,3,1,0,0,1,16,1
0,1,15,3,0,0,0,1,11,1
1,1,46,5,8,1,0,1,9,1
0,1,20,3,3,4,0,1,21,1
0,1,15,2,3,0,0,1,17,2
1,1,25,4,1,0,0,1,9,1
1,1,37,3,2,11,0,1,10,1
0,0,17,2,1,2,0,1,12,1
0,0,25,1,6,1,0,1,7,1
0,1,24,4,2,0,0,1,15,1
0,0,5,1,0,0,0,1,5,0
1,0,114,14,4,3,0,1,9,1
0,0,10,1,1,3,0,1,16,1
1,1,77,14,1,12,0,1,8,1
1,0,42,2,9,8,0,1,8,1
1,0,50,2,5,6,0,1,4,1
0,0,8,1,3,0,0,1,6,1
0,0,11,1,1,1,0,1,12,1
1,0,67,8,3,5,0,1,15,0
1,0,57,9,9,4,0,1,8,1
0,0,21,2,1,3,0,1,9,1
0,1,40,2,5,4,0,1,9,0
0,1,10,1,1,0,0,1,19,0
1,1,19,2,1,0,0,1,12,1
1,0,23,1,1,0,0,1,2,0
0,0,10,1,1,2,0,1,6,0
0,0,14,1,4,2,0,1,6,0
0,1,30,3,2,4,0,1,57,3
1,1,28,3,2,0,0,1,15,2
0,0,32,3,2,2,0,1,11,1
0,1,49,2,3,0,0,1,12,1
0,1,11,1,3,2,0,1,5,1
0,1,43,6,1,4,0,1,8,1
0,1,30,2,4,0,0,1,12,1
0,0,15,2,1,1,0,1,14,1
0,0,11,1,1,0,0,1,6,0
0,0,11,2,0,0,0,1,11,1
1,1,63,7,3,19,0,1,10,1
1,1,12,1,1,1,0,1,11,1
0,0,31,3,2,1,0,1,19,1
0,1,36,1,7,0,0,1,13,1
0,1,8,1,1,0,0,1,23,2
1,0,24,1,1,4,0,1,4,1
0,0,14,1,3,2,0,1,6,0
0,0,48,2,1,13,0,1,10,1
0,0,11,1,4,1,0,1,37,2
1,1,20,3,2,1,0,1,15,1
1,0,122,13,3,4,0,1,16,1
1,1,47,1,0,0,0,1,8,0
0,1,8,1,2,0,0,1,7,1
1,0,85,8,14,2,0,1,5,0
0,0,19,1,1,0,0,1,5,1
1,1,86,1,2,5,0,1,7,0
1,1,12,2,0,4,0,1,11,1
0,1,42,4,4,2,0,1,9,1
0,0,28,4,3,2,0,1,13,1
1,1,13,1,1,0,0,1,22,0
0,1,37,3,3,1,0,1,31,2
0,1,27,2,7,1,0,1,9,1
0,1,15,2,3,0,0,1,37,3
1,1,16,3,0,0,0,1,11,1
0,0,60,7,6,0,0,1,13,1
0,0,10,2,0,1,0,1,25,0
1,1,9,1,0,4,0,1,9,0
1,0,27,2,4,0,0,1,17,1
1,1,28,4,1,0,0,1,12,1
1,1,28,5,2,0,0,1,8,1
0,0,32,3,2,2,0,1,16,0
1,1,23,2,0,7,0,1,8,1
1,0,77,6,6,1,0,1,5,0
1,1,46,3,5,2,0,1,27,1
0,0,28,4,1,1,0,1,13,1
1,1,19,2,2,1,0,1,9,0
0,0,36,8,1,3,0,1,19,1
0,0,28,4,6,3,0,1,12,0
1,0,57,4,3,6,0,1,27,1
0,0,12,1,2,1,0,1,57,0
1,0,163,15,10,10,0,1,13,1
0,0,54,4,1,10,0,1,23,1
0,0,47,5,5,4,0,1,12,2
0,1,40,7,5,5,0,1,12,0
1,0,62,9,4,5,0,1,8,0
1,1,27,3,1,5,0,1,3,0
0,1,55,3,5,2,0,1,31,1
0,1,15,2,2,2,0,1,4,0
1,0,14,3,1,0,0,1,13,1
0,1,8,1,1,1,0,1,25,2
1,0,11,1,1,0,0,1,6,1
0,0,14,1,0,0,0,1,9,1
0,1,105,9,12,19,0,1,20,2
0,0,25,3,3,0,0,1,13,1
0,1,33,4,3,0,0,1,39,3
0,1,28,2,0,2,0,1,20,2
0,1,10,1,1,0,0,1,13,1
1,0,19,2,0,4,0,1,2,0
0,1,13,2,2,0,0,1,46,3
0,0,14,1,2,0,0,1,12,1
0,0,11,1,2,2,0,1,11,1
1,0,36,3,4,3,0,1,8,0
0,0,74,8,5,6,0,1,4,1
0,0,21,2,1,0,0,1,16,3
0,0,14,3,0,0,0,1,6,1
1,0,101,5,11,6,0,1,22,1
1,1,53,4,4,1,0,1,11,1
0,0,10,2,0,0,0,1,4,0
0,0,26,3,2,0,0,1,7,0
1,1,14,1,2,3,0,1,8,1
0,0,9,1,1,0,0,1,8,1
0,0,14,2,2,0,0,1,8,0
0,1,30,3,8,1,0,1,12,0
1,1,57,1,7,0,0,1,10,0
0,1,22,3,4,3,0,1,6,1
0,0,27,1,3,5,0,1,3,0
1,1,79,8,5,6,0,1,16,1
1,0,26,4,1,0,0,1,14,1
0,1,160,6,18,18,0,1,18,4
0,0,16,1,0,4,0,1,6,0
0,0,26,2,0,7,0,1,4,1
0,0,15,2,1,0,0,1,8,1
1,0,40,4,4,1,0,1,12,2
1,1,8,1,1,0,0,1,3,0
0,0,35,3,1,0,0,1,7,1
0,1,12,1,2,1,0,1,20,0
1,1,35,6,2,1,0,1,27,1
1,0,34,3,4,1,0,1,23,1
0,0,31,2,4,4,0,1,11,1
1,0,68,8,5,12,0,1,31,1
1,1,70,1,4,1,0,1,7,0
0,1,70,8,8,0,0,1,25,2
0,1,49,6,2,1,0,1,8,1
1,1,16,3,1,1,0,1,10,0
0,0,45,4,5,6,0,1,3,0
0,0,25,3,2,4,0,1,8,0
0,1,32,1,5,1,0,1,13,1
1,1,51,5,4,6,0,1,6,1
1,1,39,3,5,1,0,1,51,6
0,1,16,1,2,2,0,1,6,0
0,0,18,2,3,0,0,1,11,1
0,0,45,2,7,1,0,1,38,0
1,0,46,3,9,0,0,1,9,1
1,0,16,2,0,0,0,1,4,1
1,1,15,3,0,2,0,1,9,1
0,0,14,1,3,2,0,1,9,1
1,1,31,3,2,3,0,1,17,0
1,1,11,2,1,2,0,1,8,1
0,0,69,6,10,4,0,1,8,1
1,1,171,15,15,7,0,1,18,0
1,1,54,2,1,7,0,1,29,1
1,1,18,1,0,3,0,1,4,1
0,0,64,4,6,2,0,1,5,1
0,1,19,3,1,0,0,1,14,3
0,0,10,2,0,0,0,1,12,1
1,1,17,2,3,1,0,1,11,1
1,0,143,11,2,9,0,1,11,1
0,0,10,1,1,0,0,1,18,1
0,1,34,2,4,0,0,1,65,2
1,1,15,3,1,2,0,1,9,0
0,0,99,9,11,10,0,1,3,1
0,0,118,8,7,2,0,1,13,1
0,1,18,2,1,3,0,1,43,0
0,1,57,4,5,6,0,1,9,1
1,1,49,3,8,4,0,1,18,0
0,1,10,3,0,1,0,1,26,3
1,0,85,7,4,8,0,1,4,0
1,1,32,1,5,7,0,1,6,1
0,1,47,3,5,0,0,1,17,2
0,0,46,4,4,3,0,1,8,0
0,0,46,4,2,8,0,1,7,0
1,1,18,1,2,0,0,1,9,1
1,1,84,7,8,6,0,1,11,1
1,1,44,2,6,5,0,1,8,0
0,0,36,3,5,1,0,1,10,1
0,0,34,6,1,0,0,1,9,1
0,0,18,1,0,2,0,1,5,1
1,1,16,2,1,0,0,1,9,1
1,0,17,1,1,2,0,1,19,2
0,0,23,2,2,2,0,1,30,1
0,1,40,4,0,2,0,1,10,1
0,0,66,7,8,11,0,1,9,1
0,0,26,4,2,0,0,1,16,0
0,1,10,1,1,0,0,1,30,4
0,0,31,2,2,10,0,1,12,1
1,1,21,2,1,2,0,1,6,0
0,0,11,2,1,0,0,1,6,1
1,1,48,3,1,2,0,1,7,1
1,0,20,1,0,2,0,1,7,1
0,1,29,3,6,3,0,1,31,0
1,0,41,6,5,1,0,1,9,1
0,0,23,1,7,0,0,1,8,1
1,1,152,9,11,18,0,1,11,1
0,0,19,2,2,0,0,1,14,0
1,1,9,1,2,3,0,1,8,1
0,0,13,1,2,1,0,1,14,1
0,0,17,2,2,0,0,1,32,2
0,0,12,1,2,2,0,1,8,1
0,1,10,2,2,0,0,1,13,1
0,0,11,1,3,2,0,1,5,0
0,1,13,2,0,0,0,1,8,1
1,1,7,1,0,0,0,1,8,1
0,1,14,1,1,0,0,1,6,1
0,1,13,1,2,0,0,1,4,1
0,1,17,2,2,2,0,1,27,1
1,0,18,4,3,6,0,1,17,1
0,1,22,4,1,0,0,1,8,1
1,1,26,3,2,4,0,1,24,2
0,1,26,3,2,1,0,1,16,0
0,1,37,3,5,0,0,1,10,1
0,0,39,5,5,1,0,1,9,1
1,1,129,5,12,16,0,1,59,6
0,0,14,3,4,0,0,1,5,1
1,1,25,3,0,1,0,1,13,1
0,1,36,4,4,0,0,1,24,1
0,1,40,2,6,3,0,1,4,1
0,1,26,1,3,0,0,1,10,0
0,0,26,5,0,0,0,1,10,1
1,1,31,4,2,1,0,1,4,0
0,0,24,4,2,2,0,1,14,1
1,1,28,4,2,0,0,1,23,1
1,0,30,4,3,1,0,1,11,1
1,1,51,4,4,2,0,1,57,4
1,1,31,4,2,0,0,1,7,1
1,1,48,2,7,12,0,1,8,1
0,1,26,2,2,1,0,1,16,2
0,0,24,2,7,1,0,1,9,0
0,0,32,2,5,9,0,1,14,1
1,1,14,2,0,2,0,1,12,1
0,0,27,3,3,7,0,1,20,1
1,0,141,12,13,24,0,1,10,0
1,1,65,10,2,2,0,1,16,1
1,1,23,2,9,0,0,1,24,0
0,1,58,11,3,3,0,1,75,5
1,0,11,1,0,0,0,1,11,0
0,1,36,4,5,0,0,1,11,1
1,0,53,6,6,5,0,1,4,0
1,1,22,1,7,2,0,1,3,0
1,0,12,2,1,0,0,1,32,2
1,0,34,3,2,1,0,1,10,1
1,1,48,3,3,2,0,1,34,3
1,1,70,6,1,3,0,1,14,2
1,1,43,3,4,11,0,1,18,1
0,0,19,2,5,5,0,1,29,3
0,0,9,1,1,1,0,1,16,4
0,1,25,5,3,1,0,1,26,3
1,0,37,4,2,1,0,1,7,0
1,0,16,3,1,1,0,1,4,1
1,0,165,16,11,19,0,1,5,1
0,0,35,2,8,7,0,1,39,1
1,1,22,4,3,0,0,1,5,0
0,1,15,1,4,0,0,1,11,1
0,0,6,1,0,0,0,1,6,1
0,0,36,6,3,3,0,1,8,0
0,0,21,3,4,0,0,1,22,1
0,1,25,2,3,1,0,1,16,0
1,1,10,1,1,2,0,1,5,0
0,0,21,2,2,4,0,1,12,2
1,1,53,4,5,3,0,1,10,1
0,0,72,9,6,4,0,1,10,1
0,0,30,3,3,2,0,1,20,1
1,1,48,3,5,4,0,1,12,1
1,0,19,1,6,0,0,1,4,1
0,0,20,1,4,1,0,1,12,1
1,1,39,6,5,2,0,1,5,1
0,0,11,1,2,0,0,1,14,0
0,0,35,6,1,5,0,1,5,0
1,0,90,7,4,4,0,1,23,2
0,0,37,5,0,5,0,1,9,1
0,0,30,4,2,0,0,1,4,0
1,1,15,2,3,1,0,1,7,0
1,1,122,8,8,5,0,1,54,2
1,1,40,4,2,1,0,1,7,1
0,0,34,3,5,0,0,1,10,0
0,1,14,3,0,1,0,1,7,1
0,0,87,14,4,8,0,1,6,1
1,0,57,5,5,3,0,1,10,1
1,0,39,6,0,7,0,1,10,1
0,0,33,2,2,6,0,1,4,0
1,1,119,11,12,5,0,1,10,0
0,0,54,6,5,3,0,1,4,0
0,0,57,4,2,3,0,1,8,1
0,0,58,7,4,2,0,1,3,0
0,1,26,1,8,0,0,1,6,0
1,0,74,7,10,1,0,1,7,1
1,1,17,3,0,3,0,1,26,2
0,1,15,3,1,0,0,1,12,0
0,0,47,2,8,15,0,1,3,0
0,0,22,2,2,0,0,1,13,1
0,1,11,1,2,0,0,1,16,0
1,1,12,1,2,1,0,1,5,1
1,1,37,6,1,2,0,1,5,1
1,1,25,1,4,1,0,1,42,2
0,1,24,2,3,3,0,1,5,0
0,1,18,2,2,1,0,1,13,0
1,1,40,7,1,6,0,1,8,1
0,1,42,5,6,0,0,1,35,2
0,1,15,1,4,0,0,1,8,1
0,0,23,4,1,1,0,1,12,1
1,0,17,3,2,0,0,1,7,0
1,1,9,2,0,0,0,1,10,0
1,1,59,4,6,4,0,1,12,1
0,0,12,1,0,0,0,1,4,1
0,0,18,1,2,1,0,1,16,2
1,0,42,4,5,6,0,1,22,0
1,0,98,7,6,6,0,1,13,1
0,1,20,2,2,0,0,1,4,1
0,0,11,1,1,2,0,1,4,1
0,0,26,2,2,0,0,1,14,1
0,1,22,4,2,0,0,1,33,2
1,1,116,10,7,23,0,1,7,1
0,0,53,6,3,5,0,1,3,0
0,0,39,3,3,1,0,1,13,1
1,0,102,9,7,9,0,1,11,0
1,0,44,5,3,1,0,1,4,1
0,0,41,5,4,3,0,1,14,2
0,0,23,1,10,2,0,1,8,1
1,0,69,6,16,5,0,1,10,1
0,1,37,2,8,13,0,1,10,1
0,0,46,5,4,2,0,1,9,0
1,0,148,1,7,6,0,1,6,0
1,1,15,2,2,1,0,1,15,1
0,1,21,1,4,0,0,1,10,0
0,0,30,3,2,0,0,1,12,0
0,1,50,4,9,4,0,1,7,1
0,1,123,4,6,20,0,1,11,1
0,1,10,1,0,0,0,1,6,0
1,1,49,1,1,22,0,1,22,0
1,0,81,8,9,2,0,1,23,2
0,0,23,2,2,1,0,1,4,1
1,1,34,4,3,5,0,1,13,1
1,1,15,2,1,4,0,1,4,1
1,1,131,8,2,7,0,1,12,1
0,0,19,1,4,0,0,1,6,1
1,1,68,9,5,10,0,1,14,1
0,1,30,4,2,4,0,1,9,1
1,0,16,2,1,1,0,1,12,0
1,1,39,4,4,0,0,1,11,1
0,1,13,2,0,0,0,1,16,2
0,0,17,3,1,1,0,1,27,3
0,1,40,1,1,1,0,1,8,0
0,0,25,3,1,3,0,1,8,1
1,0,11,2,0,0,0,1,4,0
1,0,20,2,0,1,0,1,6,0
1,1,22,2,3,6,0,1,10,1
0,0,11,3,0,0,0,1,9,1
1,0,122,13,8,6,0,1,40,5
1,1,107,13,7,0,0,1,3,0
0,1,20,2,2,1,0,1,5,0
1,1,52,5,5,4,0,1,5,1
1,0,35,3,3,0,0,1,9,0
1,1,18,2,2,1,0,1,9,1
1,0,37,6,5,0,0,1,14,2
0,0,40,4,3,1,0,1,74,6
1,1,16,2,4,3,0,1,7,1
0,1,18,2,1,0,0,1,18,3
1,1,24,1,5,6,0,1,6,0
0,1,33,1,4,5,0,1,41,0
1,0,39,5,4,1,0,1,9,0
1,1,40,8,0,0,0,1,10,1
0,0,109,6,6,34,0,1,8,1
1,1,63,7,5,8,0,1,23,1
1,0,17,2,3,1,0,1,5,1
0,0,9,1,3,0,0,1,25,2
1,0,51,5,1,7,0,1,9,1
1,0,7,1,3,0,0,1,8,1
1,0,59,2,11,2,0,1,12,0
0,1,40,3,2,1,0,1,18,1
1,1,120,10,12,4,0,1,16,0
1,1,27,2,3,0,0,1,11,1
0,1,13,2,1,0,0,1,15,1
0,0,14,1,0,0,0,1,3,0
1,1,5,1,0,0,0,1,7,1
0,0,78,6,4,3,0,1,13,2
0,0,44,5,2,2,0,1,13,1
1,0,15,1,2,3,0,1,8,1
1,1,12,1,1,0,0,1,8,3
0,1,29,3,0,2,0,1,7,1
0,0,33,4,3,0,0,1,24,2
1,0,13,2,2,1,0,1,8,1
1,1,19,4,4,3,0,1,6,1
0,1,46,4,7,3,0,1,6,0
0,0,24,3,6,3,0,1,24,2
0,1,8,1,0,2,0,1,10,1
0,1,8,1,0,0,0,1,18,2
1,0,31,3,4,5,0,1,4,1
1,0,92,6,5,8,0,1,32,2
1,1,19,3,0,0,0,1,12,1
1,1,21,3,2,2,0,1,11,0
1,1,40,5,3,1,0,1,8,1
0,0,14,3,1,0,0,1,7,1
1,1,20,1,4,2,0,1,8,0
0,1,113,11,12,15,0,1,12,1
0,1,9,1,0,0,0,1,20,1
0,1,48,4,12,3,0,1,5,1
0,1,24,2,2,5,0,1,19,2
0,0,28,3,3,0,0,1,14,1
0,0,41,2,2,26,0,1,8,1
1,0,28,1,4,0,0,1,10,1
0,0,111,18,6,8,0,1,7,1
1,1,65,6,6,3,0,1,15,1
0,1,47,4,6,1,0,1,9,1
0,0,12,1,1,1,0,1,16,2
1,1,18,3,1,0,0,1,12,0
0,0,14,2,0,1,0,1,5,1
1,0,11,1,2,1,0,1,7,1
1,1,33,5,1,1,0,1,8,0
1,1,17,2,2,0,0,1,15,2
0,0,20,4,2,0,0,1,19,0
0,1,38,7,2,0,0,1,16,3
0,1,60,3,8,14,0,1,6,1
0,0,21,2,3,0,0,1,4,0
1,0,71,3,9,3,0,1,18,1
1,1,14,1,1,3,0,1,8,1
0,0,8,1,2,0,0,1,8,1
0,0,7,1,0,0,0,1,14,1
0,0,20,1,1,8,0,1,11,1
1,0,81,7,7,4,0,1,36,2
1,0,17,3,2,0,0,1,17,2
1,0,10,3,2,1,0,1,7,1
1,0,72,11,9,0,0,1,3,0
0,1,17,3,1,0,0,1,23,2
1,1,6,1,1,0,0,1,9,1
1,1,10,1,3,0,0,1,11,1
1,0,50,7,4,16,0,1,25,2
0,1,30,2,8,0,0,1,25,0
1,0,68,6,6,10,0,1,30,4
1,0,51,6,1,19,0,1,6,1
0,0,13,2,1,0,0,1,7,1
0,1,36,4,3,1,0,1,9,0
1,0,68,5,15,0,0,1,13,1
1,0,55,6,5,4,0,1,42,2
1,0,83,8,7,6,0,1,12,1
0,0,54,6,6,3,0,1,5,0
0,0,19,4,0,9,0,1,15,0
0,0,25,1,4,5,0,1,8,0
0,1,21,2,3,0,0,1,12,1
1,0,18,2,1,4,0,1,5,0
1,0,36,3,5,5,0,1,20,2
1,1,104,7,16,4,0,1,18,1
0,0,7,1,1,0,0,1,42,0
0,1,16,1,0,1,0,1,43,3
1,1,101,5,9,2,0,1,11,0
0,1,17,2,2,0,0,1,35,1
0,1,9,2,0,0,0,1,26,0
1,1,123,9,10,0,0,1,8,1
1,0,12,1,3,0,0,1,18,1
0,0,20,3,1,2,0,1,9,0
1,1,28,2,3,5,0,1,8,1
0,0,26,5,2,5,0,1,6,1
0,1,15,3,0,0,0,1,11,0
0,1,26,1,6,8,0,1,4,1
1,1,10,2,0,0,0,1,6,0
1,1,28,4,1,1,0,1,9,1
0,1,19,1,3,3,0,1,9,1
0,0,97,8,7,8,0,1,10,1
0,1,92,5,18,0,0,1,56,3
0,1,19,2,3,0,0,1,11,1
1,1,80,8,3,8,0,1,13,1
1,0,151,1,7,6,0,1,7,0
0,0,20,2,1,3,0,1,9,1
0,0,38,5,3,0,0,1,7,1
0,0,33,4,6,1,0,1,5,1
1,0,36,5,5,3,0,1,13,1
1,0,35,3,2,3,0,1,4,0
1,1,21,2,4,3,0,1,11,2
1,1,69,7,3,2,0,1,54,0
0,0,93,5,3,22,0,1,4,1
0,0,10,2,2,0,0,1,22,0
1,1,45,6,2,0,0,1,3,0
0,1,14,2,1,1,0,1,16,0
1,1,7,1,1,0,0,1,14,1
0,0,12,4,1,0,0,1,24,1
0,1,13,2,0,2,0,1,14,1
0,1,46,7,4,0,0,1,1,0
0,0,27,3,9,1,0,1,8,1
1,1,14,3,1,1,0,1,9,1
0,0,39,1,13,1,0,1,5,0
0,0,8,1,2,0,0,1,3,0
0,1,38,4,5,0,0,1,76,0
1,0,38,4,4,2,0,1,5,1
0,1,15,1,2,0,0,1,72,2
0,0,15,2,0,0,0,1,6,1
0,1,35,3,2,5,0,1,8,1
1,1,38,4,2,5,0,1,33,1
1,0,27,1,2,0,0,1,7,0
0,1,17,2,1,2,0,1,19,2
0,0,13,3,0,0,0,1,7,0
1,0,117,14,2,15,0,1,8,1
1,1,13,2,2,0,0,1,8,1
1,1,25,4,1,0,0,1,4,1
0,1,26,4,0,0,0,1,22,2
0,0,19,2,1,1,0,1,5,0
1,1,14,2,1,2,0,1,20,1
0,1,42,4,4,1,0,1,4,1
0,0,22,3,2,1,0,1,12,0
1,1,12,1,1,1,0,1,52,4
1,0,63,7,6,2,0,1,7,1
1,1,52,9,2,0,0,1,14,1
1,1,39,4,2,8,0,1,10,1
0,1,33,2,6,0,0,1,11,1
0,0,18,2,2,2,0,1,6,0
0,1,45,5,5,0,0,1,12,1
0,0,62,6,7,4,0,1,6,1
0,1,40,3,6,2,0,1,49,7
1,0,116,12,11,9,0,1,26,2
1,0,26,2,5,0,0,1,9,1
1,1,52,5,4,2,0,1,7,0
0,0,45,7,3,1,0,1,16,0
1,1,36,2,4,8,0,1,6,0
0,0,20,2,3,0,0,1,12,1
0,0,27,4,2,0,0,1,17,1
1,1,114,15,8,6,0,1,13,1
1,0,21,2,3,4,0,1,17,1
1,1,62,4,12,6,0,1,4,1
0,0,55,3,5,1,0,1,26,0
1,1,16,2,1,0,0,1,27,0
0,0,21,4,1,0,0,1,36,2
1,1,54,8,5,6,0,1,25,2
1,0,26,3,1,0,0,1,13,1
1,1,55,5,4,4,0,1,57,4
0,0,50,3,2,10,0,1,10,1
1,0,27,2,1,1,0,1,10,1
1,1,40,6,3,0,0,1,16,1
0,1,80,9,9,0,0,1,34,1
0,1,9,2,1,0,0,1,8,1
0,0,23,2,4,1,0,1,4,1
1,0,32,3,4,2,0,1,8,0
1,1,22,1,7,3,0,1,17,2
1,1,11,1,5,1,0,1,13,1
0,1,17,1,3,0,0,1,9,1
1,0,50,3,7,1,0,1,21,1
0,0,12,1,1,1,0,1,16,1
1,1,33,3,5,1,0,1,7,0
1,0,46,3,4,2,0,1,12,1
1,1,75,11,1,7,0,1,6,0
1,1,12,1,4,1,0,1,6,0
1,1,27,3,2,5,0,1,28,1
1,1,17,2,2,1,0,1,7,1
0,1,41,4,4,6,0,1,7,1
1,1,31,4,5,6,0,1,18,1
0,0,24,4,2,0,0,1,9,0
0,0,32,4,4,2,0,1,28,0
1,0,32,3,4,2,0,1,16,1
0,1,76,1,3,2,0,1,6,0
1,1,12,1,3,1,0,1,5,1
0,0,23,3,1,1,0,1,10,0
0,0,28,4,3,3,0,1,6,0
1,0,32,5,1,5,0,1,11,1
1,0,12,2,0,3,0,1,10,1
1,0,44,8,4,2,0,1,12,1
1,0,22,4,1,0,0,1,11,1
0,1,9,1,1,2,0,1,4,0
0,0,21,2,5,1,0,1,9,1
1,0,99,7,6,6,0,1,8,0
0,0,8,1,2,1,0,1,3,0
0,0,51,4,6,12,0,1,24,1
0,1,95,1,11,0,0,1,13,0
0,0,61,6,9,0,0,1,11,1
0,0,124,1,6,7,0,1,8,1
0,0,9,1,2,0,0,1,11,1
0,0,8,1,0,0,0,1,8,1
0,0,36,3,5,4,0,1,22,0
1,1,39,3,3,5,0,1,4,0
0,0,32,4,1,2,0,1,9,1
1,1,37,4,4,3,0,1,9,1
1,1,18,2,0,2,0,1,8,1
1,1,9,1,1,0,0,1,63,4
1,0,84,7,7,11,0,1,8,1
1,0,43,5,5,3,0,1,5,0
0,0,15,3,0,0,0,1,17,2
1,0,66,12,4,0,0,1,58,0
1,0,10,1,1,0,0,1,7,0
0,1,53,8,1,6,0,1,33,0
1,1,18,2,1,4,0,1,13,1
0,0,29,4,2,0,0,1,11,1
1,0,23,3,2,0,0,1,29,3
1,0,42,1,1,15,0,1,7,1
1,1,123,18,4,5,0,1,20,1
0,0,45,8,3,2,0,1,25,1
0,1,13,3,0,0,0,1,22,1
1,0,13,1,2,1,0,1,11,1
1,0,7,1,2,0,0,1,6,1
0,1,37,6,0,5,0,1,12,1
1,1,21,2,2,1,0,1,28,2
0,0,10,2,1,0,0,1,9,0
0,1,83,4,7,10,0,1,13,1
1,0,17,2,1,2,0,1,13,0
0,0,24,4,1,1,0,1,11,1
0,0,20,5,0,2,0,1,10,1
1,1,14,2,2,1,0,1,9,1
1,1,25,5,1,0,0,1,29,2
1,0,46,7,1,0,0,1,9,1
1,0,32,2,3,1,0,1,7,0
1,1,17,4,3,1,0,1,7,1
0,1,8,1,1,0,0,1,7,0
1,1,55,3,5,8,4,1,10,1
1,1,68,7,6,10,0,1,9,1
1,1,129,12,9,5,0,1,8,1
0,0,22,2,6,0,0,1,4,0
0,1,15,3,1,0,0,1,45,4
1,0,15,2,1,0,0,1,8,1
1,1,48,6,6,4,0,1,36,2
1,1,34,4,2,0,0,1,10,0
0,0,57,1,11,5,0,1,6,1
1,1,42,3,2,0,0,1,30,1
0,0,37,4,4,9,0,1,15,0
0,1,24,6,0,0,0,1,16,1
1,1,45,4,2,1,0,1,13,1
1,1,42,2,2,5,0,1,12,0
0,1,36,2,6,1,0,1,25,1
1,1,16,2,0,0,0,1,7,1
1,1,28,6,0,0,0,1,6,1
0,0,7,1,1,1,0,1,37,0
0,1,32,3,2,0,0,1,19,1
0,1,9,2,1,1,0,1,16,1
1,1,15,2,1,1,0,1,8,1
1,0,11,1,1,0,0,1,23,2
0,0,107,7,6,8,0,1,26,1
0,0,35,4,4,7,0,1,8,0
0,0,24,1,5,7,0,1,6,0
0,0,23,1,4,3,0,1,4,0
1,0,39,1,1,17,0,1,9,0
0,1,28,2,6,5,0,1,7,0
0,0,19,2,1,2,0,1,2,0
1,1,32,4,2,3,0,1,10,0
1,0,22,1,0,9,0,1,6,0
1,1,40,4,3,1,0,1,9,0
0,1,26,2,4,3,0,1,7,1
1,1,77,7,7,2,0,1,8,0
1,0,34,3,4,0,0,1,9,0
0,0,35,5,1,0,0,1,33,3
1,0,32,3,5,1,0,1,9,0
1,1,60,7,8,1,0,1,7,1
0,1,29,3,2,0,0,1,7,1
0,0,17,2,2,0,0,1,8,1
1,1,82,10,4,4,0,1,8,1
0,0,21,2,4,1,0,1,20,2
1,0,51,4,6,4,0,1,5,1
0,0,58,5,7,7,0,1,17,1
1,0,83,13,7,7,0,1,9,1
0,1,45,6,3,18,0,1,23,1
1,1,22,1,4,0,0,1,5,0
0,0,33,5,0,0,0,1,26,3
1,0,90,12,8,4,0,1,7,0
1,0,43,4,1,3,0,1,20,1
0,0,43,7,3,0,0,1,13,1
0,1,72,2,10,0,0,1,12,1
0,1,15,1,5,0,0,1,8,2
1,1,110,13,7,16,0,1,29,1
1,1,57,5,9,1,0,1,13,1
1,1,14,2,2,0,0,1,13,2
1,0,27,5,3,0,0,1,17,0
0,1,27,1,2,4,0,1,14,0
0,1,24,1,5,6,0,1,51,1
1,0,57,5,8,9,0,1,7,1
0,0,61,4,9,24,0,1,14,0
0,0,12,2,1,0,0,1,13,1
1,0,124,12,11,8,0,1,17,2
1,0,57,3,5,0,0,1,35,2
1,1,21,3,1,6,0,1,11,1
0,0,9,1,1,0,0,1,19,0
1,1,39,1,0,0,0,1,7,0
1,0,19,1,4,3,0,1,7,1
0,0,12,1,1,0,0,1,11,0
0,0,8,1,0,0,0,1,14,1
1,0,15,2,2,1,0,1,15,1
0,1,13,2,0,0,0,1,9,0
0,0,15,2,1,1,0,1,9,1
1,1,45,3,9,6,0,1,2,0
0,0,17,2,2,1,0,1,57,3
0,0,17,2,3,1,0,1,9,1
1,1,28,5,3,0,0,1,13,1
1,1,49,4,8,4,0,1,4,0
0,1,66,7,5,3,0,1,6,0
0,1,20,3,2,0,0,1,14,1
1,0,82,6,8,1,0,1,11,1
1,1,109,4,12,11,0,1,48,4
1,1,29,3,5,0,0,1,10,0
1,0,22,3,0,1,0,1,13,0
0,1,21,2,1,1,0,1,9,1
1,1,50,8,3,0,0,1,14,1
0,1,49,4,3,2,0,1,30,3
0,0,29,4,1,0,0,1,7,1
1,1,11,1,1,0,0,1,13,1
1,1,74,8,3,2,0,1,35,0
1,0,31,1,7,0,0,1,12,1
0,0,29,3,1,5,0,1,38,3
0,0,7,1,2,0,0,1,13,1
1,1,33,4,3,1,0,1,6,1
0,1,24,2,1,2,0,1,2,0
0,0,63,5,5,11,0,1,4,1
0,0,19,2,1,2,0,1,3,0
1,0,35,4,4,1,0,1,12,1
0,1,23,2,2,0,0,1,21,0
0,0,17,2,1,3,0,1,5,1
1,1,19,1,4,9,0,1,7,0
0,1,25,1,8,0,0,1,10,2
0,0,9,1,1,0,0,1,5,1
1,1,27,1,5,0,0,1,13,1
0,1,15,1,3,0,0,1,10,0
0,0,53,3,5,8,0,1,7,1
1,1,42,3,3,0,0,1,13,2
1,0,46,2,3,21,0,1,22,1
1,0,96,1,2,0,0,1,8,0
0,1,36,4,1,2,0,1,21,2
1,1,21,4,0,0,0,1,21,3
0,1,41,2,6,1,0,1,5,1
0,0,9,1,0,0,0,1,6,0
0,0,17,1,3,0,0,1,9,1
0,0,17,3,1,3,0,1,21,1
0,0,45,5,4,1,0,1,18,1
1,1,27,4,1,4,0,1,21,1
1,0,16,2,1,1,0,1,4,0
1,1,9,1,3,0,0,1,7,2
0,0,8,1,2,1,0,1,11,1
1,1,93,7,3,7,0,1,5,0
0,0,35,3,5,0,0,1,14,1
1,1,22,2,3,0,0,1,10,1
0,1,37,3,5,3,0,1,5,1
1,1,29,2,2,2,0,1,6,1
0,0,13,2,2,1,0,1,4,0
1,1,16,2,1,1,0,1,29,2
1,1,11,2,0,1,0,1,48,2
0,0,71,2,10,0,0,1,7,0
0,1,25,5,2,0,0,1,9,0
1,0,12,2,1,1,0,1,9,1
1,0,68,7,8,4,0,1,13,1
0,1,9,1,0,0,0,1,8,0
0,0,15,5,0,0,0,1,6,1
1,0,58,3,2,7,0,1,12,0
0,1,16,2,2,2,0,1,4,0
0,1,14,1,1,0,0,1,4,0
0,1,17,2,1,0,0,1,12,1
1,0,71,10,6,2,0,1,10,1
0,1,112,5,12,0,0,1,24,1
0,0,50,8,2,0,0,1,13,1
1,1,106,7,8,22,0,1,10,0
0,1,53,8,2,1,0,1,41,2
1,1,10,2,1,0,0,1,2,0
0,1,23,3,1,0,0,1,11,1
0,0,21,3,5,3,0,1,11,1
0,0,13,1,9,0,0,1,4,1
1,1,26,3,2,0,0,1,14,1
1,0,151,20,10,31,0,1,7,1
1,1,31,3,3,7,0,1,6,1
0,0,23,3,3,0,0,1,19,6
0,1,11,1,1,2,0,1,7,0
0,1,14,2,1,0,0,1,12,1
0,1,16,2,4,0,0,1,26,2
0,0,19,2,6,5,0,1,7,1
1,0,23,2,0,3,0,1,13,1
0,1,31,3,2,1,0,1,32,1
0,1,17,2,1,1,0,1,5,1
1,1,22,1,4,3,0,1,7,0
0,1,16,2,1,1,0,1,24,2
0,0,17,2,2,0,0,1,8,1
1,0,131,12,10,3,0,1,4,1
0,0,24,2,3,5,0,1,4,0
0,1,21,1,1,3,0,1,9,0
1,1,31,3,4,0,0,1,5,0
0,0,34,4,4,3,0,1,12,1
1,1,8,1,1,0,0,1,25,1
1,1,64,5,3,12,0,1,8,0
1,1,25,2,1,8,0,1,9,1
1,0,58,4,5,5,0,1,51,3
1,0,58,10,3,7,0,1,26,2
1,1,67,10,4,10,0,1,12,1
0,1,20,2,3,0,0,1,15,1
1,1,18,3,0,0,0,1,7,0
0,0,84,8,8,6,0,1,41,3
0,0,10,1,1,0,0,1,7,1
1,0,25,1,10,3,0,1,15,0
0,0,19,2,3,0,0,1,20,0
0,0,23,1,3,1,0,1,8,1
1,0,20,2,1,0,0,1,11,0
1,0,78,5,8,14,0,1,6,1
1,1,86,3,10,0,0,1,4,0
0,1,61,7,8,5,0,1,9,1
0,1,8,1,1,0,0,1,12,0
1,0,117,5,13,26,0,1,11,1
0,1,27,3,4,0,0,1,35,3
0,0,33,1,4,2,0,1,4,0
0,0,16,2,1,2,0,1,9,0
1,1,34,3,8,4,0,1,9,0
0,0,11,1,2,1,0,1,3,0
1,1,39,7,0,6,0,1,9,0
1,1,21,4,2,2,0,1,8,0
1,1,6,1,0,0,0,1,7,1
0,0,108,6,2,6,0,1,6,0
0,0,13,2,1,1,0,1,10,0
0,0,28,1,5,0,0,1,10,1
0,0,15,1,2,2,0,1,7,0
1,1,27,3,4,0,0,1,15,1
1,0,17,2,0,6,0,1,6,0
0,0,42,7,2,8,0,1,8,1
0,1,15,1,0,1,0,1,9,1
0,0,49,1,0,0,0,1,7,0
0,0,67,3,8,4,0,1,7,1
1,1,64,5,8,5,0,1,7,0
0,0,28,2,4,8,0,1,22,1
0,1,10,2,0,0,0,1,19,1
1,0,27,2,3,1,0,1,4,1
1,1,8,1,3,0,0,1,8,1
1,1,12,1,1,0,0,1,11,1
1,0,23,3,4,0,0,1,4,1
1,0,11,1,1,1,0,1,4,1
1,1,27,3,3,1,0,1,14,1
1,1,55,6,6,4,0,1,8,1
1,1,27,4,2,14,0,1,5,1
1,1,56,5,9,4,0,1,12,0
0,0,15,2,1,0,0,1,6,1
1,1,113,6,10,0,0,1,14,0
0,0,53,5,5,7,0,1,11,0
0,1,19,3,3,1,0,1,55,3
0,0,53,5,2,2,0,1,7,0
1,1,14,1,1,3,0,1,6,1
0,0,54,3,5,12,0,1,8,0
0,0,18,4,0,0,0,1,6,1
1,1,33,3,2,2,0,1,13,1
0,0,41,5,4,3,0,1,9,0
1,1,32,3,2,2,0,1,5,1
1,1,59,6,7,1,0,1,27,4
0,0,23,5,1,0,0,1,7,1
1,1,20,2,4,0,0,1,13,1
0,0,22,2,1,1,0,1,11,2
0,0,6,1,1,0,0,1,4,0
0,0,10,1,1,1,0,1,9,1
0,0,10,1,1,0,0,1,4,0
1,0,60,6,4,6,0,1,12,0
1,1,24,4,1,0,0,1,13,1
0,1,40,3,3,0,0,1,3,0
1,1,17,1,2,0,0,1,11,0
1,0,54,5,6,6,0,1,15,0
0,0,23,3,1,0,0,1,34,3
1,1,99,7,7,7,0,1,15,1
0,1,26,1,3,0,0,1,6,0
0,0,18,2,1,1,0,1,11,1
1,0,11,1,1,1,0,1,21,2
0,0,61,8,5,0,0,1,12,2
0,1,17,2,2,0,0,1,26,4
0,1,59,1,4,0,0,1,10,0
0,0,17,3,1,0,0,1,18,1
0,1,15,2,1,2,0,1,6,0
1,0,88,8,7,5,0,1,14,1
0,1,16,2,1,0,0,1,16,2
0,0,30,3,1,2,0,1,11,1
0,0,37,4,4,6,0,1,29,2
1,1,11,2,0,0,0,1,6,0
1,1,120,13,5,11,0,1,29,1
0,1,11,1,1,2,0,1,11,0
1,1,32,7,2,0,0,1,7,1
1,0,88,9,8,13,0,1,10,1
0,0,48,5,4,0,0,1,44,3
1,1,26,4,7,0,0,1,27,2
1,1,25,1,1,0,0,1,21,1
0,0,48,2,9,0,0,1,3,0
1,0,132,4,19,0,0,1,63,0
0,1,17,3,0,1,0,1,10,1
0,0,19,1,1,4,0,1,5,0
0,0,10,1,1,1,0,1,5,1
1,1,17,2,2,0,0,1,9,1
0,0,24,3,2,1,0,1,24,2
0,0,26,2,4,1,0,1,22,0
0,1,23,1,3,3,0,1,19,1
1,1,105,3,15,1,0,1,5,1
1,1,25,4,0,0,0,1,12,1
0,0,16,3,1,0,0,1,22,0
0,1,12,1,2,0,0,1,3,0
0,1,14,1,2,1,0,1,10,0
1,1,24,5,0,0,0,1,13,1
1,0,88,5,17,6,0,1,13,1
1,0,30,2,4,3,0,1,5,0
0,1,30,3,4,0,0,1,22,1
0,0,12,1,3,2,0,1,9,3
1,1,24,1,9,8,0,1,6,0
0,1,8,2,1,0,0,1,7,1
0,0,19,5,0,0,0,1,5,0
1,1,29,4,1,3,0,1,14,0
0,0,31,3,4,3,0,1,36,0
0,1,23,3,1,7,0,1,5,1
1,1,18,3,1,4,0,1,4,1
0,0,33,2,0,2,0,1,1,1
0,0,26,2,0,1,0,1,9,1
0,0,57,1,20,8,0,1,30,0
1,1,13,3,0,1,0,1,10,1
0,1,25,1,7,0,0,1,30,2
0,1,39,1,2,0,0,1,44,2
1,1,45,8,1,6,0,1,56,3
1,0,37,3,8,0,0,1,12,1
1,1,21,2,4,6,0,1,10,1
1,1,42,8,2,0,0,1,18,1
1,1,45,6,4,2,0,1,9,0
0,0,13,2,1,2,0,1,11,1
1,1,45,2,5,0,0,1,5,1
0,1,9,2,1,2,0,1,14,1
1,0,38,4,4,2,0,1,10,1
0,0,22,3,1,0,0,1,11,1
1,1,34,3,1,4,0,1,10,0
1,1,33,2,5,1,0,1,53,3
0,0,26,2,6,0,0,1,8,1
1,1,20,3,1,4,0,1,5,1
1,1,30,2,1,2,0,1,12,0
0,0,7,1,0,0,0,1,14,1
0,0,35,4,2,0,0,1,21,1
1,0,73,6,5,5,0,1,12,1
0,0,19,3,2,0,0,1,10,1
0,1,47,6,5,1,0,1,39,2
0,1,24,1,3,3,0,1,18,2
0,1,58,4,5,2,0,1,6,1
0,1,16,1,2,0,0,1,9,1
1,0,8,1,0,0,0,1,10,1
1,1,66,9,7,3,0,1,6,0
0,0,12,2,1,1,0,1,13,1
1,1,19,4,0,0,0,1,11,0
1,0,83,5,12,3,0,1,4,0
0,0,10,1,2,1,0,1,13,1
0,1,21,3,1,0,0,1,3,1
1,0,12,1,1,0,0,1,4,0
0,0,62,5,9,0,0,1,43,4
1,0,77,4,12,2,0,1,27,2
0,1,9,1,1,1,0,1,55,5
0,0,16,2,2,2,0,1,9,0
0,1,9,1,3,0,0,1,9,0
0,1,18,3,2,3,0,1,2,0
0,0,22,4,2,0,0,1,14,1
1,1,76,8,11,4,0,1,14,1
0,0,18,2,2,0,0,1,54,3
1,1,108,20,5,1,0,1,30,3
1,0,125,10,7,14,0,1,37,2
0,0,17,4,0,0,0,1,10,2
0,0,41,3,4,16,0,1,12,0
1,1,12,1,2,1,0,1,35,5
1,0,104,12,2,34,0,1,33,1
0,1,12,2,1,0,0,1,7,0
0,0,27,2,4,12,0,1,4,0
0,1,33,6,0,1,0,1,57,4
0,1,10,1,1,2,0,1,10,1
1,1,80,7,6,4,0,1,5,1
1,1,92,6,4,5,0,1,7,0
1,1,35,1,1,0,0,1,7,0
0,0,42,5,3,2,0,1,7,0
1,0,8,2,1,0,0,1,13,1
0,1,19,2,1,2,0,1,2,0
1,0,18,2,2,0,0,1,13,0
1,1,12,1,3,0,0,1,12,1
1,1,21,1,4,0,0,1,4,1
0,1,70,5,7,5,0,1,11,1
0,0,27,3,3,3,0,1,4,0
0,0,11,2,0,0,0,1,9,1
0,0,28,5,2,0,0,1,7,1
0,0,18,3,1,0,0,1,10,1
0,0,26,1,6,0,0,1,4,1
1,1,188,12,5,9,0,1,13,0
0,0,39,3,3,10,0,1,8,1
0,0,91,5,4,0,0,1,8,1
1,0,24,2,3,2,0,1,8,1
0,1,20,4,2,4,0,1,26,3
0,1,21,2,3,0,0,1,17,1
0,1,57,3,3,5,0,1,8,0
0,1,79,14,4,0,0,1,8,1
1,1,17,1,2,1,0,1,5,1
1,0,81,5,19,12,0,1,7,1
1,1,39,4,5,3,0,1,8,1
0,1,23,4,2,0,0,1,43,2
0,1,16,2,1,3,0,1,39,5
0,0,43,7,2,6,0,1,16,4
1,0,54,6,7,2,0,1,11,1
0,0,18,2,3,0,0,1,29,2
0,0,31,4,4,5,0,1,20,2
0,1,27,3,0,2,0,1,9,1
1,0,56,5,5,1,0,1,56,0
0,0,49,9,1,1,0,1,22,1
0,1,48,1,1,0,0,1,7,0
1,0,67,8,7,3,0,1,7,1
0,1,14,1,5,1,0,1,26,2
0,1,8,1,1,0,0,1,15,1
0,1,25,2,2,2,0,1,9,3
1,1,17,2,1,0,0,1,15,1
1,1,36,2,5,2,0,1,5,1
0,0,32,3,10,1,0,1,6,1
1,0,34,4,0,0,0,1,26,0
1,0,12,2,1,0,0,1,18,1
0,0,42,2,5,2,0,1,17,1
1,0,15,2,2,3,0,1,9,0
0,0,29,5,5,2,0,1,5,1
1,1,10,1,4,1,0,1,10,1
0,1,42,3,1,3,0,1,18,1
0,1,34,2,4,1,0,1,38,0
1,0,57,3,3,18,0,1,10,1
0,0,15,2,3,0,0,1,13,1
0,0,29,3,2,2,0,1,25,0
1,0,5,1,0,0,0,1,9,1
1,0,37,5,2,3,0,1,10,1
0,0,10,2,1,0,0,1,4,0
0,1,84,4,11,4,0,1,10,1
0,1,29,1,6,1,0,1,12,1
1,1,85,6,7,5,0,1,10,1
0,1,25,3,1,4,0,1,15,0
1,0,96,8,14,5,0,1,4,1
1,1,100,13,0,47,0,1,6,0
1,1,17,2,2,1,0,1,17,1
0,1,49,5,2,0,0,1,46,3
0,0,22,3,2,0,0,1,19,0
1,1,105,1,20,1,0,1,7,0
0,1,47,7,2,0,0,1,18,1
0,0,38,3,3,3,0,1,26,1
1,0,28,3,3,1,0,1,8,1
0,0,30,5,4,0,0,1,10,1
0,0,12,2,1,1,0,1,4,1
0,1,36,5,4,2,0,1,17,1
0,1,46,6,7,1,0,1,60,5
0,1,14,2,1,1,0,1,9,1
1,1,13,3,0,0,0,1,8,1
0,1,48,3,3,3,0,1,26,3
1,0,62,4,7,0,0,1,11,1
0,1,11,1,2,0,0,1,27,3
0,0,21,3,2,0,0,1,2,0
1,1,22,5,0,0,0,1,12,0
0,1,20,1,2,0,0,1,9,1
0,0,30,2,4,3,0,1,8,1
0,0,19,1,3,0,0,1,12,1
1,1,41,4,4,4,0,1,7,1
0,1,22,3,3,1,0,1,8,1
0,0,27,2,4,4,0,1,8,3
1,0,137,7,13,10,0,1,7,1
0,1,44,4,5,0,0,1,4,0
0,1,21,3,2,0,0,1,13,1
1,0,55,5,4,1,0,1,34,2
0,1,6,2,0,0,0,1,14,1
0,0,16,3,0,0,0,1,15,1
0,0,20,4,2,3,0,1,13,1
0,0,15,2,0,0,0,1,8,0
1,0,15,3,0,0,0,1,9,1
0,0,80,10,7,14,0,1,34,1
0,0,21,4,0,0,0,1,32,0
0,0,43,6,4,5,0,1,8,1
0,1,12,1,2,0,0,1,5,1
0,0,28,2,3,4,0,1,14,1
1,0,12,2,0,0,0,1,10,0
0,0,10,1,0,1,0,1,11,1
0,0,35,3,2,4,0,1,12,1
0,1,82,8,5,5,0,1,13,1
1,1,23,2,2,0,0,1,5,1
0,1,15,1,2,5,0,1,8,1
0,1,26,3,4,1,0,1,5,1
1,0,11,1,2,0,0,1,19,1
0,0,26,4,2,0,0,1,3,0
1,1,73,6,9,5,0,1,10,0
0,0,16,2,0,0,0,1,8,0
0,1,65,8,6,1,0,1,7,0
1,1,27,1,0,8,0,1,6,1
1,1,9,1,1,0,0,1,7,0
0,1,49,8,2,0,0,1,47,3
0,0,35,2,7,3,0,1,10,1
0,0,40,1,13,0,0,1,3,1
1,0,10,1,2,0,0,1,6,1
0,0,27,4,1,0,0,1,8,1
1,1,62,5,5,11,0,1,8,1
1,1,21,2,2,0,0,1,4,0
0,0,21,2,2,5,0,1,9,0
1,1,16,2,1,0,0,1,6,1
0,1,62,4,3,4,0,1,26,1
0,0,58,11,4,6,0,1,21,1
0,0,12,1,4,1,0,1,9,0
0,1,20,1,0,1,0,1,10,0
0,1,15,2,1,0,0,1,9,1
0,1,29,1,10,9,0,1,14,0
0,1,13,2,1,0,0,1,11,1
0,0,13,1,2,1,0,1,18,2
1,0,46,5,4,7,0,1,8,0
1,0,26,4,1,4,0,1,5,0
0,0,54,6,4,2,0,1,65,3
1,1,13,1,2,1,0,1,6,1
1,0,25,1,13,4,0,1,5,0
0,1,21,1,3,3,0,1,47,4
1,1,22,2,1,3,0,1,9,1
0,1,29,1,5,5,0,1,1,0
1,1,34,5,4,0,0,1,6,1
0,0,28,3,2,1,0,1,8,1
1,1,31,4,3,3,0,1,9,1
0,0,13,1,2,0,0,1,6,0
0,0,20,3,2,0,0,1,11,1
0,1,31,5,5,3,0,1,6,1
1,0,52,5,4,3,0,1,11,0
1,0,9,1,2,0,0,1,13,1
1,1,40,5,1,4,0,1,25,6
1,1,22,4,2,0,0,1,6,1
0,1,109,11,7,6,0,1,27,3
1,1,37,3,7,0,0,1,3,1
0,0,8,1,0,0,0,1,15,1
0,1,72,6,5,10,0,1,37,2
1,1,11,1,2,0,0,1,7,0
1,1,32,3,4,4,0,1,3,0
0,0,24,2,1,5,0,1,8,0
1,0,14,3,0,0,0,1,16,0
1,0,86,8,15,15,0,1,9,1
0,1,25,2,2,3,0,1,8,0
0,1,33,3,3,3,0,1,18,1
0,1,25,4,2,1,0,1,8,0
0,0,94,6,4,9,0,1,15,2
0,0,19,2,1,2,0,1,10,0
0,1,53,8,4,6,0,1,11,1
1,0,10,2,2,1,0,1,45,4
0,0,31,2,6,2,0,1,12,1
0,0,49,3,2,5,0,1,8,1
0,1,11,1,4,6,0,1,7,0
0,1,181,14,10,17,0,1,60,2
1,0,27,3,3,2,0,1,17,1
0,1,31,3,5,0,0,1,4,0
1,1,9,1,1,0,0,1,12,1
1,0,54,2,4,9,0,1,7,1
1,0,64,7,6,16,0,1,9,1
0,0,50,5,3,1,0,1,6,1
0,0,26,2,4,6,0,1,3,1
1,1,36,3,7,13,0,1,6,0
0,0,22,3,0,1,0,1,18,1
1,0,36,4,3,3,0,1,5,0
1,1,22,1,4,0,0,1,35,3
0,1,12,1,3,3,0,1,5,1
0,1,16,3,0,0,0,1,37,2
0,0,52,1,10,1,0,1,11,1
1,1,24,2,5,1,0,1,3,1
1,1,68,4,8,9,0,1,6,1
0,1,10,1,1,1,0,1,10,1
0,0,20,3,0,10,0,1,5,1
1,1,108,7,14,0,0,1,8,1
1,0,29,2,6,1,0,1,34,3
1,0,86,6,6,0,0,1,7,1
0,0,16,2,1,1,0,1,6,0
0,1,78,6,9,7,0,1,4,0
0,0,23,2,0,1,0,1,5,0
0,0,10,1,1,1,0,1,11,1
0,1,27,2,2,3,0,1,11,2
0,0,22,2,1,4,0,1,9,1
1,1,9,1,1,1,0,1,17,2
1,1,20,3,2,1,0,1,9,1
1,0,20,2,1,0,0,1,5,0
1,0,24,2,1,4,0,1,5,1
1,0,120,14,5,8,0,1,19,1
0,1,11,2,1,0,0,1,25,1
0,0,73,5,6,1,0,1,9,2
1,1,34,2,3,12,0,1,4,1
1,0,49,2,9,7,0,1,25,4
1,0,57,4,7,9,0,1,8,1
0,1,42,8,1,0,0,1,9,0
1,0,22,3,1,0,0,1,8,1
1,1,46,5,2,1,0,1,70,4
1,1,42,6,4,2,0,1,30,1
1,0,77,1,6,0,0,1,7,1
0,0,32,5,0,3,0,1,22,2
1,1,72,2,9,17,0,1,9,1
1,1,52,6,3,4,0,1,16,1
0,0,100,6,11,0,0,1,23,1
0,1,8,1,2,0,0,1,17,1
0,0,22,2,0,1,0,1,6,1
0,0,13,1,1,0,0,1,24,2
1,0,17,3,1,0,0,1,20,0
0,1,18,3,1,0,0,1,17,1
1,0,48,5,5,7,0,1,8,1
1,0,10,2,0,0,0,1,8,1
0,0,22,2,4,1,0,1,5,0
0,1,20,3,1,2,0,1,15,0
0,1,26,3,3,0,0,1,10,1
0,1,39,1,0,10,0,1,24,1
0,0,71,8,7,7,0,1,15,1
0,0,70,5,7,5,0,1,8,1
0,1,39,3,10,0,0,1,10,1
1,0,14,1,2,0,0,1,5,1
0,1,17,2,4,0,0,1,53,4
0,0,29,5,0,8,0,1,9,0
1,0,47,4,2,2,0,1,10,0
0,1,14,1,2,2,0,1,5,1
1,0,20,3,1,1,0,1,68,10
0,0,34,4,2,3,0,1,8,0
0,1,12,1,1,1,0,1,5,0
0,0,45,7,3,5,0,1,11,1
1,1,30,4,2,1,0,1,5,1
0,1,22,2,3,0,0,1,40,4
0,0,123,1,11,6,0,1,7,0
0,1,30,3,5,2,0,1,17,0
1,1,10,1,2,0,0,1,12,3
0,0,11,1,0,0,0,1,5,1
1,1,63,6,6,7,0,1,19,1
1,0,37,3,1,2,0,1,22,2
1,0,101,13,6,0,0,1,39,2
0,0,10,2,0,0,0,1,24,2
0,1,72,1,12,14,0,1,5,1
0,0,16,2,1,1,0,1,31,2
0,0,14,1,1,0,0,1,10,0
0,0,13,1,1,1,0,1,7,1
0,0,67,7,11,1,0,1,12,1
1,1,11,3,1,0,0,1,4,1
0,0,17,3,1,0,0,1,31,2
0,0,16,2,1,2,0,1,22,0
1,1,9,1,1,1,0,1,19,0
0,1,10,2,1,0,0,1,30,1
1,0,67,7,3,0,0,1,33,1
0,0,40,3,3,1,0,1,7,0
0,0,13,1,3,0,0,1,6,0
0,0,24,3,3,0,0,1,7,0
1,1,12,1,2,0,0,1,12,0
1,0,31,4,3,1,0,1,14,0
0,0,8,2,1,0,0,1,18,1
1,0,70,2,11,0,0,1,25,2
0,1,31,5,3,2,0,1,27,0
1,1,40,4,5,4,0,1,8,1
1,0,30,6,1,1,0,1,40,4
0,0,7,1,0,2,0,1,8,1
1,1,18,1,2,1,0,1,32,3
0,0,37,2,4,0,0,1,13,1
0,1,35,3,5,4,0,1,10,0
1,0,111,1,11,4,0,1,7,0
0,1,10,2,0,0,0,1,8,1
0,1,84,8,8,5,0,1,17,1
1,0,28,3,4,0,0,1,29,3
0,0,25,3,3,0,0,1,13,2
0,1,33,5,0,6,0,1,9,0
0,0,71,9,8,3,0,1,20,1
1,0,27,2,2,2,0,1,11,1
0,0,9,2,0,0,0,1,5,0
0,0,16,2,1,0,0,1,11,1
0,0,13,2,3,0,0,1,5,0
0,0,16,2,1,1,0,1,23,1
0,1,50,4,5,0,0,1,24,5
0,1,14,2,1,0,0,1,50,3
0,0,73,4,9,5,0,1,42,1
0,1,14,1,2,0,0,1,8,1
0,1,15,1,0,1,0,1,10,1
1,0,41,2,3,4,0,1,4,1
1,0,19,2,1,2,0,1,7,0
0,1,13,3,1,1,0,1,32,3
0,0,13,1,2,1,0,1,19,0
1,1,81,3,11,1,0,1,6,1
1,1,23,3,3,0,0,1,16,1
0,0,12,2,1,0,0,1,7,1
0,1,8,1,0,0,0,1,15,3
0,0,76,12,9,8,0,1,4,1
1,0,13,2,2,0,0,1,8,1
1,0,41,2,7,0,0,1,23,0
0,0,22,2,2,1,0,1,14,1
0,0,7,1,2,0,0,1,10,1
1,1,20,1,1,9,0,1,7,0
0,1,32,3,1,5,0,1,10,2
1,1,20,1,0,7,0,1,23,2
1,0,26,2,0,1,0,1,6,1
1,1,45,3,6,4,0,1,5,1
0,1,11,1,3,0,0,1,6,1
1,0,49,8,4,3,0,1,6,0
0,0,27,3,1,1,0,1,5,1
1,1,26,4,1,1,0,1,6,0
1,0,22,2,2,0,0,1,5,0
1,0,75,7,11,6,0,1,5,0
0,1,108,1,9,26,0,1,5,1
0,1,65,5,4,8,0,1,61,6
1,0,28,1,8,5,0,1,11,1
1,0,56,5,8,7,0,1,4,1
1,1,15,3,1,2,0,1,12,1
1,0,127,18,7,1,0,1,44,2
1,0,49,7,3,1,0,1,9,0
0,0,42,5,5,8,0,1,16,0
1,1,36,1,3,9,0,1,29,2
0,0,10,1,0,0,0,1,6,0
1,0,31,5,2,0,0,1,13,0
0,0,80,9,6,9,0,1,11,1
0,1,52,3,6,1,0,1,12,1
0,0,13,1,1,0,0,1,8,0
1,1,29,3,2,1,0,1,13,1
1,1,22,4,0,2,0,1,3,0
1,1,78,11,2,5,0,1,10,0
0,0,36,3,1,3,0,1,40,2
1,1,71,5,4,4,0,1,6,0
1,0,22,1,4,0,0,1,10,1
0,0,22,2,4,1,0,1,6,1
0,0,17,2,3,0,0,1,10,1
0,0,8,1,0,0,0,1,13,1
1,0,32,3,3,4,0,1,30,1
0,0,35,3,6,3,0,1,8,1
1,1,26,2,5,3,0,1,8,0
0,0,63,6,4,5,0,1,12,3
1,0,27,3,4,0,0,1,15,1
0,1,45,6,2,11,0,1,14,3
1,0,83,9,11,3,0,1,6,1
0,1,70,1,2,6,0,1,7,0
0,0,24,2,1,5,0,1,32,3
1,0,17,1,1,1,0,1,33,0
0,0,51,1,6,4,0,1,28,1
1,1,32,5,2,0,0,1,10,0
1,1,49,2,5,0,0,1,9,0
0,1,34,3,2,6,0,1,4,0
1,1,26,2,3,0,0,1,17,2
0,0,19,2,2,0,0,1,18,1
1,0,40,7,1,6,0,1,8,1
0,1,9,1,2,0,0,1,10,1
0,0,38,3,5,0,0,1,15,1
0,0,19,2,2,1,0,1,8,0
1,1,21,2,3,0,0,1,8,1
0,0,19,2,3,4,0,1,8,1
1,1,22,3,1,0,0,1,9,2
0,0,96,8,5,7,0,1,10,1
1,1,23,3,4,0,0,1,10,1
1,0,56,5,7,4,0,1,10,1
1,1,30,3,2,3,0,1,9,1
1,1,57,7,3,7,0,1,11,1
1,1,29,3,2,0,0,1,7,1
0,1,52,2,5,5,0,1,5,1
1,1,29,2,9,1,0,1,9,1
0,0,13,2,1,0,0,1,6,0
0,0,37,4,4,3,0,1,19,1
1,1,29,1,3,0,0,1,7,0
1,1,49,4,7,1,0,1,14,1
0,1,17,5,1,0,0,1,5,1
1,1,13,2,2,1,0,1,10,1
1,0,15,2,2,1,0,1,4,1
0,0,24,5,1,0,0,1,14,1
0,1,19,2,2,2,0,1,8,1
1,0,22,1,1,9,0,1,4,0
1,0,83,11,11,2,0,1,5,1
1,1,88,7,9,3,0,1,5,1
0,0,25,3,2,2,0,1,5,0
0,1,13,1,2,4,0,1,9,1
0,0,78,6,4,23,0,1,12,1
0,1,48,6,6,0,0,1,32,3
0,0,9,1,3,0,0,1,6,1
0,0,27,3,5,3,0,1,7,1
1,1,63,6,6,7,0,1,12,0
0,0,35,4,4,3,0,1,10,1
1,0,33,4,1,3,0,1,6,0
1,0,32,5,0,0,0,1,18,0
0,0,20,3,2,0,0,1,17,1
0,1,16,2,1,2,0,1,10,1
0,0,25,3,1,0,0,1,4,0
0,1,12,2,0,0,0,1,6,0
0,0,52,4,1,4,0,1,17,1
0,0,9,1,1,0,0,1,19,0
1,1,38,6,3,2,0,1,22,0
0,0,58,5,8,1,0,1,15,1
0,1,13,2,1,0,0,1,2,0
0,1,131,10,20,1,0,1,11,1
0,0,10,1,1,0,0,1,12,1
0,0,27,3,2,1,0,1,20,0
0,0,150,1,5,9,0,1,8,0
0,1,25,3,0,5,0,1,4,0
1,0,163,13,11,15,0,1,11,1
1,0,29,3,2,2,0,1,4,0
0,1,21,1,0,1,0,1,18,5
1,1,43,4,9,5,0,1,16,1
1,0,41,5,1,1,0,1,9,1
0,0,37,4,6,0,0,1,4,1
0,1,19,1,1,1,0,1,9,1
0,0,14,2,1,1,0,1,9,1
1,1,61,8,5,1,0,1,13,0
1,1,34,2,6,4,0,1,30,2
0,1,14,2,1,0,0,1,9,2
0,0,85,12,8,6,0,1,3,1
0,1,24,4,1,1,0,1,10,1
1,1,80,6,11,5,0,1,13,1
0,0,30,3,4,4,0,1,7,1
0,1,26,1,4,0,0,1,4,0
0,0,67,7,5,4,0,1,11,1
0,0,22,1,2,0,0,1,19,0
0,0,64,5,15,3,0,1,12,0
0,0,18,1,3,0,0,1,11,1
1,1,67,5,6,11,0,1,5,1
1,1,29,2,6,5,0,1,5,1
0,1,54,6,3,8,0,1,15,0
1,0,15,3,1,1,0,1,24,1
0,0,28,3,3,2,0,1,13,1
1,0,18,4,2,0,0,1,11,0
0,1,22,1,2,0,0,1,33,1
0,0,17,2,0,0,0,1,10,1
1,1,76,7,6,5,0,1,10,1
0,0,13,1,6,2,0,1,6,0
1,1,17,2,1,2,0,1,9,1
1,1,31,1,4,4,0,1,7,0
1,1,18,1,6,4,0,1,76,4
0,0,45,3,6,6,0,1,5,0
0,0,28,3,2,2,0,1,23,2
0,0,69,7,7,4,0,1,1,0
0,0,74,1,11,0,0,1,32,0
0,1,16,1,3,2,0,1,10,0
0,0,11,2,2,0,0,1,11,2
0,0,29,2,2,2,0,1,9,1
1,1,18,1,2,1,0,1,45,1
0,0,119,8,5,22,0,1,11,1
0,1,20,3,2,0,0,1,11,1
1,0,54,5,4,4,0,1,4,0
1,1,14,3,2,0,0,1,9,1
0,1,16,1,2,0,0,1,13,0
1,1,25,2,4,4,0,1,18,0
0,1,50,6,8,3,0,1,11,1
0,1,11,1,2,0,0,1,13,0
1,0,69,6,8,19,0,1,3,0
0,1,11,3,0,0,0,1,10,1
1,0,157,11,6,26,0,1,18,1
0,1,20,2,3,3,0,1,8,1
0,0,25,5,1,1,0,1,5,1
1,1,38,4,1,5,0,1,7,1
1,1,53,5,11,4,0,1,13,1
0,0,18,3,1,1,0,1,11,1
1,0,30,4,3,4,0,1,10,1
1,1,84,7,9,26,0,1,13,1
1,1,22,1,3,0,0,1,36,3
0,0,21,2,3,1,0,1,7,1
0,1,10,1,0,1,0,1,5,0
0,1,34,2,5,2,0,1,19,2
0,0,77,6,8,2,0,1,24,1
0,0,11,2,1,0,0,1,3,1
0,0,33,2,3,1,0,1,9,1
0,0,17,1,1,1,0,1,23,1
1,0,32,3,5,4,0,1,32,1
0,1,14,2,1,1,0,1,15,0
0,1,15,4,1,0,0,1,22,5
1,1,19,1,1,6,0,1,16,1
0,1,41,2,6,2,0,1,12,1
0,1,19,1,3,2,0,1,5,1
1,0,26,3,4,1,0,1,7,1
0,0,48,1,9,16,0,1,3,0
1,1,40,5,3,0,0,1,12,1
1,1,56,11,1,0,0,1,10,1
0,0,28,5,4,2,0,1,17,0
1,1,37,3,6,2,0,1,8,1
1,1,72,7,6,3,0,1,10,1
0,1,9,1,0,0,0,1,22,1
1,0,57,2,8,5,0,1,5,0
1,0,25,4,2,0,0,1,17,1
1,0,20,2,3,4,0,1,9,1
1,0,88,5,14,9,0,1,9,1
1,0,9,2,0,0,0,1,10,1
0,1,7,1,2,2,0,1,32,2
1,1,26,3,4,4,0,1,12,1
1,1,30,6,1,0,0,1,6,1
1,0,51,4,2,5,0,1,6,1
1,0,5,1,1,0,0,1,5,1
1,0,21,2,2,2,0,1,8,1
0,1,14,2,1,2,0,1,13,1
0,0,29,3,3,2,0,1,21,0
1,1,137,12,14,2,0,1,11,1
1,1,100,8,10,2,0,1,51,3
1,0,92,4,14,0,0,1,22,2
0,0,18,4,3,0,0,1,43,4
1,1,79,7,5,11,0,1,13,1
0,0,19,1,3,1,0,1,15,0
0,0,23,1,3,12,0,1,8,1
1,0,22,2,2,3,0,1,9,0
0,1,21,3,2,4,0,1,21,2
1,1,33,4,3,0,0,1,8,1
1,0,25,3,0,2,0,1,8,1
1,0,84,10,8,4,0,1,13,0
0,0,44,3,4,1,0,1,19,5
0,1,16,2,1,1,0,1,19,1
0,1,30,3,4,3,0,1,62,3
0,0,18,1,5,0,0,1,9,1
1,0,17,1,6,0,0,1,9,1
1,1,20,4,0,3,0,1,20,2
1,1,53,7,5,1,0,1,9,0
0,1,11,1,1,0,0,1,31,2
1,0,7,1,2,1,0,1,5,0
0,0,59,6,5,4,0,1,57,7
0,1,37,7,2,3,0,1,22,0
1,0,46,4,1,2,0,1,7,1
0,0,36,5,0,1,0,1,11,1
1,1,45,4,5,1,0,1,17,1
1,1,36,6,2,1,0,1,6,1
0,1,40,2,3,0,0,1,12,0
1,1,28,1,4,4,0,1,24,2
0,1,52,3,1,4,0,1,35,1
0,1,42,3,7,4,0,1,19,1
1,0,130,15,14,31,0,1,10,0
0,1,20,1,7,1,0,1,10,1
1,1,24,4,0,0,0,1,6,1
0,1,23,3,1,1,0,1,5,1
0,0,14,2,0,1,0,1,17,1
1,1,11,1,1,0,0,1,8,1
0,1,11,2,2,0,0,1,26,2
0,0,30,5,3,0,0,1,9,0
0,1,12,1,2,0,0,1,16,1
1,1,19,2,1,2,0,1,58,3
0,1,62,3,2,7,0,1,9,1
1,1,21,1,8,3,0,1,6,1
1,0,38,3,2,1,0,1,1,0
0,1,22,3,1,1,0,1,16,2
1,1,11,2,1,0,0,1,8,1
0,0,94,4,4,12,0,1,4,0
1,0,64,4,5,3,0,1,5,1
0,0,51,3,4,2,0,1,20,2
1,0,104,14,7,0,0,1,7,1
1,1,89,11,16,11,0,1,10,1
1,1,12,1,3,0,0,1,6,1
1,0,11,2,0,2,0,1,12,1
0,0,33,4,5,0,0,1,21,1
1,1,75,4,9,9,0,1,9,1
0,0,20,1,6,2,0,1,11,1
1,1,74,7,2,6,0,1,15,2
1,0,32,1,7,0,0,1,19,0
0,1,11,2,2,0,0,1,10,1
0,1,14,1,1,1,0,1,7,1
1,0,101,8,12,3,0,1,10,1
1,0,8,1,2,0,0,1,25,1
0,1,9,2,0,0,0,1,13,2
0,0,20,1,5,5,0,1,9,1
0,0,32,4,4,0,0,1,6,1
1,1,43,8,6,10,0,1,23,0
0,0,11,1,1,0,0,1,6,0
1,0,14,2,3,0,0,1,3,0
0,1,14,1,2,0,0,1,17,0
0,0,18,2,2,0,0,1,13,1
1,1,16,2,2,2,0,1,11,1
0,0,34,4,3,3,0,1,11,1
0,1,83,1,12,1,0,1,11,0
0,0,46,5,3,1,0,1,18,1
1,1,30,4,1,0,0,1,7,0
0,0,65,7,6,3,0,1,34,2
1,0,14,1,2,1,0,1,14,1
1,1,71,2,0,6,0,1,22,1
0,0,21,2,7,0,0,1,8,1
0,1,12,2,1,0,0,1,16,1
1,0,29,5,2,2,0,1,6,1
0,1,27,4,2,6,0,1,3,0
0,1,29,2,2,7,0,1,13,2
1,0,39,7,3,6,0,1,8,0
1,1,50,8,2,1,0,1,22,1
0,1,16,3,1,1,0,1,9,1
0,1,30,2,3,1,0,1,10,1
1,1,23,4,1,0,0,1,17,0
0,0,15,1,2,0,0,1,46,1
1,1,19,1,0,0,0,1,4,1
0,1,16,2,1,0,0,1,19,1
1,1,16,4,1,0,0,1,5,1
1,1,17,2,1,1,0,1,34,2
0,1,55,3,9,1,0,1,16,1
1,1,35,3,0,1,0,1,9,0
0,0,11,1,2,0,0,1,3,1
0,0,41,2,0,3,0,1,26,0
1,0,5,1,0,0,0,1,9,1
0,1,38,3,5,1,0,1,8,1
1,0,27,2,2,2,0,1,9,1
0,1,13,1,2,0,0,1,31,3
0,1,40,4,8,2,0,1,14,2
1,0,156,23,5,13,0,1,9,1
0,0,25,3,1,4,0,1,9,1
0,1,13,1,4,3,0,1,44,4
1,1,66,7,4,21,0,1,11,1
0,0,30,3,0,9,0,1,4,1
0,1,47,5,3,1,0,1,27,2
0,1,16,3,1,0,0,1,52,5
1,1,38,5,3,7,0,1,4,0
0,0,13,1,1,0,0,1,7,1
1,1,11,2,2,0,0,1,8,1
1,0,28,3,4,0,0,1,8,1
0,0,10,1,1,1,0,1,6,0
0,0,19,4,1,0,0,1,7,1
0,0,74,4,1,0,0,1,3,1
1,1,28,4,3,6,0,1,15,1
0,0,9,1,1,1,0,1,10,1
0,1,27,2,1,2,0,1,32,2
0,0,29,4,2,0,0,1,6,1
0,0,9,2,1,0,0,1,18,2
1,1,26,5,0,0,0,1,9,0
1,0,30,3,3,0,0,1,5,0
0,0,13,2,2,1,0,1,16,1
1,1,21,2,2,3,0,1,12,1
1,1,27,1,3,2,0,1,12,1
0,0,46,8,3,9,0,1,60,2
1,1,13,1,1,0,0,1,10,1
0,1,45,6,4,5,0,1,38,2
1,1,73,5,11,0,0,1,6,1
0,0,9,2,0,0,0,1,5,1
0,1,23,2,0,2,0,1,22,2
0,0,44,6,4,7,0,1,11,1
1,1,41,6,1,7,0,1,9,1
0,0,11,2,0,0,0,1,7,1
0,1,71,7,3,5,0,1,53,3
0,1,11,4,0,0,0,1,3,0
0,1,10,1,1,1,0,1,11,1
1,1,19,2,1,0,0,1,14,2
1,0,103,9,8,8,0,1,14,1
0,1,31,4,2,0,0,1,7,1
0,0,18,2,2,0,0,1,16,0
1,1,80,6,4,7,0,1,6,1
1,0,85,10,11,0,0,1,31,2
1,1,52,6,5,5,0,1,8,3
0,1,38,2,1,10,0,1,13,1
1,1,117,9,8,6,0,1,23,0
1,1,139,21,5,13,0,1,12,0
1,0,14,1,2,0,0,1,16,1
0,0,24,1,5,2,0,1,4,0
0,1,30,1,2,5,0,1,11,0
1,0,34,4,3,2,0,1,13,1
1,0,33,3,0,3,0,1,2,0
0,1,7,1,1,0,0,1,6,1
0,1,19,4,1,1,0,1,9,1
0,1,69,3,7,2,0,1,10,1
0,0,18,1,2,0,0,1,25,2
0,0,33,2,2,2,0,1,30,0
0,1,15,2,2,1,0,1,7,0
1,0,44,3,8,5,0,1,4,0
1,1,33,3,4,6,0,1,14,0
1,0,109,5,6,22,0,1,12,1
0,0,11,1,0,0,0,1,6,1
1,0,11,2,0,0,0,1,41,3
1,1,9,1,1,0,0,1,6,1
0,0,10,1,2,0,0,1,6,0
0,0,103,13,5,21,0,1,28,0
0,0,5,1,0,0,0,1,11,0
1,0,6,1,0,0,0,1,4,0
1,0,99,10,25,12,0,1,10,1
1,1,54,5,0,2,0,1,8,0
0,1,19,3,1,2,0,1,6,1
0,0,12,2,1,0,0,1,10,1
1,1,104,4,12,5,0,1,15,0
0,0,24,3,0,2,0,1,9,1
1,1,55,9,1,0,0,1,8,0
0,1,25,3,3,1,0,1,30,2
0,1,13,2,1,0,0,1,6,0
1,1,36,5,5,4,0,1,26,0
1,1,59,3,5,14,0,1,26,0
1,1,46,4,4,0,0,1,16,2
0,0,12,2,1,0,0,1,4,1
0,0,14,2,0,1,0,1,7,0
1,1,112,3,7,10,0,1,16,0
0,1,76,3,5,0,0,1,18,1
1,1,75,10,3,2,0,1,6,1
0,0,43,5,1,2,0,1,6,1
1,0,31,5,3,1,0,1,19,0
1,1,16,4,0,0,0,1,57,2
0,1,48,3,4,2,0,1,20,3
0,0,64,1,4,3,0,1,7,0
0,1,31,3,6,1,0,1,19,1
1,1,14,2,1,0,0,1,9,1
0,1,11,1,3,0,0,1,10,1
0,1,9,1,1,2,0,1,5,0
0,0,43,2,10,0,0,1,10,0
0,0,86,4,14,22,0,1,16,2
1,0,39,1,4,3,0,1,17,1
1,1,12,1,1,0,0,1,30,3
1,1,17,1,3,2,0,1,13,1
1,0,32,5,3,0,0,1,14,2
1,1,23,3,2,2,0,1,5,1
1,1,112,6,10,4,0,1,29,1
1,1,10,3,1,0,0,1,6,1
0,0,10,2,2,2,0,1,10,2
0,1,14,1,2,1,0,1,47,4
1,1,66,1,8,0,0,1,10,1
1,0,83,6,11,6,0,1,10,0
1,1,9,2,1,0,0,1,9,1
1,0,18,4,1,2,0,1,16,1
0,1,15,1,2,1,0,1,7,1
1,0,50,3,6,3,0,1,16,2
0,0,32,3,5,2,0,1,12,0
0,0,25,3,1,1,0,1,8,0
1,1,66,1,3,0,0,1,7,0
0,1,6,1,1,1,0,1,2,0
0,0,47,4,3,4,0,1,55,3
0,0,14,2,1,0,0,1,11,1
0,1,22,1,4,5,0,1,9,1
0,0,10,1,2,0,0,1,6,1
1,1,30,3,1,4,0,1,7,1
1,1,76,2,23,6,0,1,8,1
0,0,18,1,1,1,0,1,5,0
0,1,12,1,1,0,0,1,13,2
1,1,84,7,1,3,0,1,4,1
0,0,8,1,0,0,0,1,3,0
0,0,26,3,2,0,0,1,16,1
1,0,24,5,2,1,0,1,11,1
1,0,19,4,0,0,0,1,8,1
0,1,10,1,0,2,0,1,53,5
1,1,103,7,7,9,0,1,33,1
0,0,16,1,5,0,0,1,32,2
0,0,15,1,2,3,0,1,10,1
0,0,8,1,0,0,0,1,7,0
1,1,41,6,6,4,0,1,6,0
0,0,31,1,4,0,0,1,14,0
1,1,53,6,7,3,0,1,8,1
1,1,15,1,1,1,0,1,14,1
1,0,57,9,0,1,0,1,10,1
1,1,74,5,5,4,0,1,13,1
1,0,20,2,2,0,0,1,7,0
0,0,30,3,3,5,0,1,8,0
1,1,37,3,5,4,0,1,9,1
1,0,10,1,2,0,0,1,50,6
1,0,19,1,2,6,0,1,22,1
0,1,9,1,2,2,0,1,16,1
0,0,12,1,1,2,0,1,4,1
0,1,16,1,3,5,0,1,13,1
0,1,19,1,6,2,0,1,11,0
0,1,10,2,1,0,0,1,19,1
0,1,13,1,1,3,0,1,26,2
0,0,11,1,3,1,0,1,11,1
0,0,31,2,2,3,0,1,16,1
0,1,47,1,6,8,0,1,22,1
1,0,71,9,2,4,0,1,10,1
1,1,15,2,1,0,0,1,16,1
1,1,107,11,10,13,0,1,13,1
0,1,31,1,8,7,0,1,15,1
1,0,10,1,2,0,0,1,5,1
0,1,31,4,2,4,0,1,6,1
1,1,66,4,4,33,0,1,4,0
0,1,48,4,2,2,0,1,9,1
0,0,46,1,5,0,0,1,24,0
0,0,38,4,1,2,0,1,22,1
1,1,13,2,0,0,0,1,31,1
1,0,18,2,2,0,0,1,2,1
0,0,88,7,4,6,0,1,26,2
1,1,16,1,1,2,0,1,3,1
1,0,108,12,8,16,0,1,8,1
1,0,39,4,4,6,0,1,10,0
0,1,43,6,4,0,0,1,16,0
0,0,50,6,3,1,0,1,17,1
1,1,21,3,0,1,0,1,5,1
1,0,20,2,2,0,0,1,7,0
0,0,54,2,14,3,0,1,8,1
1,0,98,7,9,4,0,1,4,1
1,1,13,1,3,1,0,1,5,1
0,1,37,3,1,8,0,1,3,0
0,0,48,4,6,12,0,1,67,6
0,0,55,9,7,1,0,1,40,4
1,0,16,1,5,3,0,1,10,0
0,0,22,4,1,2,0,1,7,0
1,1,186,20,14,8,0,1,41,1
0,0,22,2,0,1,0,1,17,1
0,0,23,2,4,1,0,1,6,1
0,0,9,1,1,3,0,1,8,1
0,0,58,7,5,5,0,1,22,0
1,1,77,4,10,11,0,1,5,1
0,1,96,5,9,4,0,1,14,0
0,1,28,3,1,4,0,1,11,0
1,1,16,3,0,0,0,1,6,1
0,1,15,1,2,0,0,1,18,3
1,0,26,3,0,1,0,1,39,2
1,0,18,1,1,4,0,1,10,1
0,0,54,8,3,7,0,1,8,0
0,0,95,4,7,29,0,1,7,0
0,1,12,1,3,1,0,1,19,3
0,1,9,1,1,0,0,1,9,1
1,1,46,4,2,2,0,1,11,1
1,1,12,1,2,1,0,1,11,1
0,0,23,1,0,1,0,1,7,0
0,1,45,2,5,0,0,1,70,1
0,1,16,1,3,0,0,1,37,1
0,0,13,1,2,2,0,1,7,0
0,0,32,7,0,0,0,1,11,0
1,1,34,2,3,1,0,1,9,1
1,1,30,3,2,5,0,1,9,0
1,1,20,1,3,0,0,1,9,0
0,0,49,4,7,5,0,1,13,1
0,0,15,2,2,0,0,1,19,0
1,0,36,3,2,8,0,1,3,0
0,0,31,1,1,3,0,1,8,0
1,1,18,3,0,6,0,1,8,1
1,1,39,4,4,0,0,1,14,0
0,1,10,1,1,1,0,1,8,3
0,0,30,2,5,3,0,1,23,5
1,0,67,4,6,2,0,1,12,1
1,1,42,7,2,0,0,1,4,1
0,0,87,6,5,0,0,1,10,1
0,0,25,1,4,2,0,1,6,1
0,1,11,2,2,0,0,1,15,1
0,1,11,2,1,1,0,1,8,1
0,1,43,2,9,5,0,1,10,1
0,0,21,3,1,0,0,1,4,1
0,0,19,2,1,1,0,1,27,2
0,1,11,2,1,0,0,1,14,5
0,0,22,2,1,2,0,1,5,0
1,0,36,2,4,4,0,1,1,0
0,0,6,2,0,0,0,1,4,1
1,1,28,2,2,4,0,1,36,1
0,1,42,4,5,7,0,1,11,1
0,0,56,3,3,30,0,1,21,1
1,0,13,2,1,0,0,1,6,1
0,1,10,1,3,0,0,1,10,1
0,1,13,1,2,2,0,1,44,0
0,0,67,3,3,1,0,1,6,1
0,0,11,1,3,0,0,1,9,1
1,1,30,3,2,3,0,1,7,0
1,1,26,3,2,2,0,1,6,1
0,0,92,10,7,9,0,1,15,3
1,0,33,2,2,7,0,1,11,1
0,0,14,3,2,1,0,1,14,2
1,1,37,6,4,3,0,1,20,0
0,0,8,1,2,1,0,1,18,1
1,0,15,2,2,1,0,1,7,1
1,1,16,3,1,2,0,1,5,1
0,1,9,1,0,1,0,1,16,2
0,1,32,2,9,5,0,1,7,1
0,1,14,2,1,0,0,1,9,0
0,1,35,3,3,2,0,1,14,1
1,0,72,4,6,10,0,1,10,0
1,1,45,3,5,2,0,1,14,1
0,1,33,4,4,1,0,1,14,1
1,1,16,1,3,0,0,1,10,1
1,1,12,2,1,0,0,1,26,4
0,0,28,1,7,7,0,1,53,3
1,0,32,6,1,0,0,1,9,1
0,0,79,5,4,7,0,1,15,0
1,1,9,1,1,2,0,1,8,0
1,1,30,4,6,0,0,1,39,3
0,1,83,7,5,22,0,1,47,1
1,1,77,8,6,14,0,1,7,1
0,0,14,2,1,0,0,1,6,1
1,1,24,2,2,1,0,1,7,1
0,0,15,2,3,2,0,1,6,0
1,1,22,2,3,0,0,1,39,8
0,0,30,4,6,3,0,1,31,2
1,0,67,5,4,20,0,1,8,0
0,1,17,2,1,0,0,1,9,1
0,0,20,2,1,5,0,1,9,0
0,0,56,10,4,6,0,1,11,1
0,0,12,1,2,0,0,1,7,0
1,0,21,2,1,3,0,1,7,1
0,1,14,1,2,4,0,1,12,1
1,0,7,1,1,0,0,1,4,0
0,0,10,1,1,0,0,1,2,0
1,1,115,8,8,6,0,1,8,1
0,0,8,2,0,0,0,1,5,0
0,1,26,2,2,2,0,1,36,0
1,1,15,3,3,0,0,1,3,0
1,1,18,3,1,0,0,1,12,1
0,0,34,3,2,8,0,1,4,1
1,1,52,3,5,3,0,1,6,0
0,0,9,1,2,1,0,1,23,2
0,0,17,2,2,0,0,1,31,1
1,0,21,3,1,0,0,1,7,1
0,1,19,3,2,0,0,1,11,1
1,0,54,1,11,16,0,1,10,1
0,1,86,6,7,1,0,1,9,0
0,0,27,2,0,2,0,1,16,1
1,1,123,12,13,17,0,1,19,0
0,0,22,3,3,0,0,1,4,0
0,0,29,4,2,1,0,1,16,1
0,1,19,2,0,3,0,1,15,0
1,1,12,2,2,0,0,1,7,1
0,0,15,2,2,3,0,1,4,0
1,1,14,2,1,3,0,1,10,1
1,0,33,1,4,16,0,1,9,1
0,1,81,5,3,5,0,1,14,1
0,0,34,5,7,0,0,1,6,1
0,0,7,1,0,0,0,1,11,1
0,1,55,3,6,5,0,1,35,0
0,0,21,3,3,3,0,1,5,1
1,1,21,3,2,0,0,1,24,1
1,1,17,2,5,1,0,1,5,1
0,1,25,1,1,6,0,1,20,0
1,0,112,13,8,10,0,1,4,1
0,0,10,1,0,0,0,1,5,1
1,1,61,3,4,2,0,1,4,0
1,1,14,1,2,4,0,1,47,5
0,0,30,2,4,0,0,1,22,2
0,0,30,3,0,0,0,1,17,1
0,1,15,3,1,1,0,1,7,1
0,1,14,4,2,2,0,1,50,3
1,0,93,9,7,5,0,1,17,2
1,1,12,1,2,1,0,1,35,3
1,0,42,5,7,0,0,1,13,1
1,1,17,3,1,5,0,1,8,0
1,0,66,5,10,7,0,1,10,1
1,1,104,14,12,10,0,1,6,1
0,1,13,1,1,0,0,1,7,1
0,1,8,2,1,0,0,1,6,0
0,0,42,1,2,0,0,1,7,0
0,0,13,1,3,0,0,1,27,1
1,0,22,6,2,1,0,1,14,0
1,0,14,4,1,0,0,1,9,1
1,0,15,1,1,0,0,1,12,1
0,1,15,2,1,0,0,1,8,1
0,0,94,5,6,6,0,1,10,0
0,1,64,7,5,4,0,1,23,3
0,0,30,4,2,4,0,1,4,0
1,0,56,9,4,4,0,1,11,1
0,0,14,1,1,0,0,1,12,1
1,1,15,1,2,0,0,1,45,3
0,1,25,2,5,6,0,1,15,2
0,1,34,2,2,0,0,1,13,1
0,0,46,4,8,12,0,1,3,1
0,1,30,2,4,2,0,1,14,1
1,1,23,5,1,0,0,1,31,1
0,0,62,10,4,11,0,1,22,1
0,1,52,3,5,3,0,1,10,1
1,0,51,2,5,3,0,1,9,1
1,0,53,5,4,3,0,1,6,1
1,1,25,2,2,3,0,1,13,1
0,0,42,4,4,1,0,1,7,1
1,0,21,1,2,0,0,1,6,0
1,1,69,7,16,0,0,1,9,1
0,0,18,2,2,0,0,1,4,1
0,1,13,2,0,6,0,1,12,0
0,0,9,2,2,0,0,1,10,1
0,0,56,3,10,4,0,1,41,2
1,1,14,2,4,4,0,1,23,2
0,1,9,1,2,1,0,1,49,2
1,1,11,1,2,1,0,1,15,2
1,0,84,14,5,4,0,1,6,1
0,0,18,3,1,0,0,1,5,0
1,0,69,5,9,11,0,1,6,1
0,1,19,1,1,0,0,1,17,2
0,0,33,1,7,4,0,1,19,1
0,1,21,3,3,0,0,1,22,2
0,1,18,4,1,0,0,1,9,0
1,1,114,10,6,9,0,1,3,0
0,1,23,3,4,5,0,1,10,0
0,1,10,1,2,0,0,1,13,1
0,0,30,5,1,0,0,1,10,0
0,0,14,1,3,1,0,1,13,1
0,0,15,3,0,0,0,1,20,2
0,1,10,2,1,0,0,1,20,2
0,0,14,1,3,0,0,1,6,1
1,0,18,2,2,2,0,1,14,0
0,0,8,1,2,0,0,1,11,1
1,1,38,4,3,11,0,1,11,1
1,1,44,6,5,5,0,1,10,0
1,0,11,3,0,0,0,1,12,0
0,0,102,10,7,20,0,1,10,1
0,1,30,1,7,1,0,1,16,2
1,1,14,1,5,2,0,1,7,0
0,0,21,2,0,1,0,1,12,1
1,0,38,6,2,4,0,1,23,3
0,1,22,1,4,0,0,1,8,1
0,0,39,4,2,2,0,1,10,1
1,1,33,2,1,1,0,1,37,5
1,0,16,2,1,6,0,1,6,1
1,1,127,9,5,17,0,1,11,1
1,0,17,1,1,1,0,1,6,0
0,0,36,2,5,0,0,1,9,1
0,1,10,2,1,0,0,1,16,1
1,0,24,3,1,0,0,1,11,0
0,0,13,1,1,0,0,1,7,1
1,0,77,1,20,18,0,1,10,0
1,1,31,4,6,5,0,1,8,0
0,0,8,1,2,0,0,1,7,0
0,1,17,2,3,1,0,1,17,1
0,0,10,2,1,0,0,1,14,1
1,1,8,1,1,0,0,1,9,0
0,1,33,3,3,2,0,1,14,0
0,1,30,6,1,0,0,1,19,0
1,1,26,3,1,4,0,1,39,2
0,0,27,4,2,7,0,1,14,1
0,0,8,2,0,0,0,1,4,0
1,1,62,1,9,3,0,1,11,1
1,0,30,3,3,4,0,1,4,1
0,0,8,1,1,0,0,1,10,0
1,0,73,3,7,6,0,1,35,1
1,1,14,1,2,2,0,1,16,1
1,1,153,13,5,17,0,1,25,2
1,1,20,3,1,0,0,1,12,1
1,0,9,2,0,3,0,1,6,0
0,0,22,1,2,1,0,1,29,3
1,0,55,9,3,3,0,1,24,2
1,1,25,5,2,2,0,1,10,1
1,0,22,3,1,0,0,1,10,1
1,1,55,5,6,2,0,1,5,1
1,0,16,2,0,1,0,1,10,0
1,1,11,1,0,0,0,1,11,0
0,0,69,11,2,3,0,1,7,1
1,1,36,3,0,7,0,1,55,2
0,0,40,1,1,16,0,1,7,1
0,1,13,3,2,4,0,1,8,1
0,0,13,2,1,0,0,1,6,0
0,0,40,3,3,5,0,1,9,1
0,1,14,2,1,0,0,1,8,1
1,0,25,3,1,0,0,1,13,1
1,1,33,4,3,3,0,1,7,1
0,0,38,3,3,6,0,1,3,0
1,1,9,1,1,0,0,1,11,1
1,1,87,10,1,14,0,1,3,1
0,1,44,5,4,1,0,1,54,4
0,0,25,4,2,0,0,1,22,2
0,1,34,3,3,1,0,1,5,1
0,0,28,2,2,1,0,1,12,1
1,0,15,2,1,0,0,1,6,0
1,0,39,1,5,11,0,1,7,0
0,1,26,2,2,3,0,1,8,1
0,0,41,3,4,2,0,1,5,0
0,0,21,4,1,3,0,1,11,0
0,0,54,9,4,0,0,1,27,2
1,1,69,6,10,0,0,1,71,3
1,0,107,7,12,0,0,1,11,0
0,0,22,4,0,0,0,1,15,1
1,1,71,5,4,3,0,1,10,1
1,1,9,1,2,1,0,1,14,1
0,0,30,3,3,0,0,1,5,0
1,1,94,6,13,2,0,1,37,1
1,0,66,5,8,2,0,1,15,1
0,0,17,2,1,0,0,1,1,1
0,1,29,3,2,1,0,1,9,0
0,1,44,3,6,0,0,1,8,0
0,0,13,1,0,0,0,1,30,0
0,1,19,2,1,2,0,1,8,0
0,1,16,4,0,0,0,1,15,1
0,0,30,5,0,0,0,1,34,4
1,0,100,8,4,9,0,1,8,3
1,0,8,1,0,1,0,1,8,1
1,0,14,2,1,1,0,1,9,0
1,1,56,7,2,5,0,1,9,0
1,0,25,1,2,2,0,1,6,1
0,1,100,11,6,8,0,1,43,3
1,0,19,3,1,0,0,1,6,0
0,0,39,2,3,1,0,1,11,1
0,1,19,3,2,0,0,1,84,2
0,1,19,1,1,1,0,1,31,2
0,0,80,7,7,4,0,1,12,1
1,1,35,3,3,4,0,1,11,1
0,0,33,4,0,1,0,1,10,0
0,1,25,2,4,2,0,1,16,1
0,0,10,1,2,0,0,1,12,2
0,0,43,3,2,3,0,1,9,1
0,0,28,1,6,6,0,1,22,2
0,1,21,6,0,2,0,1,4,0
0,1,104,6,11,13,0,1,8,1
0,1,57,5,3,22,0,1,23,2
1,0,90,10,2,16,0,1,7,0
1,1,46,4,1,2,0,1,16,2
1,0,67,2,17,0,0,1,6,1
1,0,14,1,3,1,0,1,9,1
1,0,28,3,2,1,0,1,9,1
0,0,29,3,4,1,0,1,12,1
0,0,13,3,0,0,0,1,7,1
1,1,55,4,0,5,0,1,11,0
0,0,22,2,1,3,0,1,20,1
0,1,30,1,2,0,0,1,14,1
1,1,60,2,7,3,0,1,8,1
1,0,19,1,2,1,0,1,4,0
0,0,10,1,2,0,0,1,8,0
1,0,200,1,6,4,0,1,7,0
0,0,11,1,3,0,0,1,3,0
0,1,13,1,2,2,0,1,16,2
1,0,18,3,3,3,0,1,11,1
0,1,28,2,10,3,0,1,11,1
0,0,18,2,2,0,0,1,13,1
0,0,10,3,0,0,0,1,11,0
0,1,29,4,3,2,0,1,9,1
0,1,42,5,3,10,0,1,10,1
0,0,53,3,8,6,0,1,10,0
0,0,21,1,7,1,0,1,13,1
0,0,9,1,1,0,0,1,12,1
1,0,41,4,5,6,0,1,7,1
1,1,15,1,2,0,0,1,13,1
1,0,106,7,8,5,0,1,15,1
0,0,28,1,9,0,0,1,23,3
1,0,11,1,0,4,0,1,5,0
0,0,87,8,10,6,0,1,11,1
0,0,64,5,7,3,0,1,40,3
0,0,65,5,2,8,0,1,11,1
0,0,52,6,3,2,0,1,14,0
0,0,28,4,3,0,0,1,21,1
1,1,27,2,1,0,0,1,10,0
0,0,13,2,1,0,0,1,6,0
0,0,13,2,4,2,0,1,7,1
1,1,54,4,3,1,0,1,3,1
0,0,64,5,2,3,0,1,8,1
1,0,26,1,9,0,0,1,4,1
1,1,87,9,7,18,0,1,5,1
0,0,25,3,1,1,0,1,10,1
1,0,48,5,1,4,0,1,5,0
1,1,11,2,0,2,0,1,14,1
1,0,24,3,0,1,0,1,11,1
0,0,6,1,0,0,0,1,9,0
1,1,40,1,8,4,0,1,5,1
0,0,31,6,2,0,0,1,11,0
0,0,21,4,2,0,0,1,22,1
0,0,19,4,0,0,0,1,7,1
0,0,14,1,0,3,0,1,5,1
0,1,19,3,1,0,0,1,17,0
0,0,18,3,2,1,0,1,12,0
0,0,16,2,2,0,0,1,16,2
0,1,48,5,9,1,0,1,5,1
0,0,23,3,2,0,0,1,20,2
1,1,18,2,1,1,0,1,11,1
0,0,50,3,11,13,0,1,4,0
0,0,13,2,1,2,0,1,19,1
0,1,41,3,2,6,0,1,8,0
1,1,30,3,7,0,0,1,7,1
0,0,46,7,1,9,0,1,8,0
0,1,18,4,1,0,0,1,12,1
0,1,83,3,13,13,0,1,5,0
1,1,51,8,5,1,0,1,8,1
0,0,29,6,0,1,0,1,12,1
1,0,103,10,9,3,0,1,8,1
0,1,23,3,3,1,0,1,11,1
1,1,43,4,5,2,0,1,3,0
1,0,62,9,5,6,0,1,43,5
1,0,9,1,1,1,0,1,13,1
1,0,17,3,1,4,0,1,15,3
1,1,27,4,1,0,0,1,22,0
0,0,26,2,4,0,0,1,54,7
0,1,21,2,3,4,0,1,22,3
0,0,38,6,1,3,0,1,66,1
1,0,67,5,3,4,0,1,30,1
0,1,26,5,2,1,0,1,9,1
0,0,88,8,5,12,0,1,11,0
0,1,44,2,7,2,0,1,10,1
1,0,16,2,3,0,0,1,8,1
1,0,29,3,3,1,0,1,3,0
1,0,29,3,3,6,0,1,6,1
0,1,42,2,4,1,0,1,10,0
1,0,10,1,2,0,0,1,6,1
1,1,15,3,0,0,0,1,4,1
1,0,95,5,13,2,0,1,8,0
0,1,10,2,1,0,0,1,24,2
1,0,13,2,1,0,0,1,15,0
0,0,31,2,9,4,0,1,9,1
0,0,17,2,0,0,0,1,20,1
0,0,33,1,1,9,0,1,8,1
0,1,19,2,3,0,0,1,18,0
1,1,152,6,7,31,0,1,10,1
0,1,19,2,1,2,0,1,9,0
0,0,20,2,1,5,0,1,4,1
0,0,19,2,1,2,0,1,6,1
1,1,94,7,9,3,0,1,4,0
1,1,207,30,0,0,0,1,4,0
1,0,10,2,0,0,0,1,5,1
1,1,63,3,9,9,0,1,7,1
0,0,28,2,3,0,0,1,9,1
1,1,59,8,6,0,0,1,78,3
1,1,27,2,7,1,0,1,11,1
0,1,31,1,7,3,0,1,21,2
0,1,9,1,3,1,0,1,22,1
0,1,31,1,3,0,0,1,16,1
1,1,105,8,11,2,0,1,20,1
1,1,40,4,2,3,0,1,8,1
1,1,16,2,1,2,0,1,10,1
0,1,52,10,4,5,0,1,45,4
0,0,33,1,2,16,0,1,6,1
1,1,10,1,0,0,0,1,21,1
1,1,162,5,18,1,0,1,12,0
0,0,14,1,2,0,0,1,10,1
1,1,58,6,4,9,0,1,15,1
0,1,37,2,2,2,0,1,5,0
1,1,14,2,0,1,0,1,29,2
0,0,21,2,1,1,0,1,8,0
0,0,43,3,3,2,0,1,5,1
0,0,15,1,0,1,0,1,6,0
0,0,72,6,6,7,0,1,28,1
1,1,27,2,3,0,0,1,4,1
0,0,48,2,9,3,0,1,9,1
1,0,32,6,1,3,0,1,10,1
0,0,45,8,5,0,0,1,10,1
0,1,67,3,9,12,0,1,20,3
1,0,83,12,6,0,0,1,56,2
0,1,61,6,4,11,0,1,9,1
0,0,10,1,1,1,0,1,7,1
1,1,58,3,7,24,0,1,15,0
0,1,34,2,1,2,0,1,5,0
1,0,102,11,6,3,0,1,7,1
1,0,58,3,6,6,0,1,5,0
1,0,48,4,4,12,0,1,8,0
1,1,45,3,8,6,0,1,7,0
1,1,54,4,6,2,0,1,6,0
0,1,13,2,1,1,0,1,6,0
1,1,24,1,4,5,0,1,30,1
0,1,27,2,8,3,0,1,25,4
0,1,19,4,0,0,0,1,2,0
1,0,39,8,2,0,0,1,3,0
0,0,53,3,8,13,0,1,2,0
1,0,47,7,2,5,0,1,7,0
0,0,43,4,8,0,0,1,17,0
1,1,39,3,6,5,0,1,31,3
0,0,21,1,3,0,0,1,9,1
0,1,80,6,10,12,0,1,6,1
1,0,12,1,2,0,0,1,25,2
1,1,12,1,2,1,0,1,28,2
1,0,39,5,3,6,0,1,3,0
0,1,22,2,1,1,0,1,10,1
1,0,75,2,7,22,0,1,8,1
1,1,15,1,3,4,0,1,16,0
1,1,43,5,5,3,0,1,51,3
0,0,53,2,1,19,0,1,3,0
1,1,87,5,7,15,0,1,5,1
0,0,61,9,6,10,0,1,11,0
0,0,13,1,4,0,0,1,11,1
1,0,26,3,4,1,0,1,7,1
0,1,23,3,2,2,0,1,9,1
0,0,18,2,1,1,0,1,9,0
0,0,31,6,2,0,0,1,18,1
1,1,15,1,1,0,0,1,13,0
1,0,43,7,1,0,0,1,9,0
0,0,20,2,1,1,0,1,5,1
0,1,13,2,2,2,0,1,15,1
1,1,95,6,11,1,0,1,8,1
1,1,30,4,2,1,0,1,15,3
0,1,41,4,5,2,0,1,40,1
1,1,105,10,12,7,0,1,36,3
1,1,31,4,4,0,0,1,7,0
0,1,18,2,1,2,0,1,5,0
1,0,104,10,9,6,0,1,5,0
1,1,29,6,2,0,0,1,11,1
1,0,48,4,6,0,0,1,10,0
0,1,29,1,5,0,0,1,9,1
0,1,29,1,3,6,0,1,5,1
0,0,17,1,0,2,0,1,7,1
0,1,58,3,1,8,0,1,4,1
0,0,75,11,10,10,0,1,16,1
1,1,19,1,5,0,0,1,14,1
0,0,36,1,1,0,0,1,7,0
0,1,21,1,3,1,0,1,10,1
1,0,36,2,2,4,0,1,8,1
1,1,15,1,5,0,0,1,8,0
0,0,9,1,2,0,0,1,11,1
0,1,32,3,4,6,0,1,9,1
1,1,58,6,6,1,0,1,3,0
0,1,16,1,3,1,0,1,24,0
1,0,29,4,3,7,0,1,4,0
1,1,30,6,1,5,0,1,6,0
1,1,23,4,1,0,0,1,14,0
1,0,35,2,6,0,0,1,8,0
0,0,19,1,6,2,0,1,3,0
0,1,12,2,0,0,0,1,2,0
1,0,10,1,1,0,0,1,16,1
1,1,19,4,1,1,0,1,9,0
1,0,176,1,3,40,0,1,5,1
1,0,126,1,11,1,0,1,8,0
1,0,44,1,4,0,0,1,8,1
0,1,79,7,14,2,0,1,9,0
0,0,26,4,2,3,0,1,15,0
0,0,44,5,3,5,0,1,5,1
0,1,17,3,0,2,0,1,14,0
0,0,11,1,1,0,0,1,38,2
1,1,54,3,10,11,0,1,11,1
0,1,20,1,3,1,0,1,4,1
0,0,43,1,9,8,0,1,24,0
0,1,9,1,1,0,0,1,14,1
1,1,22,2,2,3,0,1,7,1
1,1,48,6,5,13,0,1,12,1
1,1,11,1,2,0,0,1,29,1
0,1,9,1,0,2,0,1,8,1
1,0,30,3,2,1,0,1,5,0
0,0,129,12,3,9,0,1,37,3
1,0,17,2,2,1,0,1,13,1
0,0,118,8,12,13,0,1,51,3
1,1,21,1,6,0,0,1,17,3
0,0,16,2,2,0,0,1,11,1
0,0,9,1,0,0,0,1,13,1
1,1,78,6,7,5,0,1,4,0
1,1,64,7,4,1,0,1,35,2
0,0,9,1,1,0,0,1,9,1
0,0,23,2,4,8,0,1,17,1
0,0,78,5,5,10,0,1,11,1
1,1,17,2,2,1,0,1,7,1
0,0,60,7,8,3,0,1,6,1
1,1,24,2,1,4,0,1,13,1
0,0,26,2,0,3,0,1,7,0
0,1,10,1,1,1,0,1,13,1
0,0,12,2,0,0,0,1,39,4
1,1,13,2,0,0,0,1,7,0
0,0,23,3,1,6,0,1,14,1
0,1,8,1,1,1,0,1,5,0
0,1,10,2,0,0,0,1,23,1
1,0,96,13,9,4,0,1,9,1
1,0,85,9,8,2,0,1,22,2
0,0,22,3,3,1,0,1,10,1
0,0,19,1,2,4,0,1,10,1
0,0,126,12,2,20,0,1,15,1
0,0,24,2,6,1,0,1,3,0
1,0,19,3,2,0,0,1,37,2
0,0,47,7,6,0,0,1,21,0
0,0,30,4,2,0,0,1,22,2
1,1,9,1,2,0,0,1,5,0
0,1,8,1,1,3,0,1,15,1
0,0,10,2,1,0,0,1,4,1
1,1,46,3,1,5,0,1,8,1
1,0,46,5,1,3,0,1,25,2
0,0,66,1,5,2,0,1,8,0
0,1,13,1,4,0,0,1,45,0
0,1,22,2,3,0,0,1,12,1
0,0,23,1,3,0,0,1,11,0
1,1,23,2,2,1,0,1,6,0
0,0,11,2,1,1,0,1,16,0
0,0,46,3,9,6,0,1,17,2
1,1,22,3,1,2,0,1,11,1
0,1,15,3,0,0,0,1,4,1
0,0,11,1,1,2,0,1,11,1
0,0,25,3,0,1,0,1,10,2
0,0,32,3,1,12,0,1,11,1
0,1,71,1,17,1,0,1,19,0
0,1,17,5,0,0,0,1,4,0
0,0,33,3,3,3,0,1,5,1
1,0,19,1,4,0,0,1,18,3
0,0,8,3,0,0,0,1,22,2
1,1,8,1,0,0,0,1,7,0
0,1,20,2,4,0,0,1,42,3
0,0,89,7,8,5,0,1,15,0
0,0,28,2,3,0,0,1,4,1
1,1,21,4,0,0,0,1,11,0
1,0,59,7,3,2,0,1,8,1
1,1,104,15,0,12,0,1,6,1
1,1,84,8,7,7,0,1,4,1
0,0,25,3,3,3,0,1,4,0
1,1,12,1,1,0,0,1,8,1
0,0,44,6,3,2,0,1,9,1
1,1,17,1,5,1,0,1,23,2
0,1,21,2,2,0,0,1,11,1
1,1,52,4,11,3,0,1,38,2
1,0,25,2,3,11,0,1,14,1
0,0,44,1,4,14,0,1,24,2
1,0,110,9,6,3,0,1,18,1
0,0,33,5,4,5,0,1,5,0
1,0,92,5,5,4,0,1,8,1
0,0,32,3,1,3,0,1,29,3
0,0,50,4,3,3,0,1,10,1
0,0,23,4,1,4,0,1,8,0
0,1,35,4,3,5,0,1,8,1
0,1,26,2,2,1,0,1,11,1
1,0,28,4,2,3,0,1,10,1
0,0,42,5,3,1,0,1,4,1
0,0,101,5,16,6,0,1,3,1
1,1,64,8,2,3,0,1,17,1
1,1,31,4,1,2,0,1,16,1
0,1,12,1,1,0,0,1,18,0
0,0,48,5,5,6,0,1,10,0
1,0,38,7,2,0,0,1,21,2
1,1,22,2,1,3,0,1,7,0
1,0,10,1,1,2,0,1,9,1
0,1,8,2,0,0,0,1,3,1
1,0,8,1,1,1,0,1,5,0
1,1,20,3,1,3,0,1,6,2
0,1,35,2,11,5,0,1,10,1
0,0,27,3,1,1,0,1,26,4
0,0,11,1,3,0,0,1,10,1
0,1,48,4,6,4,0,1,29,1
0,0,10,1,2,0,0,1,12,1
0,1,26,4,1,1,0,1,22,1
1,1,64,6,8,22,0,1,25,2
0,1,17,1,3,0,0,1,27,1
1,0,14,2,1,0,0,1,6,1
1,0,171,8,9,15,0,1,6,0
0,0,33,5,2,4,0,1,10,0
0,1,14,2,2,0,0,1,22,1
0,0,28,4,7,2,0,1,11,1
1,1,52,4,2,6,0,1,8,1
0,0,49,3,6,4,0,1,14,1
0,0,28,3,0,1,0,1,11,1
0,1,19,2,2,0,0,1,19,1
0,1,45,8,2,1,0,1,26,0
1,1,89,6,7,0,0,1,23,0
1,1,8,1,4,0,0,1,7,1
0,0,47,3,5,1,0,1,12,1
1,0,113,14,7,13,0,1,20,1
0,0,80,9,11,11,0,1,9,1
0,1,31,5,5,2,0,1,11,1
1,1,15,1,2,0,0,1,12,1
1,0,45,4,3,9,0,1,25,2
0,0,44,1,9,0,0,1,12,1
0,1,12,3,0,2,0,1,14,1
0,1,11,2,0,0,0,1,17,0
1,1,102,18,4,4,0,1,13,1
0,0,32,1,3,9,0,1,6,0
0,0,45,1,5,1,0,1,8,0
0,0,53,2,6,0,0,1,4,0
1,1,19,2,1,0,0,1,4,1
0,1,26,2,1,2,0,1,5,0
1,0,48,6,5,1,0,1,8,1
1,1,85,8,10,21,0,1,4,0
1,1,54,2,14,1,0,1,14,1
0,0,28,4,2,0,0,1,11,1
0,1,29,3,4,0,0,1,28,2
1,1,38,3,1,6,0,1,10,1
1,1,35,3,4,5,0,1,8,0
1,1,61,7,11,0,0,1,44,1
1,0,58,8,6,3,0,1,11,1
0,0,12,3,0,0,0,1,7,1
0,1,32,2,8,6,0,1,7,1
0,0,14,2,1,2,0,1,8,0
0,0,61,10,4,0,0,1,20,1
0,1,28,3,2,10,0,1,20,1
0,0,15,4,0,3,0,1,43,4
1,1,39,4,0,2,0,1,9,1
1,1,9,1,1,2,0,1,9,1
1,1,11,1,1,2,0,1,5,1
0,0,77,8,11,1,0,1,5,1
0,0,19,3,2,5,0,1,14,1
1,0,105,6,12,11,0,1,26,2
0,0,16,1,0,0,0,1,10,1
1,0,15,1,2,5,0,1,6,0
1,0,27,4,2,0,0,1,9,1
0,1,27,2,4,6,0,1,23,1
0,1,14,2,1,0,0,1,6,2
0,0,45,2,4,0,0,1,14,1
1,1,72,6,7,7,0,1,15,1
1,1,14,2,2,3,0,1,10,0
1,0,45,5,5,4,0,1,8,1
1,1,52,1,5,0,0,1,10,0
0,0,14,1,1,0,0,1,11,0
0,1,25,1,6,0,0,1,5,0
1,1,78,6,13,5,0,1,32,2
0,1,92,9,1,2,0,1,25,3
0,1,65,1,7,0,0,1,6,0
1,0,72,8,6,5,0,1,9,1
1,0,44,7,1,3,0,1,7,1
1,1,38,2,5,1,0,1,5,1
1,1,18,3,1,0,0,1,7,1
0,1,67,5,2,9,0,1,13,1
1,1,18,3,1,5,0,1,4,1
1,0,29,3,3,0,0,1,4,1
0,1,30,3,0,1,0,1,10,1
1,1,14,2,1,1,0,1,21,1
1,0,140,10,16,17,0,1,17,1
1,1,37,5,2,1,0,1,13,1
1,1,31,4,3,3,0,1,9,0
1,1,30,1,2,6,0,1,12,0
1,1,44,5,5,8,0,1,6,1
0,0,30,1,6,2,0,1,20,1
0,0,86,8,8,2,0,1,16,1
1,1,25,1,2,5,0,1,4,1
1,1,14,1,1,1,0,1,12,0
1,0,38,6,3,1,0,1,9,1
1,0,129,15,6,9,0,1,10,0
1,1,27,3,1,9,0,1,21,2
1,1,28,1,5,0,0,1,20,0
1,0,160,10,12,20,0,1,20,3
0,0,10,1,3,0,0,1,20,2
0,0,19,3,2,0,0,1,10,0
1,1,153,14,3,7,0,1,59,3
1,1,18,1,7,0,0,1,6,0
0,0,32,2,1,6,0,1,10,1
1,0,5,2,0,0,0,1,6,1
0,1,94,8,9,16,0,1,37,2
1,1,16,3,1,0,0,1,36,4
0,1,23,2,2,1,0,1,21,0
1,0,9,2,1,0,0,1,12,0
1,1,74,9,4,3,0,1,11,1
1,1,45,6,1,10,0,1,9,1
0,0,9,1,1,0,0,1,22,2
0,0,12,1,1,1,0,1,7,1
1,1,45,1,7,0,0,1,41,1
1,0,37,4,1,4,0,1,12,1
0,0,23,1,10,0,0,1,59,4
0,0,90,7,2,4,0,1,15,3
1,0,36,6,2,0,0,1,10,0
0,1,57,5,6,7,0,1,7,1
0,1,55,4,4,2,0,1,4,0
0,0,28,2,3,0,0,1,45,2
0,0,11,1,0,6,0,1,5,1
1,1,70,8,10,2,0,1,15,1
0,1,23,2,4,1,0,1,10,1
0,0,43,6,1,0,0,1,6,1
0,1,18,2,4,3,0,1,25,2
0,1,37,2,9,0,0,1,9,1
1,0,75,3,7,1,0,1,8,1
1,1,35,2,5,8,0,1,7,1
1,0,88,1,0,10,0,1,8,0
1,1,13,1,0,1,0,1,8,1
1,0,17,2,2,0,0,1,7,1
0,0,21,3,3,0,0,1,14,1
0,1,23,2,2,0,0,1,12,1
0,0,13,3,0,0,0,1,37,2
1,0,67,8,5,6,0,1,13,1
0,0,63,8,5,0,0,1,6,1
1,1,42,3,5,3,0,1,7,0
0,1,20,3,1,1,0,1,26,3
0,0,9,1,1,0,0,1,32,3
0,1,19,3,1,1,0,1,14,0
0,0,15,2,2,0,0,1,7,1
1,1,10,1,2,0,0,1,7,1
1,1,5,1,1,0,0,1,6,0
1,1,19,3,2,0,0,1,5,1
1,0,54,4,7,2,0,1,16,1
0,0,20,1,0,1,0,1,12,1
1,1,37,8,2,9,0,1,12,1
1,0,50,2,4,1,0,1,9,0
1,0,84,10,1,9,0,1,7,1
1,0,47,1,2,0,0,1,5,0
0,0,22,2,1,0,0,1,21,2
0,0,12,2,1,1,0,1,9,1
1,1,27,3,3,1,0,1,10,1
0,0,16,1,4,0,0,1,4,0
1,0,48,1,2,0,0,1,3,1
0,1,19,1,4,1,0,1,22,0
1,1,52,3,7,5,0,1,18,1
0,0,29,3,5,6,0,1,3,1
1,1,15,2,4,3,0,1,24,1
1,1,91,7,5,23,0,1,7,1
1,1,71,6,7,8,0,1,7,0
0,1,14,2,1,0,0,1,5,0
0,1,15,3,0,0,0,1,12,1
1,1,14,2,3,2,0,1,24,1
0,0,135,7,16,0,0,1,43,3
0,0,78,7,7,7,0,1,29,6
0,0,50,8,5,1,0,1,13,1
1,0,36,4,5,5,0,1,19,1
0,1,10,1,2,0,0,1,6,0
1,1,10,1,0,0,0,1,10,1
1,1,43,6,3,0,0,1,9,1
0,0,41,3,8,4,0,1,4,1
1,1,66,3,4,0,0,1,9,0
1,1,67,4,7,4,0,1,31,1
0,0,39,3,4,1,0,1,21,1
0,1,36,1,0,3,0,1,7,1
1,1,65,2,6,2,0,1,4,0
0,1,18,2,3,2,0,1,26,3
1,1,53,7,3,4,0,1,6,1
0,1,34,2,2,0,0,1,9,1
0,1,16,3,1,0,0,1,10,1
1,1,24,3,2,0,0,1,8,1
0,0,39,4,2,8,0,1,12,0
1,0,10,1,1,0,0,1,7,1
0,1,8,1,1,0,0,1,13,1
1,1,30,2,3,1,0,1,9,1
0,1,14,3,1,0,0,1,12,0
0,0,21,2,1,2,0,1,2,0
0,0,32,1,1,7,0,1,13,1
0,1,4,1,1,0,0,1,7,1
1,1,77,10,7,0,0,1,10,1
0,0,15,3,1,0,0,1,11,2
1,1,50,7,4,2,0,1,17,1
1,1,41,6,3,0,0,1,19,1
0,1,44,3,8,6,0,1,8,1
1,0,9,1,1,0,0,1,8,1
0,1,17,2,2,0,0,1,10,0
1,1,13,1,1,0,0,1,9,0
1,0,167,24,9,7,0,1,45,5
0,0,17,3,0,6,0,1,9,1
0,0,14,2,1,1,0,1,6,1
0,0,26,1,3,4,0,1,16,1
1,1,84,4,3,5,0,1,13,1
1,0,21,1,3,1,0,1,14,1
1,0,17,4,0,0,0,1,17,1
0,1,8,1,1,1,0,1,5,0
1,1,39,4,4,1,0,1,4,1
1,0,27,2,3,0,0,1,9,1
0,0,22,4,0,0,0,1,11,1
0,0,48,4,3,1,0,1,37,2
0,0,63,8,9,8,0,1,5,0
0,1,15,2,1,1,0,1,7,1
0,0,9,1,3,0,0,1,3,0
1,0,56,6,1,5,0,1,11,1
1,1,34,1,4,0,0,1,7,0
0,1,25,2,3,4,0,1,6,0
0,1,70,3,3,8,0,1,8,1
0,0,25,2,2,2,0,1,40,3
0,0,44,5,4,1,0,1,20,2
1,1,61,11,3,3,0,1,47,0
1,1,23,3,1,3,0,1,8,1
0,1,26,1,5,1,0,1,12,0
1,0,12,1,0,4,0,1,19,4
1,0,71,5,5,15,0,1,4,1
1,0,50,3,1,6,0,1,9,1
0,0,11,1,1,0,0,1,29,1
0,1,16,1,2,2,0,1,3,0
1,1,37,6,2,1,0,1,11,1
1,1,11,2,0,0,0,1,28,2
1,1,10,1,2,0,0,1,34,2
1,1,27,2,2,5,0,1,10,1
0,1,12,1,1,0,0,1,10,0
0,1,38,5,3,0,0,1,7,0
1,0,25,3,2,3,0,1,6,0
1,0,47,6,5,9,0,1,8,0
0,1,54,3,1,0,0,1,5,0
1,0,13,1,3,0,0,1,6,1
0,1,37,4,2,3,0,1,21,0
0,0,144,14,7,6,0,1,9,1
1,0,23,4,2,3,0,1,8,1
0,1,44,3,8,5,0,1,47,3
1,0,24,3,1,0,0,1,8,1
0,0,39,2,3,3,0,1,6,1
1,1,42,4,1,3,0,1,5,0
0,0,50,2,8,9,0,1,7,0
1,0,134,5,10,33,0,1,14,1
0,1,14,1,1,0,0,1,11,2
1,1,9,1,1,1,0,1,11,1
0,0,13,2,2,2,0,1,8,1
0,1,59,2,5,9,0,1,28,4
0,0,85,2,2,56,0,1,13,1
0,0,71,7,9,11,0,1,66,4
1,0,10,2,0,0,0,1,4,1
1,1,76,12,6,6,0,1,14,0
1,1,42,2,1,0,0,1,39,2
1,0,18,1,3,1,0,1,11,0
0,1,31,3,2,1,0,1,5,0
0,0,9,1,0,1,0,1,4,1
1,0,45,5,4,5,0,1,7,1
0,0,46,6,0,4,0,1,8,1
1,0,71,7,10,0,0,1,74,5
0,0,17,1,5,1,0,1,7,1
0,0,23,1,4,2,0,1,19,0
1,1,40,4,3,1,0,1,16,1
0,0,24,4,0,0,0,1,51,3
0,0,98,6,10,4,0,1,9,0
1,1,15,3,0,0,0,1,11,0
1,1,54,3,12,1,0,1,4,1
0,1,25,2,2,5,0,1,6,0
0,0,17,2,2,2,0,1,13,1
1,1,64,9,2,2,0,1,12,1
1,0,25,4,3,0,0,1,8,1
1,0,22,3,1,0,0,1,7,0
1,0,18,3,3,0,0,1,9,1
0,1,22,3,1,1,0,1,28,2
0,0,13,1,2,0,0,1,7,1
1,1,27,4,2,1,0,1,10,1
0,0,27,3,2,1,0,1,5,0
1,1,56,5,3,4,0,1,6,0
0,1,28,3,0,1,0,1,28,0
1,0,147,1,12,0,0,1,4,0
1,0,17,1,2,3,0,1,4,0
0,1,13,2,0,0,0,1,10,0
1,1,31,2,5,0,0,1,15,1
1,1,105,10,17,15,0,1,13,1
1,0,50,6,1,2,0,1,7,1
1,0,40,5,4,1,0,1,9,1
1,1,22,2,3,1,0,1,8,1
1,0,54,7,2,2,0,1,8,0
0,0,40,1,4,3,0,1,6,1
0,0,14,1,5,0,0,1,14,1
1,0,29,4,0,1,0,1,7,0
1,1,31,1,3,6,0,1,7,1
0,1,36,3,3,6,0,1,67,10
1,0,18,1,2,0,0,1,5,1
0,0,56,1,2,0,0,1,7,0
0,0,35,2,0,4,0,1,8,0
0,1,20,1,2,1,0,1,8,0
1,1,62,7,6,3,0,1,68,0
1,0,41,7,2,1,0,1,3,0
0,1,9,1,3,0,0,1,6,1
0,0,13,1,3,0,0,1,6,1
0,1,21,2,1,0,0,1,66,5
1,1,23,5,0,0,0,1,17,3
0,0,37,5,3,2,0,1,10,1
0,0,19,2,1,2,0,1,5,0
1,0,38,5,2,1,0,1,30,3
0,0,7,1,3,0,0,1,3,0
0,0,15,2,1,1,0,1,4,1
1,1,50,7,2,0,0,1,4,0
0,1,71,7,13,7,0,1,5,0
1,1,63,8,6,4,0,1,6,0
1,1,24,2,1,0,0,1,3,1
0,0,38,1,6,5,0,1,14,1
1,0,29,4,4,0,0,1,3,1
0,1,20,1,1,5,0,1,35,3
1,1,42,4,4,2,0,1,12,1
1,1,74,13,2,10,0,1,9,0
0,0,9,1,1,2,0,1,6,1
1,1,27,3,2,0,0,1,8,1
1,1,22,3,1,0,0,1,12,1
0,1,21,2,1,1,0,1,5,1
0,1,45,4,5,0,0,1,56,0
1,1,12,2,0,0,0,1,13,2
1,0,24,5,0,0,0,1,5,1
0,0,11,1,2,0,0,1,8,0
0,1,48,8,2,6,0,1,12,1
0,0,14,2,1,1,0,1,10,1
1,0,82,8,7,6,0,1,18,1
0,0,69,2,1,15,0,1,16,1
1,0,124,12,13,26,0,1,23,1
0,0,40,6,2,1,0,1,23,1
1,0,39,6,1,3,0,1,13,1
1,0,72,14,6,4,0,1,11,0
0,1,14,2,1,3,0,1,5,1
1,1,9,1,0,0,0,1,8,0
0,1,19,2,1,2,0,1,4,1
1,1,9,1,1,0,0,1,14,0
1,1,51,5,5,4,0,1,34,1
0,1,31,3,5,0,0,1,8,0
0,0,19,1,6,3,0,1,10,1
1,0,22,2,2,0,0,1,21,2
1,0,65,3,8,7,0,1,19,2
0,0,18,2,1,1,0,1,22,1
0,1,135,1,5,0,0,1,8,0
1,1,21,3,3,0,0,1,6,1
1,1,125,11,12,10,0,1,10,1
0,1,29,3,6,4,0,1,9,0
0,0,17,1,2,1,0,1,5,0
1,1,34,6,4,2,0,1,8,1
0,1,81,7,6,4,0,1,10,1
1,0,34,9,0,0,0,1,7,0
0,0,10,1,2,1,0,1,6,0
0,1,38,4,2,3,0,1,13,1
0,0,5,1,2,0,0,1,10,1
0,1,9,1,2,1,0,1,31,1
0,1,23,2,1,1,0,1,11,0
0,1,72,5,10,1,0,1,45,3
0,1,11,1,3,0,0,1,6,1
1,1,35,5,2,4,0,1,7,0
1,0,73,1,7,2,0,1,5,1
0,1,33,2,2,6,0,1,52,1
1,1,33,5,2,1,0,1,21,2
1,1,22,1,6,3,0,1,10,0
1,0,40,5,5,0,0,1,23,1
1,1,13,1,3,2,0,1,11,1
1,1,34,5,5,5,0,1,5,0
0,1,31,4,3,4,0,1,38,3
0,1,37,3,2,4,0,1,8,1
1,1,20,4,1,0,0,1,9,1
0,1,34,1,2,1,0,1,7,0
0,0,19,1,5,1,0,1,15,3
0,0,20,3,0,4,0,1,9,0
0,0,31,4,2,2,0,1,7,1
1,0,20,3,1,0,0,1,21,2
0,1,27,5,2,0,0,1,3,0
0,0,13,1,2,2,0,1,4,1
1,1,16,2,2,4,0,1,24,3
1,1,61,4,8,9,0,1,8,3
0,0,10,1,2,0,0,1,5,0
0,1,10,3,1,0,0,1,11,1
0,1,10,2,1,0,0,1,73,2
1,0,19,3,1,1,0,1,7,1
0,0,54,1,7,0,0,1,11,1
0,0,67,8,1,2,0,1,11,1
0,0,13,1,2,2,0,1,6,1
0,1,64,4,8,1,0,1,74,0
0,1,11,1,3,2,0,1,4,0
1,1,35,2,5,0,0,1,7,1
0,1,22,6,1,0,0,1,7,1
1,1,11,1,3,2,0,1,38,0
0,0,17,2,3,0,0,1,14,1
0,0,59,4,2,3,0,1,19,0
0,0,51,4,6,11,0,1,8,1
0,0,9,1,0,0,0,1,5,1
0,0,16,2,4,0,0,1,20,2
1,0,16,3,1,0,0,1,9,1
1,1,73,8,5,7,0,1,10,1
0,0,14,3,0,0,0,1,8,0
1,0,25,4,1,3,0,1,13,1
1,1,15,3,0,0,0,1,3,0
0,1,55,3,4,4,0,1,10,1
1,0,9,1,1,0,0,1,4,1
0,0,15,2,2,3,0,1,6,1
0,1,52,8,0,25,0,1,9,0
1,1,57,6,5,2,0,1,5,1
1,1,26,4,1,5,0,1,14,1
0,1,11,1,1,1,0,1,7,1
0,1,48,3,7,4,0,1,6,1
0,0,11,1,0,0,0,1,11,1
1,1,15,1,3,0,0,1,13,1
0,0,24,2,1,1,0,1,3,0
1,1,86,5,7,30,0,1,3,0
0,1,18,3,2,0,0,1,58,8
0,0,27,3,4,2,0,1,10,0
1,0,95,1,16,2,0,1,42,2
1,0,69,4,8,5,0,1,16,1
0,1,25,2,1,1,0,1,7,0
0,0,5,2,0,0,0,1,8,0
1,1,63,5,0,5,0,1,9,1
0,1,18,3,1,0,0,1,27,3
0,1,43,4,2,4,0,1,20,1
0,1,20,3,2,1,0,1,13,1
0,1,17,2,4,1,0,1,46,2
0,1,21,4,1,0,0,1,7,1
1,1,33,2,9,2,0,1,21,1
0,0,10,1,0,0,0,1,8,0
0,0,10,1,2,0,0,1,12,3
1,1,10,2,1,0,0,1,22,1
1,0,136,16,11,21,0,1,47,0
0,1,45,5,4,2,0,1,11,0
0,0,25,1,3,0,0,1,6,1
1,1,25,3,5,3,0,1,18,1
0,0,26,2,3,2,0,1,10,1
1,0,81,11,8,13,0,1,8,0
1,0,21,2,2,3,0,1,10,0
1,0,24,3,3,0,0,1,24,1
0,0,42,4,2,2,0,1,6,1
0,1,37,5,3,5,0,1,11,1
1,1,56,6,3,17,0,1,9,1
0,1,113,7,4,46,0,1,7,0
1,1,22,2,2,0,0,1,11,1
0,0,56,4,7,4,0,1,69,4
0,1,28,3,2,0,0,1,4,1
0,0,28,3,4,0,0,1,5,1
0,0,31,6,2,0,0,1,10,1
0,0,14,1,4,0,0,1,11,2
0,0,7,1,0,0,0,1,8,0
1,1,31,3,1,1,0,1,7,1
1,1,13,1,2,0,0,1,20,2
0,0,22,4,1,5,0,1,3,0
1,1,30,3,3,3,0,1,13,0
0,1,31,1,5,0,0,1,12,1
1,1,26,2,8,1,0,1,6,0
1,1,41,6,4,6,0,1,8,1
0,0,59,10,5,1,0,1,61,6
1,0,27,2,1,1,0,1,9,1
1,1,45,5,3,1,0,1,10,1
0,1,17,2,2,0,0,1,65,9
1,0,108,9,11,4,0,1,10,1
1,1,11,1,2,0,0,1,25,1
0,1,46,7,4,4,0,1,17,1
0,0,70,5,3,1,0,1,6,1
1,1,24,2,6,0,0,1,30,2
1,1,28,2,3,3,0,1,8,0
0,0,29,3,3,3,0,1,12,1
0,1,45,2,5,2,0,1,61,0
0,0,84,9,6,8,0,1,24,1
1,0,17,2,1,0,0,1,10,1
1,1,16,4,1,2,0,1,10,1
1,1,44,2,1,4,0,1,11,1
0,1,22,3,4,1,0,1,18,2
0,1,66,10,5,6,0,1,18,1
1,1,31,3,2,7,0,1,3,0
0,1,65,7,6,0,0,1,8,1
1,0,5,1,0,0,0,1,23,2
0,1,26,2,4,1,0,1,9,1
1,1,24,2,4,2,0,1,18,0
1,1,75,9,5,1,0,1,7,0
1,0,31,4,2,2,0,1,10,1
0,1,27,4,1,5,0,1,13,1
0,1,46,8,2,0,0,1,50,2
1,0,109,5,10,1,0,1,4,1
0,0,32,1,2,8,0,1,7,0
0,1,15,1,1,0,0,1,10,1
0,1,35,5,4,1,0,1,7,1
0,0,12,3,0,0,0,1,6,0
1,0,13,1,2,0,0,1,15,1
1,1,53,6,3,3,0,1,7,0
0,1,40,1,9,10,0,1,3,0
0,0,108,9,9,3,0,1,24,2
1,1,20,3,1,0,0,1,24,2
1,0,100,1,11,28,0,1,6,0
1,0,16,1,1,1,0,1,21,1
1,1,27,4,2,1,0,1,13,1
0,0,37,5,4,8,0,1,11,0
1,0,37,3,4,3,0,1,8,1
1,1,22,3,2,1,0,1,27,2
1,1,36,3,4,3,0,1,10,0
1,1,45,5,7,12,0,1,10,0
0,1,32,3,3,1,0,1,22,2
0,0,17,3,1,4,0,1,33,3
0,0,78,7,5,9,0,1,37,2
1,0,20,3,1,0,0,1,5,0
0,0,18,3,0,3,0,1,12,3
0,1,15,2,3,0,0,1,17,0
0,0,16,1,1,0,0,1,5,0
0,0,29,3,2,1,0,1,7,1
1,1,84,1,2,35,0,1,28,2
1,0,104,8,9,21,0,1,12,0
0,1,25,4,1,0,0,1,3,1
1,1,40,6,5,0,0,1,5,0
1,0,82,4,7,19,0,1,10,0
1,0,66,1,14,4,0,1,16,0
0,1,50,2,10,12,0,1,6,0
0,1,15,2,1,1,0,1,5,0
0,1,9,1,3,0,0,1,22,3
1,0,86,6,12,20,0,1,49,0
1,0,71,7,0,6,0,1,11,1
0,0,13,3,0,1,0,1,13,0
1,1,71,8,6,12,0,1,12,1
1,0,13,1,0,3,0,1,12,1
0,1,25,2,2,5,0,1,47,3
0,0,28,4,1,0,0,1,12,1
0,0,10,1,3,0,0,1,4,1
1,0,41,3,4,2,0,1,22,1
0,1,19,3,2,0,0,1,11,0
1,1,46,4,3,1,0,1,11,1
0,0,25,6,2,0,0,1,5,0
0,0,38,3,3,4,0,1,43,3
1,1,36,2,6,0,0,1,9,1
1,1,106,6,25,0,0,1,8,2
0,0,72,7,5,4,0,1,8,1
0,0,51,4,8,4,0,1,5,1
0,0,10,2,1,0,0,1,6,0
1,1,14,2,1,1,0,1,15,0
0,1,13,2,1,0,0,1,9,0
0,0,92,9,6,20,0,1,11,1
1,0,11,1,2,3,0,1,15,2
1,0,55,2,10,2,0,1,13,1
0,0,121,17,3,3,0,1,4,0
1,1,51,4,6,4,0,1,33,2
0,0,13,1,2,1,0,1,8,1
0,0,32,3,5,3,0,1,10,0
1,0,12,1,4,0,0,1,3,0
1,1,19,4,1,0,0,1,14,0
1,0,41,2,5,3,0,1,10,1
0,1,8,1,1,2,0,1,7,0
0,0,17,3,1,0,0,1,8,0
1,1,12,1,0,1,0,1,5,0
1,0,20,1,0,8,0,1,15,1
0,1,15,2,2,0,0,1,13,1
0,0,16,1,5,0,0,1,4,0
1,0,66,4,1,6,0,1,11,1
0,0,35,4,4,0,0,1,22,1
1,0,11,2,1,1,0,1,8,1
0,0,15,1,1,0,0,1,30,3
0,1,22,1,3,2,0,1,7,2
0,0,9,1,2,1,0,1,8,1
0,1,21,4,2,1,0,1,5,0
1,0,35,2,2,1,0,1,13,1
0,0,30,1,4,4,0,1,14,0
0,0,16,2,1,0,0,1,11,0
0,1,20,2,1,3,0,1,46,3
1,0,31,2,6,0,0,1,15,0
1,0,33,2,4,1,0,1,10,0
0,0,12,1,2,1,0,1,11,1
1,1,37,1,4,0,0,1,9,1
0,1,16,1,3,0,0,1,15,1
1,0,32,2,5,1,0,1,3,0
1,1,37,6,4,0,0,1,8,0
0,0,113,7,8,18,0,1,7,0
0,0,49,5,4,5,0,1,12,1
0,0,6,1,0,0,0,1,9,0
0,1,15,2,2,0,0,1,16,1
0,1,26,3,3,2,0,1,8,0
0,1,53,4,3,3,0,1,69,3
0,0,26,1,5,4,0,1,11,1
0,0,23,2,2,0,0,1,7,1
1,1,12,2,1,1,0,1,11,1
1,1,61,11,1,3,0,1,22,1
1,1,25,4,2,4,0,1,9,0
0,1,17,3,1,0,0,1,39,4
1,1,123,11,5,6,0,1,5,1
1,0,128,18,7,5,0,1,28,5
1,1,11,2,1,0,0,1,6,1
1,0,90,3,9,0,0,1,9,1
0,0,16,1,1,0,0,1,8,0
1,1,30,3,4,0,0,1,3,0
1,1,25,1,6,3,0,1,17,2
1,0,10,1,1,0,0,1,16,1
1,1,126,10,9,5,0,1,6,1
0,0,6,1,0,0,0,1,11,2
1,1,10,2,1,0,0,1,19,2
1,1,82,8,7,20,0,1,8,0
0,0,17,3,2,1,0,1,14,0
1,1,95,5,12,0,0,1,12,0
0,1,31,2,4,5,0,1,7,1
1,1,9,1,2,0,0,1,10,1
1,0,14,2,0,2,0,1,19,1
0,0,32,2,9,0,0,1,19,1
0,0,76,1,2,2,0,1,7,0
0,0,86,1,3,0,0,1,63,3
1,1,106,5,10,21,0,1,5,1
0,0,32,2,2,2,0,1,12,1
1,0,38,1,9,7,0,1,10,1
0,1,8,1,0,1,0,1,8,1
0,0,10,1,2,0,0,1,10,1
1,1,18,1,3,2,0,1,23,4
0,1,37,3,11,2,0,1,6,1
0,0,70,2,10,7,0,1,8,1
0,1,10,1,2,2,0,1,5,0
0,0,28,2,4,4,0,1,56,4
1,1,24,2,2,0,0,1,30,3
0,0,54,4,3,7,0,1,15,1
0,1,31,4,2,0,0,1,14,0
1,1,105,8,8,6,0,1,16,0
1,1,13,1,1,1,0,1,9,2
1,0,13,1,1,3,0,1,28,2
1,0,7,1,0,0,0,1,9,1
1,1,60,7,5,2,0,1,15,1
1,0,78,13,2,4,0,1,33,3
1,0,29,4,2,3,0,1,6,1
0,1,26,1,2,10,0,1,8,1
0,0,42,5,3,2,0,1,10,1
0,0,36,4,4,2,0,1,10,1
0,0,19,2,2,1,0,1,5,1
0,0,10,2,0,1,0,1,12,0
1,1,42,7,6,4,0,1,12,0
0,1,11,2,2,0,0,1,9,0
1,0,143,8,6,6,0,1,23,2
1,0,29,4,3,2,0,1,21,3
0,1,11,1,2,0,0,1,21,1
0,1,28,3,4,1,0,1,9,1
1,1,19,2,1,2,0,1,11,0
0,1,20,2,3,1,0,1,7,0
1,0,71,9,4,0,0,1,9,1
0,0,37,2,7,6,0,1,12,1
0,1,13,1,3,1,0,1,2,0
1,0,40,3,6,0,0,1,14,2
0,1,57,3,4,17,0,1,16,1
1,1,12,1,1,0,0,1,4,1
0,1,56,4,4,13,0,1,19,2
0,0,16,1,4,1,0,1,9,1
1,0,66,7,10,2,0,1,16,0
1,0,75,8,4,10,0,1,3,0
0,1,26,2,3,7,0,1,13,1
1,0,80,3,15,5,0,1,11,0
1,0,66,6,8,2,0,1,2,0
1,1,79,7,5,5,0,1,4,1
0,1,10,1,1,0,0,1,5,0
1,1,10,1,1,0,0,1,10,1
1,1,15,1,0,0,0,1,22,0
0,0,53,3,6,8,0,1,8,1
1,0,95,13,5,18,0,1,9,1
0,0,33,4,2,2,0,1,17,1
1,1,22,2,1,2,0,1,45,3
0,0,67,8,4,0,0,1,9,1
0,1,14,2,1,6,0,1,47,5
0,1,52,4,6,2,0,1,9,1
0,1,36,3,8,0,0,1,11,1
0,0,143,7,2,4,0,1,19,1
1,0,35,4,1,0,0,1,12,0
0,1,17,2,1,0,0,1,54,2
0,1,13,1,2,4,0,1,8,1
0,0,26,3,0,2,0,1,7,1
1,1,50,6,4,0,0,1,15,1
0,1,39,8,4,0,0,1,20,0
0,0,12,1,3,3,0,1,13,1
1,1,36,5,1,1,0,1,10,0
0,0,22,2,2,0,0,1,13,1
1,1,45,3,7,1,0,1,74,4
0,1,30,4,4,0,0,1,17,2
0,0,25,2,2,2,0,1,6,0
1,1,19,1,4,1,0,1,5,0
1,0,19,2,2,0,0,1,11,0
1,1,16,1,2,4,0,1,8,1
1,1,34,2,6,1,0,1,7,1
0,0,25,2,1,2,0,1,11,1
0,1,54,4,2,7,0,1,8,0
1,1,28,4,2,2,0,1,4,0
1,0,32,5,1,2,0,1,3,0
0,0,15,1,1,0,0,1,51,6
0,0,34,3,5,3,0,1,5,1
0,1,16,1,6,1,0,1,4,0
0,1,17,1,1,4,0,1,7,0
1,0,37,5,2,1,0,1,12,1
1,0,15,2,2,0,0,1,8,0
0,0,8,1,2,0,0,1,6,1
0,0,16,1,0,0,0,1,9,0
1,0,79,5,5,3,0,1,25,2
1,1,55,5,4,0,0,1,8,1
0,0,32,2,6,9,0,1,5,1
0,0,42,4,4,5,0,1,13,0
1,1,23,2,4,0,0,1,6,0
0,1,85,10,3,3,0,1,7,0
0,0,21,2,3,0,0,1,7,1
0,0,78,8,7,0,0,1,12,1
1,1,11,1,1,0,0,1,14,1
0,1,12,1,5,3,0,1,4,0
1,0,121,11,8,33,0,1,21,1
1,0,167,12,8,13,0,1,10,1
0,0,70,9,6,1,0,1,19,1
1,0,83,10,7,0,0,1,22,1
1,1,40,7,1,5,0,1,6,1
1,1,12,2,3,0,0,1,23,0
0,1,18,3,2,0,0,1,11,0
1,0,40,2,8,0,0,1,5,1
1,1,76,6,7,5,0,1,29,2
1,1,37,5,6,3,0,1,13,0
1,1,43,4,6,0,0,1,11,1
0,1,9,1,1,1,0,1,15,1
1,1,17,2,1,0,0,1,9,1
1,1,52,4,3,8,0,1,9,0
1,0,35,1,3,0,0,1,5,1
1,1,18,3,2,3,0,1,8,0
1,0,81,7,10,8,0,1,4,0
0,0,42,2,8,1,0,1,63,2
1,0,11,1,1,1,0,1,8,1
0,1,61,5,3,4,0,1,20,0
1,1,26,2,2,6,0,1,12,0
1,0,58,6,5,7,0,1,4,1
1,0,27,3,4,2,0,1,61,7
1,1,67,5,5,9,0,1,9,1
1,0,62,10,2,13,0,1,7,1
0,0,14,1,2,2,0,1,5,1
0,1,26,2,4,0,0,1,22,1
1,1,27,1,1,0,0,1,6,0
1,0,9,1,2,0,0,1,10,1
1,1,81,1,6,12,0,1,11,0
0,0,81,5,24,27,0,1,10,1
0,0,20,4,1,0,0,1,8,0
0,0,18,2,1,1,0,1,26,1
0,0,17,3,1,0,0,1,37,2
1,1,88,9,5,0,0,1,23,2
0,0,21,2,3,1,0,1,4,1
0,1,28,1,3,2,0,1,11,0
0,0,26,1,5,7,0,1,3,1
1,1,24,2,3,0,0,1,8,0
1,1,18,2,5,1,0,1,13,1
1,0,10,2,0,0,0,1,15,1
0,1,28,1,0,0,0,1,26,2
1,1,8,1,0,1,0,1,29,2
0,1,23,1,2,5,0,1,11,0
1,1,31,2,4,1,0,1,6,1
1,1,33,4,8,7,0,1,9,0
0,1,30,3,3,3,0,1,36,4
0,0,12,1,1,2,0,1,12,1
1,0,34,3,5,4,0,1,6,0
1,1,18,1,5,0,0,1,9,1
1,0,12,1,3,0,0,1,2,0
1,1,31,3,2,1,0,1,8,1
1,0,27,2,4,0,0,1,25,2
0,0,21,3,1,2,0,1,19,1
1,1,20,5,1,0,0,1,5,1
0,0,30,3,5,1,0,1,12,1
0,1,12,1,1,4,0,1,5,0
0,1,13,2,0,1,0,1,7,1
1,1,16,1,3,1,0,1,36,3
1,0,8,1,2,1,0,1,4,1
1,0,39,4,4,1,0,1,7,0
1,1,109,12,15,18,0,1,4,0
1,1,78,5,6,13,0,1,23,1
1,1,27,4,2,1,0,1,15,1
1,0,25,2,3,6,0,1,20,1
0,1,7,1,0,0,0,1,27,2
0,0,37,4,3,2,0,1,43,4
0,0,16,1,2,5,0,1,13,1
0,0,26,1,2,2,0,1,79,5
0,0,31,2,7,4,0,1,4,1
1,0,83,4,8,21,0,1,7,0
0,0,8,1,0,0,0,1,41,4
0,0,32,2,5,6,0,1,19,0
1,1,35,3,3,6,0,1,8,1
0,0,28,4,2,1,0,1,10,1
1,1,54,8,3,5,0,1,8,0
0,0,70,3,0,8,0,1,7,1
0,0,26,6,0,0,0,1,4,0
0,0,23,3,3,0,0,1,17,2
0,1,16,3,0,1,0,1,5,0
1,1,23,1,5,0,0,1,13,1
0,1,17,2,3,2,0,1,10,0
1,0,20,3,1,1,0,1,6,1
1,0,81,8,8,2,0,1,15,0
0,0,29,3,4,0,0,1,41,6
0,0,18,2,3,0,0,1,10,1
0,0,34,4,4,4,0,1,5,1
0,0,10,1,4,1,0,1,13,1
0,0,37,3,2,0,0,1,12,1
1,0,105,9,11,3,0,1,9,1
1,0,21,4,0,6,0,1,13,1
0,0,36,7,3,0,0,1,24,2
1,1,82,1,8,28,0,1,29,1
1,1,13,1,2,6,0,1,6,1
1,1,72,5,11,4,0,1,6,1
1,1,35,3,5,16,0,1,8,1
1,1,17,3,1,0,0,1,18,1
0,1,35,2,6,4,0,1,18,1
0,1,20,2,2,0,0,1,12,1
0,0,28,4,2,3,0,1,16,1
0,1,23,5,1,1,0,1,8,1
0,1,44,4,6,0,0,1,42,1
1,1,44,3,11,10,0,1,19,1
0,0,88,14,6,2,0,1,31,2
0,0,21,3,1,3,0,1,7,1
0,1,9,1,1,0,0,1,19,2
1,0,71,7,3,1,0,1,44,3
1,0,142,14,7,6,0,1,10,1
0,0,34,3,7,19,0,1,5,1
0,0,64,4,6,10,0,1,5,1
1,1,14,2,1,0,0,1,8,0
0,0,13,1,2,1,0,1,6,0
0,0,63,2,10,3,0,1,9,1
0,0,16,4,0,1,0,1,14,0
1,1,21,3,1,1,0,1,6,0
0,1,6,1,1,0,0,1,6,1
1,1,55,3,6,0,0,1,12,0
0,1,17,2,2,0,0,1,20,2
0,0,26,3,3,1,0,1,78,4
1,0,27,5,2,0,0,1,12,2
0,0,17,1,3,0,0,1,24,2
1,0,36,5,1,13,0,1,12,1
1,0,14,2,2,0,0,1,28,3
0,1,23,3,0,11,0,1,5,1
0,1,36,2,9,11,0,1,9,0
1,1,12,3,0,1,0,1,4,1
0,0,10,1,1,1,0,1,16,1
0,1,21,3,2,5,0,1,44,3
0,0,71,6,10,7,0,1,13,1
0,0,36,3,4,1,0,1,27,2
1,0,36,1,2,0,0,1,24,1
0,1,9,1,2,3,0,1,3,0
0,1,12,1,1,0,0,1,28,2
0,0,47,2,13,0,0,1,13,0
0,1,22,4,1,0,0,1,24,4
0,1,31,4,5,0,0,1,8,1
0,0,57,4,6,6,0,1,7,0
0,0,49,3,2,2,0,1,10,1
0,1,48,5,6,0,0,1,4,0
1,0,62,6,11,10,0,1,3,0
1,1,117,13,5,16,0,1,6,1
1,0,32,4,4,4,0,1,11,0
1,1,161,1,6,10,0,1,7,0
0,1,28,3,6,0,0,1,14,2
1,1,37,1,0,18,0,1,10,1
0,1,12,2,0,1,0,1,34,3
1,1,67,13,3,6,0,1,25,2
1,1,34,3,3,0,0,1,7,1
0,1,35,3,5,3,0,1,24,2
0,0,21,1,2,0,0,1,47,0
0,0,13,2,1,0,0,1,4,1
1,0,37,2,3,0,0,1,7,1
0,1,21,4,3,0,0,1,9,1
1,0,13,2,1,0,0,1,13,1
0,0,13,1,6,8,0,1,9,2
1,1,83,3,4,8,0,1,19,1
1,1,44,5,3,3,0,1,15,0
1,0,79,6,5,5,0,1,9,1
0,1,24,3,2,3,0,1,30,2
0,0,13,2,1,0,0,1,13,1
0,0,38,5,1,4,0,1,11,1
1,0,109,4,9,24,0,1,9,0
1,0,9,2,1,0,0,1,33,2
0,0,63,11,3,5,0,1,27,1
0,0,50,4,3,3,0,1,28,2
0,0,33,2,3,3,0,1,5,0
0,1,19,2,2,0,0,1,22,1
0,0,26,2,0,4,0,1,8,1
0,1,41,1,1,0,0,1,6,0
1,1,48,5,8,4,0,1,6,1
1,1,76,7,0,3,0,1,17,2
0,0,14,1,6,0,0,1,6,0
1,1,31,3,4,2,0,1,6,1
0,0,12,2,2,1,0,1,3,0
1,1,57,4,6,4,0,1,6,0
1,0,65,8,9,5,0,1,3,0
0,0,15,1,5,6,0,1,31,1
1,1,52,4,8,1,0,1,3,0
1,1,63,7,4,7,0,1,13,1
1,1,22,4,0,0,0,1,8,0
1,1,36,6,1,2,0,1,9,1
1,0,53,5,4,1,0,1,9,1
1,0,51,7,0,7,0,1,20,2
0,0,54,7,3,2,0,1,14,1
1,0,24,4,1,2,0,1,26,2
1,1,22,2,3,1,0,1,5,1
0,0,34,4,1,1,0,1,20,3
0,0,36,3,2,2,0,1,9,1
1,1,77,5,8,5,0,1,17,0
0,0,103,8,6,10,0,1,4,0
1,0,8,1,1,0,0,1,6,0
1,0,10,2,0,0,0,1,10,1
0,0,33,1,5,3,0,1,8,1
0,0,87,9,10,1,0,1,28,3
0,1,71,6,8,2,0,1,10,1
0,1,81,7,4,8,0,1,15,1
1,0,35,2,3,8,0,1,3,0
0,0,12,3,0,0,0,1,11,0
0,0,12,1,2,0,0,1,10,1
0,1,10,1,2,3,0,1,4,0
1,1,43,4,7,0,0,1,4,1
0,0,103,13,11,2,0,1,8,1
1,1,12,1,2,2,0,1,17,4
1,0,24,2,3,3,0,1,8,0
0,0,34,2,3,6,0,1,3,0
0,0,32,3,4,9,0,1,16,1
0,0,13,2,0,4,0,1,14,0
1,1,10,1,1,0,0,1,6,0
1,0,21,1,4,1,0,1,10,1
1,0,33,5,3,0,0,1,15,1
0,0,18,2,1,4,0,1,10,1
1,1,97,1,12,1,0,1,7,0
1,0,15,2,3,2,0,1,11,1
0,1,12,3,0,1,0,1,25,1
0,1,126,11,5,6,0,1,11,0
1,1,30,3,6,1,0,1,10,0
1,1,76,4,3,25,0,1,12,1
0,1,11,1,0,2,0,1,10,1
0,0,48,5,2,4,0,1,12,0
0,0,40,6,3,1,0,1,3,1
1,0,21,3,2,2,0,1,7,1
1,0,17,1,7,0,0,1,12,1
0,0,30,2,5,0,0,1,4,0
0,1,72,8,2,6,0,1,6,1
1,1,29,4,2,1,0,1,16,0
0,0,24,1,2,0,0,1,12,1
1,1,9,1,0,0,0,1,23,2
0,0,14,2,1,0,0,1,4,1
1,0,44,6,4,1,0,1,17,1
0,0,10,1,2,0,0,1,6,0
1,1,36,2,3,2,0,1,6,1
0,0,16,2,1,0,0,1,15,1
0,0,17,2,5,1,0,1,11,2
0,1,81,3,9,2,0,1,29,0
0,0,15,3,1,0,0,1,8,1
0,1,74,4,6,21,0,1,7,0
0,0,85,8,6,1,0,1,50,0
0,0,8,1,2,0,0,1,6,0
0,0,41,1,15,0,0,1,6,0
1,0,11,2,0,0,0,1,6,0
1,1,56,7,3,4,0,1,17,1
0,1,10,1,0,0,0,1,39,1
1,1,35,3,2,1,0,1,9,1
1,1,17,2,2,0,0,1,28,2
1,1,96,12,7,15,0,1,47,4
1,1,61,5,6,4,0,1,13,1
1,1,17,1,2,3,0,1,11,1
0,1,10,1,1,0,0,1,13,0
0,1,7,1,2,0,0,1,15,0
1,0,45,2,13,5,0,1,7,1
0,0,45,5,3,3,0,1,8,1
0,0,9,1,1,0,0,1,9,1
0,1,12,1,2,0,0,1,51,4
1,0,108,5,4,6,0,1,17,1
0,0,32,3,3,2,0,1,41,3
1,0,40,4,5,3,0,1,8,1
1,1,74,8,6,0,0,1,34,2
1,1,26,3,2,1,0,1,13,1
0,0,12,3,0,1,0,1,9,0
1,1,32,5,0,3,0,1,8,1
1,1,62,5,9,5,0,1,8,1
0,0,14,4,0,4,0,1,10,1
1,1,71,1,10,0,0,1,23,2
0,0,16,1,1,1,0,1,9,1
0,1,15,1,1,0,0,1,12,1
1,0,45,1,7,0,0,1,34,0
0,1,5,1,0,0,0,1,19,1
0,1,24,3,0,0,0,1,29,3
1,1,28,7,2,3,0,1,17,0
0,0,13,1,2,1,0,1,11,1
0,0,34,5,3,1,0,1,10,1
1,1,5,1,2,0,0,1,7,1
1,0,51,2,8,0,0,1,13,1
0,0,80,3,3,12,0,1,38,1
1,0,20,1,4,0,0,1,14,0
1,0,13,1,3,0,0,1,10,1
0,1,15,2,2,6,0,1,41,2
1,0,64,3,7,9,0,1,63,5
1,1,95,9,13,7,0,1,15,1
1,1,27,2,3,2,0,1,5,0
1,1,18,2,1,3,0,1,9,1
0,0,57,3,7,7,0,1,14,1
0,0,23,3,2,0,0,1,11,2
1,0,38,3,2,7,0,1,12,0
0,0,7,1,0,2,0,1,5,1
0,1,17,1,4,0,0,1,7,1
1,1,47,5,7,1,0,1,8,1
0,1,72,9,9,6,0,1,11,1
0,0,43,4,8,6,0,1,12,1
0,1,26,2,2,2,0,1,14,0
1,1,9,2,0,0,0,1,7,1
0,1,33,4,4,1,0,1,15,0
0,1,22,3,1,3,0,1,20,1
0,0,13,2,0,0,0,1,12,1
1,1,23,2,3,2,0,1,5,1
0,1,77,14,0,15,0,1,8,0
0,1,73,6,7,9,0,1,45,2
0,1,51,4,4,0,0,1,30,2
0,0,30,3,2,6,0,1,9,0
1,1,25,4,1,2,0,1,8,1
1,0,90,8,21,10,0,1,9,0
1,0,30,4,3,0,0,1,9,1
1,1,35,1,6,12,0,1,9,0
0,0,10,1,1,0,0,1,8,1
1,0,35,7,2,1,0,1,8,1
1,1,76,9,4,4,0,1,8,0
0,1,16,1,3,2,0,1,12,1
0,1,9,1,1,3,0,1,5,1
1,1,27,2,1,4,0,1,18,1
0,0,10,1,1,0,0,1,9,1
1,0,63,6,4,4,0,1,9,1
1,1,206,1,6,5,0,1,8,0
1,1,58,4,2,0,0,1,46,0
0,0,29,6,1,0,0,1,4,0
1,1,15,2,1,1,0,1,14,0
1,1,52,6,7,3,0,1,7,0
1,1,49,2,5,1,0,1,19,0
1,0,99,11,3,14,0,1,6,1
0,1,51,1,6,9,0,1,10,1
1,1,15,3,2,4,0,1,5,1
0,1,59,6,5,8,0,1,13,1
0,1,10,1,0,0,0,1,11,1
0,0,35,3,1,12,0,1,10,1
1,0,27,2,5,5,0,1,43,4
1,0,47,5,6,4,0,1,5,1
0,1,21,4,0,0,0,1,37,2
0,1,14,2,3,2,0,1,3,0
0,0,19,2,1,2,0,1,60,3
1,0,83,4,9,7,0,1,10,1
0,1,42,5,2,0,0,1,16,1
0,0,26,3,2,1,0,1,15,1
0,1,31,1,4,6,0,1,15,0
1,1,30,5,1,0,0,1,25,2
0,1,18,1,7,1,0,1,19,2
0,0,61,5,6,1,0,1,9,1
0,0,63,5,7,7,0,1,9,0
1,1,102,5,14,5,0,1,9,1
1,1,22,4,1,0,0,1,22,1
1,1,27,1,1,16,0,1,13,2
1,1,31,5,0,5,0,1,14,0
1,0,19,1,5,4,0,1,9,1
1,1,23,7,0,4,0,1,11,1
1,0,31,4,3,0,0,1,5,0
1,0,10,2,1,0,0,1,8,1
1,0,67,12,2,14,0,1,4,1
0,0,66,6,8,3,0,1,12,1
1,0,76,8,8,5,0,1,28,2
0,1,28,2,4,2,0,1,13,1
1,1,27,1,2,2,0,1,44,4
1,1,110,9,5,5,0,1,10,1
0,0,18,3,1,1,0,1,6,1
1,0,65,3,2,3,0,1,19,4
1,1,12,1,2,0,0,1,10,1
0,0,19,2,1,0,0,1,9,1
1,1,20,2,1,7,0,1,29,3
0,0,38,6,3,8,0,1,11,1
1,1,12,1,2,1,0,1,4,0
0,0,119,12,7,1,0,1,15,1
1,0,16,1,7,0,0,1,9,1
1,0,56,6,6,6,0,1,14,1
1,0,41,4,1,5,0,1,13,2
1,0,77,3,8,24,0,1,8,3
0,0,12,1,6,0,0,1,20,1
0,0,26,3,2,0,0,1,8,1
0,0,7,1,1,0,0,1,23,1
0,1,14,2,0,0,0,1,16,2
1,0,66,7,6,5,0,1,50,5
0,0,24,2,3,2,0,1,9,0
0,0,29,2,6,3,0,1,12,0
0,1,26,2,5,3,0,1,8,1
1,0,7,2,0,0,0,1,4,0
0,1,33,4,4,1,0,1,61,5
1,1,74,4,3,5,0,1,8,1
1,1,129,14,12,11,0,1,15,1
0,0,23,3,3,0,0,1,32,2
1,0,26,5,0,2,0,1,12,0
0,1,18,3,1,0,0,1,15,1
1,1,42,7,5,6,0,1,3,0
1,1,43,3,3,1,0,1,14,1
0,1,20,1,6,2,0,1,10,0
0,0,21,4,1,0,0,1,12,0
1,1,11,1,3,1,0,1,10,1
1,1,20,3,1,3,0,1,11,0
0,0,51,6,5,3,0,1,8,1
0,0,6,1,0,1,0,1,7,1
0,1,6,1,0,1,0,1,6,1
0,1,32,2,9,2,0,1,49,3
0,0,21,1,1,2,0,1,5,0
0,0,34,3,0,11,0,1,8,0
0,0,62,5,5,2,0,1,15,1
1,0,14,2,2,0,0,1,13,1
1,0,137,10,16,3,0,1,14,1
0,1,32,2,3,6,0,1,12,1
0,0,62,6,8,0,0,1,17,0
1,0,77,11,5,10,0,1,20,1
0,0,37,1,0,8,0,1,6,1
0,1,39,4,2,6,0,1,25,2
1,1,11,1,2,0,0,1,8,1
1,1,64,8,5,4,0,1,7,1
0,0,30,2,2,1,0,1,9,0
0,0,24,2,1,3,0,1,35,2
0,1,19,1,3,6,0,1,20,4
0,1,14,2,1,0,0,1,25,1
1,1,30,4,3,0,0,1,11,1
1,0,68,10,8,13,0,1,8,3
1,1,58,3,5,0,0,1,41,2
0,0,56,7,4,3,0,1,12,0
1,0,18,2,2,0,0,1,8,1
0,0,13,3,1,0,0,1,5,0
1,1,28,3,3,1,0,1,37,3
1,1,97,2,2,36,0,1,8,0
1,0,76,8,7,4,0,1,6,0
0,0,25,2,2,6,0,1,10,1
1,0,20,2,1,1,0,1,4,1
1,1,48,4,2,30,0,1,10,1
0,0,84,8,6,13,0,1,23,1
0,0,36,3,3,2,0,1,8,0
0,0,19,1,1,2,0,1,7,0
0,0,29,5,1,1,0,1,7,0
1,1,37,3,5,0,0,1,23,2
1,0,73,8,5,3,0,1,14,1
0,0,41,3,2,0,0,1,6,0
0,1,38,1,2,8,0,1,11,0
1,0,56,4,1,8,0,1,9,2
0,0,16,1,1,3,0,1,34,1
0,0,16,1,5,1,0,1,5,0
0,0,11,2,0,0,0,1,18,1
0,0,58,11,4,3,0,1,6,1
1,0,117,14,8,13,0,1,15,1
0,1,24,1,2,2,0,1,22,0
0,1,36,2,5,3,0,1,35,0
0,1,12,1,2,1,0,1,36,2
1,0,13,1,1,0,0,1,17,1
1,0,131,12,6,6,0,1,5,1
1,1,48,6,6,5,0,1,13,1
1,0,46,2,3,5,0,1,6,0
0,0,16,4,0,1,0,1,10,1
1,0,14,1,3,2,0,1,16,2
1,1,33,3,2,6,0,1,11,0
1,0,51,7,1,6,0,1,9,0
0,1,21,3,1,1,0,1,9,0
1,1,64,4,3,2,0,1,14,1
0,1,20,2,2,3,0,1,21,2
1,1,45,6,2,4,0,1,10,1
0,1,15,4,0,4,0,1,11,1
1,1,43,11,2,0,0,1,13,1
0,0,25,2,1,1,0,1,13,1
0,0,34,5,2,0,0,1,14,2
1,1,14,1,2,0,0,1,5,0
1,1,27,3,8,3,0,1,8,1
0,1,9,1,0,0,0,1,10,1
1,1,11,1,0,1,0,1,12,0
0,0,26,1,2,2,0,1,32,2
1,0,9,1,1,0,0,1,16,1
0,1,9,1,0,0,0,1,21,0
1,0,17,2,3,0,0,1,13,1
0,0,29,3,3,0,0,1,26,2
0,1,21,3,3,3,0,1,4,1
1,0,41,4,4,4,0,1,27,1
0,1,33,2,6,2,0,1,16,3
0,1,18,3,0,0,0,1,13,1
1,1,11,1,1,0,0,1,4,1
1,1,20,4,1,0,0,1,9,1
1,1,7,1,0,0,0,1,13,2
0,0,51,7,7,2,0,1,9,1
0,0,62,4,4,10,0,1,4,0
1,1,49,8,3,2,0,1,23,0
1,0,13,2,1,0,0,1,5,1
0,1,79,2,10,15,0,1,17,1
0,0,89,5,5,10,0,1,12,0
0,0,9,1,1,0,0,1,54,0
0,0,12,1,1,1,0,1,5,1
0,0,51,7,4,0,0,1,24,1
0,0,7,1,1,0,0,1,7,1
0,0,15,2,1,0,0,1,25,0
1,1,10,1,2,3,0,1,30,3
1,1,43,6,6,8,0,1,10,1
0,0,8,1,1,1,0,1,5,1
0,0,37,2,6,5,0,1,5,1
0,0,16,1,4,1,0,1,8,1
1,0,39,4,2,5,0,1,31,2
0,0,26,3,4,2,0,1,6,1
1,1,46,7,4,0,0,1,10,1
0,0,14,2,4,1,0,1,10,1
0,0,41,1,0,2,0,1,4,1
1,0,94,13,10,12,0,1,24,1
0,0,50,1,10,0,0,1,8,1
0,1,8,1,1,1,0,1,6,1
1,0,36,7,3,2,0,1,10,0
0,1,36,5,2,3,0,1,13,1
1,0,72,9,4,0,0,1,28,2
0,0,26,3,2,3,0,1,28,3
1,0,78,10,5,3,0,1,4,0
1,1,68,6,8,3,0,1,18,2
0,0,26,2,2,1,0,1,33,1
1,1,96,12,7,5,0,1,11,0
0,0,95,7,4,7,0,1,22,0
1,0,33,6,1,4,0,1,11,1
0,0,29,5,2,0,0,1,6,1
0,1,98,6,6,1,0,1,11,0
0,1,25,4,0,2,0,1,27,5
0,0,29,3,2,2,0,1,9,0
0,0,9,1,1,0,0,1,9,1
0,0,33,2,3,8,0,1,7,1
0,0,21,4,1,0,0,1,23,2
0,1,10,1,1,0,0,1,11,0
0,1,46,4,0,3,0,1,9,1
0,0,10,1,1,1,0,1,21,1
0,0,72,7,4,2,0,1,1,0
0,1,62,6,8,9,0,1,7,1
0,0,10,2,1,0,0,1,3,0
1,0,44,5,3,0,0,1,24,1
0,0,73,4,6,13,0,1,12,0
0,0,23,2,1,1,0,1,9,1
0,0,31,3,4,3,0,1,8,0
1,0,57,7,10,6,0,1,4,1
0,0,16,1,2,0,0,1,20,1
0,0,14,2,3,1,0,1,13,1
0,0,31,1,5,1,0,1,16,1
0,1,13,1,1,1,0,1,14,1
0,0,68,4,1,1,0,1,9,0
1,0,49,5,5,3,0,1,12,1
0,0,20,2,1,2,0,1,17,1
1,1,87,11,7,6,0,1,28,1
1,1,47,1,7,1,0,1,7,0
0,1,10,1,1,0,0,1,9,0
0,0,29,2,3,2,0,1,5,0
1,0,103,13,4,10,0,1,11,1
0,1,36,3,3,4,0,1,5,1
1,1,18,2,2,0,0,1,9,1
1,0,22,4,1,0,0,1,4,0
0,1,16,3,0,0,0,1,10,0
1,1,34,4,4,0,0,1,11,1
1,1,17,3,0,1,0,1,7,1
1,0,11,2,2,0,0,1,20,2
0,1,10,1,1,0,0,1,5,0
1,1,9,2,0,0,0,1,21,2
0,1,17,1,5,1,0,1,15,1
1,0,20,2,1,1,0,1,14,1
1,1,9,2,0,0,0,1,8,0
0,1,15,1,1,4,0,1,17,1
0,0,9,1,0,0,0,1,4,1
0,0,18,2,2,3,0,1,15,1
0,1,10,1,3,0,0,1,4,1
0,0,10,1,2,1,0,1,50,0
0,1,62,3,2,0,0,1,57,3
1,0,26,1,2,0,0,1,4,0
0,1,25,3,1,3,0,1,48,4
1,0,131,12,7,21,0,1,12,1
0,0,47,5,5,6,0,1,4,1
0,0,11,1,1,0,0,1,8,0
0,0,18,1,2,6,0,1,7,1
0,0,38,4,3,7,0,1,6,0
1,0,41,2,6,0,0,1,9,0
0,1,9,1,3,1,0,1,10,1
0,0,28,4,2,1,0,1,6,1
0,0,40,4,3,0,0,1,12,1
1,0,13,2,2,0,0,1,6,1
1,1,9,1,1,0,0,1,9,1
0,0,64,2,8,0,0,1,14,0
0,0,56,5,6,7,0,1,21,1
1,0,36,5,6,8,0,1,3,0
0,0,12,2,1,0,0,1,5,0
1,0,29,6,3,3,0,1,28,0
1,0,18,1,2,1,0,1,16,0
1,0,39,6,3,0,0,1,4,0
1,0,39,1,9,7,0,1,11,1
1,0,101,2,6,0,0,1,35,1
1,0,22,3,1,0,0,1,23,1
0,0,17,1,6,2,0,1,12,1
1,1,81,12,0,0,0,1,4,0
1,1,93,10,19,0,0,1,68,2
1,1,20,2,1,4,0,1,3,0
0,0,65,3,8,0,0,1,6,0
1,0,43,8,2,8,0,1,7,0
1,1,24,3,1,0,0,1,26,2
1,1,41,1,3,0,0,1,12,1
1,0,37,2,4,6,0,1,5,0
1,0,57,6,5,1,0,1,32,2
1,1,82,4,16,2,0,1,47,3
0,1,8,1,1,1,0,1,8,1
1,0,29,2,1,15,0,1,12,1
0,1,13,1,2,0,0,1,4,0
1,0,38,4,1,4,0,1,11,1
1,1,36,6,0,2,0,1,7,0
0,0,18,2,3,3,0,1,20,1
0,1,13,5,0,2,0,1,8,0
0,0,13,1,0,1,0,1,10,1
1,1,69,8,5,8,0,1,8,1
1,1,57,10,1,12,0,1,9,1
1,1,35,4,3,0,0,1,57,0
0,1,11,1,0,2,0,1,7,1
1,0,266,1,8,5,0,1,7,0
1,0,23,4,1,0,0,1,6,1
1,1,17,2,2,0,0,1,12,1
0,1,93,14,6,3,0,1,23,3
0,0,71,4,13,4,0,1,5,1
0,0,83,1,12,0,0,1,23,0
1,1,28,3,5,1,0,1,7,0
1,0,9,1,2,1,0,1,10,1
1,0,15,1,4,0,0,1,8,1
0,1,12,2,0,2,0,1,5,1
1,0,13,2,3,1,0,1,12,0
0,0,38,7,2,0,0,1,12,2
1,0,15,1,2,2,0,1,7,0
1,1,8,1,0,0,0,1,12,1
1,0,63,5,2,11,0,1,12,0
0,0,16,2,1,0,0,1,6,0
1,0,11,2,1,1,0,1,13,1
1,1,33,1,6,5,0,1,21,2
1,1,37,4,3,0,0,1,20,0
0,0,80,6,9,10,0,1,27,2
1,1,246,1,6,23,0,1,7,0
1,1,34,3,3,5,0,1,5,0
0,1,14,2,1,0,0,1,13,1
1,0,28,5,0,10,0,1,9,1
0,1,27,4,1,0,0,1,12,1
0,0,17,1,2,0,0,1,5,1
1,0,41,4,7,6,0,1,10,0
0,0,11,3,1,0,0,1,9,1
0,0,19,2,2,0,0,1,40,2
0,0,42,5,5,4,0,1,42,5
1,1,15,1,4,3,0,1,12,0
0,0,54,5,3,13,0,1,14,2
1,1,67,7,8,20,0,1,9,0
0,1,35,5,4,0,0,1,10,1
0,0,18,2,2,1,0,1,19,1
0,1,36,3,4,4,0,1,10,1
1,1,53,6,6,13,0,1,6,1
1,1,34,2,4,0,0,1,8,1
1,0,29,5,4,1,0,1,9,1
0,0,19,1,2,0,0,1,37,2
0,1,41,6,4,1,0,1,10,1
0,0,44,5,6,0,0,1,14,1
1,0,9,1,0,2,0,1,11,1
0,1,52,5,6,1,0,1,11,2
0,1,13,2,1,0,0,1,3,0
0,0,16,3,1,0,0,1,9,0
0,0,39,4,4,0,0,1,25,1
1,1,80,2,7,4,0,1,31,0
0,1,15,1,6,0,0,1,12,0
0,1,45,4,13,2,0,1,20,1
1,0,10,1,2,3,0,1,8,1
0,0,101,14,5,11,0,1,8,1
0,1,22,3,3,0,0,1,10,0
1,1,60,5,5,1,0,1,6,0
0,1,14,1,1,1,0,1,8,0
0,0,13,1,3,0,0,1,10,1
1,0,23,2,1,1,0,1,29,2
0,0,46,4,3,0,0,1,8,0
0,0,27,4,3,3,0,1,31,2
0,0,7,1,1,0,0,1,13,1
1,0,157,13,14,18,0,1,16,1
0,0,32,4,5,0,0,1,5,1
0,0,18,2,4,4,0,1,7,1
0,0,3,1,0,0,0,1,9,1
1,1,89,6,10,5,0,1,4,0
1,1,30,3,3,2,0,1,17,1
0,0,30,4,1,0,0,1,8,1
1,1,71,1,3,0,0,1,28,2
1,1,75,7,10,15,0,1,8,0
1,1,55,6,8,0,0,1,28,0
1,0,23,1,4,1,0,1,10,1
1,0,20,3,1,0,0,1,12,1
0,0,23,3,2,3,0,1,7,0
1,1,79,5,4,1,0,1,19,1
0,0,79,5,9,13,0,1,8,1
1,0,16,3,0,0,0,1,8,1
1,1,36,3,4,6,0,1,12,0
0,0,18,2,2,3,0,1,4,0
1,0,103,3,17,1,0,1,12,1
0,1,45,5,2,5,0,1,23,1
0,0,43,3,4,1,0,1,16,2
1,1,50,6,1,1,0,1,39,5
1,0,115,14,7,5,0,1,11,1
0,1,28,2,2,8,0,1,4,0
0,0,55,7,6,9,0,1,22,2
1,1,19,2,1,0,0,1,36,8
0,1,85,5,16,7,0,1,17,1
0,1,33,3,5,2,0,1,9,1
0,0,8,1,0,0,0,1,9,2
1,0,69,4,6,14,0,1,7,1
0,1,12,3,1,0,0,1,13,0
1,0,55,5,7,0,0,1,11,1
0,0,12,2,1,0,0,1,21,1
0,0,44,3,5,1,0,1,25,1
1,0,70,5,4,5,0,1,22,2
0,0,136,13,9,14,0,1,32,1
1,1,45,2,6,10,0,1,9,1
0,1,30,3,2,1,0,1,10,1
0,0,64,9,4,0,0,1,19,0
0,0,18,4,0,0,0,1,8,1
0,0,19,1,2,5,0,1,8,1
1,0,7,1,0,0,0,1,14,0
0,1,27,1,0,0,0,1,13,1
0,0,13,1,2,0,0,1,10,2
0,0,8,2,1,0,0,1,18,2
0,0,45,3,6,0,0,1,31,2
1,0,23,2,1,1,0,1,4,1
0,1,9,1,0,0,0,1,7,0
1,0,74,2,12,2,0,1,7,1
0,1,16,1,1,1,0,1,7,1
0,0,32,1,6,2,0,1,8,1
1,1,77,5,6,11,0,1,7,0
1,1,9,1,1,0,0,1,47,0
1,1,33,3,7,4,0,1,4,0
0,0,25,4,3,2,0,1,8,1
1,1,31,4,1,1,0,1,34,2
0,1,8,1,0,0,0,1,7,1
0,1,12,1,0,0,0,1,14,1
0,1,13,2,1,0,0,1,3,0
0,1,23,3,0,7,0,1,9,1
1,0,37,5,3,0,0,1,21,1
1,1,15,2,2,0,0,1,11,1
0,0,24,2,3,1,0,1,13,1
0,1,14,2,1,3,0,1,23,1
0,1,12,2,0,0,0,1,18,0
0,1,13,3,0,0,0,1,32,0
0,1,6,1,0,0,0,1,13,1
1,1,9,1,0,0,0,1,8,0
0,0,60,3,5,14,0,1,7,1
1,0,36,3,2,10,0,1,9,1
1,1,57,2,10,0,0,1,11,0
0,0,19,2,1,0,0,1,7,1
0,0,13,2,2,1,0,1,9,0
1,0,20,3,3,0,0,1,10,1
1,1,68,10,7,0,0,1,6,1
0,0,11,1,0,0,0,1,8,1
1,0,121,9,10,9,0,1,11,0
1,0,42,1,9,13,0,1,5,1
1,1,31,2,3,0,0,1,9,0
0,0,50,7,7,2,0,1,4,1
0,0,26,1,2,0,0,1,10,1
1,1,19,1,3,3,0,1,15,1
0,1,13,1,4,2,0,1,7,1
0,0,41,1,7,4,0,1,12,1
0,0,9,2,0,0,0,1,32,3
1,1,47,4,4,5,0,1,7,0
0,0,12,1,3,0,0,1,10,1
1,0,44,2,5,5,0,1,24,3
0,0,34,4,6,5,0,1,7,1
0,0,16,1,2,2,0,1,14,0
1,1,24,3,3,1,0,1,6,0
1,0,20,3,2,0,0,1,17,0
0,1,20,2,2,0,0,1,21,3
0,0,6,1,0,0,0,1,4,1
1,1,97,5,11,11,0,1,19,1
0,0,39,2,2,12,0,1,3,0
1,0,20,3,0,1,0,1,4,0
1,1,24,4,4,1,0,1,6,1
1,0,68,8,7,4,0,1,11,1
0,1,11,2,0,0,0,1,13,2
0,1,30,3,2,1,0,1,42,2
0,1,33,3,1,4,0,1,5,0
1,1,21,1,6,0,0,1,3,0
0,1,40,4,4,2,0,1,30,3
1,0,14,2,0,0,0,1,7,1
0,1,12,2,1,2,0,1,15,1
1,0,30,4,2,4,0,1,9,1
1,1,56,5,5,9,0,1,8,1
0,1,13,2,0,0,0,1,12,1
0,1,11,2,1,2,0,1,7,2
0,0,11,2,0,0,0,1,6,0
1,1,16,2,0,1,0,1,10,1
1,1,8,1,1,0,0,1,8,1
0,1,25,3,4,1,0,1,30,0
1,1,42,5,5,4,0,1,4,1
0,0,14,2,1,0,0,1,23,2
1,1,18,3,2,1,0,1,5,1
0,1,52,4,9,8,0,1,7,1
1,1,26,5,1,2,0,1,16,2
1,1,30,3,1,5,0,1,7,0
0,1,11,1,1,2,0,1,14,1
1,0,6,1,1,0,0,1,6,1
0,0,18,2,1,11,0,1,5,1
0,0,35,4,4,1,0,1,13,1
1,1,18,3,1,0,0,1,19,1
0,0,43,3,5,8,0,1,23,2
0,0,8,1,0,0,0,1,11,0
0,1,17,3,0,0,0,1,10,1
0,1,19,2,1,1,0,1,15,1
0,0,44,4,0,3,0,1,8,1
1,1,113,13,7,15,0,1,2,0
0,1,28,1,0,1,0,1,8,0
1,1,22,3,1,0,0,1,3,0
0,0,8,1,1,0,0,1,11,1
1,0,16,2,2,0,0,1,18,1
0,1,12,2,1,2,0,1,12,0
1,1,69,4,12,0,0,1,9,1
1,1,54,3,4,4,0,1,5,0
0,1,26,1,3,1,0,1,3,1
1,0,118,11,11,10,0,1,8,0
0,1,16,1,1,4,0,1,7,0
0,1,82,3,12,2,0,1,64,4
1,1,17,1,7,0,0,1,6,1
1,0,75,7,12,9,0,1,9,1
0,0,11,1,1,1,0,1,3,0
1,0,24,2,8,6,0,1,25,2
1,1,27,1,0,3,0,1,7,1
1,0,141,20,11,1,0,1,12,0
0,0,72,3,8,19,0,1,7,1
0,0,71,18,3,0,0,1,16,0
0,0,68,8,6,19,0,1,20,1
0,0,17,2,3,4,0,1,5,0
1,1,39,4,3,1,0,1,44,3
1,1,18,1,2,3,0,1,35,2
0,1,15,2,1,1,0,1,27,1
0,0,54,4,11,2,0,1,9,1
1,0,40,4,7,4,0,1,10,1
0,1,20,3,2,0,0,1,6,0
1,0,41,3,4,4,0,1,6,1
0,1,21,1,2,4,0,1,7,1
1,1,35,2,1,2,0,1,10,0
1,1,15,2,1,2,0,1,46,3
0,1,12,1,0,2,0,1,6,1
1,0,33,7,2,0,0,1,10,0
0,0,31,4,4,0,0,1,5,0
0,0,68,12,3,3,0,1,4,1
0,0,18,3,0,0,0,1,15,2
1,1,16,1,3,0,0,1,27,3
1,1,75,7,8,5,0,1,7,1
0,0,9,1,2,2,0,1,4,0
1,1,10,1,1,0,0,1,8,1
0,1,11,2,1,0,0,1,9,1
0,0,36,4,4,0,0,1,16,1
0,1,9,1,1,0,0,1,13,0
1,1,53,5,2,3,0,1,5,1
1,1,92,11,10,6,0,1,36,0
1,0,92,7,7,2,0,1,10,1
1,0,110,7,9,4,0,1,15,1
0,1,14,2,4,0,0,1,14,1
1,1,102,15,12,4,0,1,77,3
1,0,45,3,7,15,0,1,5,0
1,0,39,4,2,1,0,1,5,1
1,0,28,1,0,0,0,1,37,2
0,1,10,1,1,0,0,1,14,2
0,1,23,3,1,1,0,1,10,1
1,1,33,3,1,2,0,1,13,0
1,1,10,1,1,0,0,1,12,3
1,0,12,1,2,1,0,1,8,1
1,0,11,1,1,0,0,1,6,0
1,0,13,1,2,0,0,1,10,1
1,1,47,3,6,0,0,1,23,1
0,0,44,5,1,4,0,1,13,1
1,1,74,6,8,5,0,1,9,1
1,1,14,2,2,1,0,1,12,1
1,0,8,1,1,0,0,1,9,1
0,0,36,5,2,5,0,1,7,1
1,0,90,7,10,10,0,1,7,1
1,1,9,1,0,0,0,1,8,0
0,0,17,1,4,0,0,1,35,3
1,0,79,11,3,4,0,1,8,1
0,0,36,3,5,3,0,1,11,0
1,0,16,3,1,0,0,1,6,1
1,0,21,3,2,0,0,1,16,1
0,0,14,2,1,1,0,1,20,1
0,1,13,3,0,0,0,1,38,2
0,0,14,2,1,0,0,1,9,0
0,1,70,7,3,0,0,1,35,3
0,0,71,3,8,4,0,1,7,1
1,1,26,3,2,1,0,1,9,1
0,0,23,3,3,1,0,1,25,1
0,0,95,6,9,0,0,1,7,1
1,0,30,2,2,0,0,1,19,2
0,1,40,5,1,5,0,1,18,3
1,0,140,8,19,9,0,1,16,0
0,1,13,2,1,1,0,1,32,0
1,1,32,5,2,6,0,1,3,0
1,1,64,5,11,2,0,1,7,1
0,0,30,4,3,6,0,1,5,1
0,0,28,1,7,1,0,1,5,1
0,1,11,1,1,1,0,1,3,1
0,1,30,1,3,0,0,1,7,1
0,1,52,3,7,1,0,1,10,1
1,1,81,12,4,6,0,1,46,2
0,1,30,3,7,4,0,1,11,1
1,1,28,3,2,4,0,1,13,1
0,1,20,2,2,0,0,1,11,1
0,0,26,5,2,0,0,1,6,0
0,1,6,1,0,0,0,1,13,1
1,1,73,2,6,22,0,1,8,1
1,1,81,8,8,1,0,1,26,3
0,0,24,1,2,1,0,1,6,0
0,0,14,3,0,0,0,1,14,1
1,0,36,5,2,0,0,1,14,1
1,0,10,2,0,0,0,1,8,1
1,0,47,8,2,2,0,1,18,1
0,1,18,2,1,0,0,1,11,0
0,1,13,1,2,4,0,1,12,0
1,0,24,2,1,2,0,1,26,3
1,0,32,6,3,0,0,1,69,5
1,1,29,3,4,4,0,1,12,1
0,0,20,2,2,3,0,1,7,1
0,0,25,1,6,5,0,1,18,1
0,0,74,6,5,4,0,1,6,1
0,1,10,2,0,4,0,1,4,0
0,0,136,15,9,8,0,1,48,3
0,1,28,3,2,0,0,1,10,1
0,1,35,1,8,0,0,1,3,0
1,0,60,10,2,1,0,1,14,1
0,1,23,2,3,1,0,1,14,1
1,0,11,1,2,0,0,1,11,0
1,1,52,2,13,8,0,1,4,1
0,0,52,4,3,10,0,1,6,0
1,0,19,2,3,0,0,1,5,1
0,0,93,8,7,3,0,1,8,1
1,1,21,1,5,2,0,1,6,1
1,0,68,3,5,7,0,1,38,3
1,1,15,3,1,1,0,1,7,1
1,1,78,10,1,5,0,1,23,0
1,0,10,1,2,1,0,1,10,1
1,0,25,2,2,3,0,1,7,0
0,0,30,5,2,1,0,1,10,1
0,0,19,1,2,4,0,1,7,1
0,0,32,2,7,0,0,1,10,0
0,0,7,1,1,0,0,1,13,1
0,1,25,4,2,0,0,1,13,1
1,1,28,3,2,1,0,1,14,0
1,0,73,9,6,5,0,1,8,1
0,1,18,4,1,0,0,1,24,1
0,1,19,2,2,3,0,1,3,0
1,0,28,3,4,0,0,1,19,1
0,0,10,1,1,0,0,1,8,1
1,1,38,3,5,3,0,1,8,1
0,1,27,1,0,1,0,1,2,0
0,1,12,2,0,0,0,1,17,1
0,1,18,2,2,0,0,1,13,1
1,1,34,2,3,7,0,1,6,1
0,1,23,3,2,0,0,1,22,1
1,0,23,1,3,0,0,1,8,0
0,0,43,3,4,0,0,1,13,0
1,1,20,2,4,0,0,1,8,0
0,1,13,2,0,0,0,1,30,2
0,1,15,1,5,0,0,1,3,0
0,0,44,4,4,5,0,1,18,1
0,0,16,2,4,0,0,1,9,1
0,1,26,1,5,0,0,1,9,0
0,1,9,1,1,0,0,1,9,1
0,0,35,3,4,1,0,1,20,2
0,1,41,3,6,6,0,1,1,0
0,0,16,2,2,0,0,1,7,1
1,1,18,1,1,0,0,1,11,1
0,1,17,1,3,1,0,1,2,0
0,1,5,1,2,0,0,1,8,1
0,1,9,2,0,0,0,1,11,1
0,0,16,2,2,0,0,1,42,2
1,1,154,10,5,9,0,1,16,1
1,0,28,3,3,1,0,1,36,2
0,1,45,4,5,1,0,1,11,1
1,0,37,6,2,3,0,1,19,2
0,1,20,2,2,0,0,1,24,1
0,1,21,2,1,2,0,1,17,1
0,0,11,1,1,1,0,1,18,2
0,1,22,3,2,0,0,1,24,2
0,0,36,3,3,1,0,1,14,1
0,0,16,2,1,1,0,1,7,0
1,1,69,7,3,10,0,1,4,1
1,0,32,3,3,5,0,1,12,1
0,0,21,3,2,3,0,1,7,1
1,0,76,11,6,0,0,1,9,1
1,1,14,1,3,0,0,1,16,1
0,1,96,6,19,25,0,1,4,1
1,1,42,5,5,6,0,1,8,1
0,0,32,4,2,0,0,1,42,0
0,1,87,3,10,11,0,1,8,1
1,0,66,5,10,5,0,1,17,2
0,0,9,1,1,0,0,1,7,1
0,1,9,1,1,0,0,1,5,0
0,1,42,3,5,4,0,1,8,1
1,1,8,1,0,0,0,1,10,1
0,0,72,2,3,12,0,1,6,0
1,1,28,1,4,0,0,1,22,0
0,0,65,6,4,9,0,1,22,1
1,1,20,3,1,0,0,1,10,1
1,1,8,1,0,0,0,1,5,1
1,1,11,2,1,0,0,1,11,1
0,1,7,1,0,0,0,1,3,0
0,1,25,3,2,3,0,1,8,0
0,0,29,4,1,2,0,1,44,3
1,1,50,5,0,2,0,1,12,0
0,0,10,1,0,1,0,1,16,0
0,0,18,2,1,2,0,1,11,1
0,1,11,1,3,0,0,1,7,0
0,1,18,3,1,0,0,1,10,1
0,1,34,2,5,2,0,1,12,1
0,0,17,3,1,0,0,1,14,1
0,0,28,3,2,5,0,1,15,1
1,1,35,5,3,1,0,1,46,5
0,0,27,1,1,0,0,1,23,0
0,0,19,1,7,0,0,1,16,1
1,1,52,6,4,1,0,1,19,1
0,0,57,6,11,6,0,1,9,1
1,0,117,7,13,16,0,1,4,1
0,0,15,1,4,1,0,1,10,1
0,1,18,3,3,0,0,1,7,1
0,1,115,4,11,10,0,1,38,4
1,1,47,4,16,0,0,1,42,1
0,0,17,1,4,1,0,1,16,1
0,1,18,4,0,1,0,1,19,1
0,1,13,3,0,0,0,1,14,2
0,1,17,2,1,1,0,1,17,1
0,0,85,6,7,4,0,1,18,2
0,1,50,4,4,3,0,1,13,1
1,0,5,1,0,0,0,1,8,1
1,1,23,1,1,4,0,1,15,1
0,0,18,3,1,0,0,1,12,3
1,0,48,2,4,0,0,1,19,0
0,1,9,1,1,1,0,1,9,1
0,0,11,2,1,1,0,1,14,0
0,0,14,3,0,0,0,1,66,4
1,0,117,7,9,11,0,1,7,1
0,0,114,8,16,11,0,1,9,2
1,1,12,1,2,0,0,1,13,1
1,1,19,2,2,0,0,1,11,1
0,0,78,16,3,0,0,1,55,2
0,0,9,1,1,0,0,1,12,4
0,0,10,1,1,1,0,1,52,3
0,1,44,6,3,2,0,1,6,0
1,1,30,2,2,1,0,1,14,1
1,1,31,3,2,1,0,1,5,0
0,0,27,1,2,0,0,1,9,1
1,0,40,8,2,10,0,1,4,1
0,0,8,3,0,1,0,1,8,1
1,1,23,2,2,0,0,1,18,2
1,1,29,2,1,11,0,1,4,0
0,1,78,5,14,5,0,1,6,1
1,0,54,5,2,2,0,1,5,1
0,0,25,3,3,7,0,1,5,1
0,1,9,2,0,1,0,1,4,0
1,1,45,4,5,4,0,1,5,1
0,1,23,2,4,0,0,1,4,1
0,0,56,5,6,1,0,1,6,0
0,0,32,4,4,3,0,1,10,0
0,0,21,2,1,2,0,1,2,0
1,0,24,3,1,1,0,1,12,0
0,1,91,5,5,9,0,1,7,1
0,0,13,1,2,2,0,1,51,2
0,1,36,1,4,0,0,1,11,1
1,0,19,3,0,1,0,1,7,1
1,0,10,1,1,0,0,1,4,1
1,1,16,1,3,3,0,1,6,1
0,0,18,2,1,0,0,1,10,1
0,1,16,2,1,6,0,1,19,1
0,1,70,7,3,13,0,1,14,0
0,1,6,1,1,1,0,1,12,1
0,1,19,2,3,1,0,1,9,1
1,0,23,2,4,1,0,1,8,1
0,0,6,1,1,0,0,1,8,0
0,1,76,8,7,0,0,1,10,1
1,0,24,4,2,2,0,1,4,1
1,0,101,5,17,11,0,1,16,1
1,0,14,1,0,0,0,1,11,1
1,1,58,4,7,4,0,1,6,1
1,1,19,1,2,4,0,1,9,1
1,1,24,3,3,2,0,1,13,0
0,0,28,8,0,0,0,1,9,1
0,1,19,5,0,2,0,1,13,1
1,0,101,10,8,11,0,1,8,1
0,0,71,7,7,3,0,1,6,0
1,1,11,2,1,1,0,1,5,1
1,1,30,2,6,6,0,1,8,1
1,1,42,4,2,2,0,1,6,1
0,0,49,5,2,2,0,1,16,2
0,0,17,2,2,0,0,1,5,1
0,0,27,3,1,4,0,1,11,1
1,0,15,2,1,1,0,1,32,1
0,0,175,15,9,4,0,1,23,1
1,0,10,2,1,0,0,1,10,0
0,0,33,1,10,6,0,1,10,0
0,1,15,1,5,2,0,1,9,1
0,0,24,3,2,1,0,1,7,1
1,0,48,5,5,3,0,1,9,1
1,1,75,8,8,4,0,1,79,7
0,1,32,2,4,3,0,1,12,2
0,1,38,1,10,5,0,1,13,1
1,0,72,2,1,26,0,1,4,1
0,1,52,3,7,0,0,1,29,3
1,1,36,5,1,3,0,1,40,2
1,1,18,2,2,1,0,1,13,2
0,0,30,1,4,3,0,1,9,1
0,1,37,5,1,5,0,1,40,2
0,1,19,2,2,1,0,1,15,1
0,1,24,5,3,3,0,1,10,1
1,0,16,1,4,1,0,1,9,1
0,1,75,5,8,5,0,1,10,1
0,0,17,2,1,2,0,1,9,1
1,0,34,2,6,0,0,1,6,0
0,0,40,4,5,0,0,1,76,4
0,1,25,2,3,2,0,1,8,1
1,1,49,5,6,2,0,1,22,1
0,0,14,3,1,0,0,1,12,1
0,0,25,2,3,7,0,1,5,0
1,1,46,2,5,3,0,1,7,1
1,1,17,3,1,0,0,1,9,1
1,1,32,5,1,1,0,1,8,0
1,1,24,2,1,0,0,1,9,1
0,1,21,2,2,1,0,1,14,0
0,1,65,5,5,2,0,1,53,1
1,0,62,3,3,18,0,1,7,0
0,0,26,5,4,1,0,1,23,0
1,1,48,7,4,3,0,1,4,1
1,1,21,3,1,0,0,1,16,0
1,1,15,1,8,3,0,1,73,7
0,0,44,2,5,2,0,1,17,1
0,1,83,5,10,2,0,1,7,1
0,0,23,4,0,0,0,1,13,0
1,1,17,3,2,1,0,1,3,1
1,1,76,7,8,1,0,1,24,0
0,0,17,2,2,2,0,1,6,0
0,1,11,2,2,0,0,1,25,2
1,0,67,10,4,14,0,1,28,0
1,1,151,4,16,0,0,1,14,1
0,1,51,4,4,4,0,1,32,1
1,0,57,7,7,0,0,1,13,1
0,0,9,1,1,0,0,1,7,1
1,0,22,4,1,2,0,1,8,1
1,1,38,3,2,3,0,1,9,1
0,0,27,3,4,3,0,1,32,5
0,1,14,2,0,1,0,1,11,0
1,0,19,1,0,7,0,1,5,0
1,1,36,3,0,6,0,1,20,0
1,1,32,3,3,4,0,1,38,4
0,1,14,2,3,2,0,1,13,0
0,1,29,5,3,8,0,1,24,0
0,0,26,8,1,0,0,1,3,0
0,1,9,2,0,0,0,1,8,0
0,0,32,4,3,1,0,1,6,1
0,1,20,1,5,4,0,1,3,0
1,0,25,4,0,3,0,1,3,0
1,1,62,5,5,14,0,1,12,1
1,0,102,15,7,3,0,1,16,2
0,0,24,1,4,1,0,1,5,0
0,1,13,1,2,1,0,1,10,1
1,1,13,1,3,4,0,1,22,2
1,0,53,4,14,5,0,1,32,0
0,0,10,1,1,3,0,1,10,1
1,1,19,2,1,1,0,1,20,1
1,1,64,5,5,6,0,1,10,1
1,0,89,8,6,1,0,1,14,1
1,1,27,2,3,2,0,1,9,1
0,1,52,4,9,0,0,1,10,1
0,1,35,4,2,2,0,1,17,1
0,0,88,11,6,0,0,1,10,1
1,0,13,2,2,1,0,1,4,0
1,1,22,1,3,6,0,1,7,0
0,1,8,1,1,1,0,1,5,0
1,0,86,9,8,17,0,1,12,4
0,0,13,2,3,3,0,1,14,1
1,0,28,4,3,0,0,1,5,0
0,0,30,2,1,1,0,1,9,2
0,1,49,5,6,2,0,1,8,1
0,1,56,2,8,1,0,1,11,1
0,0,81,8,6,3,0,1,57,4
1,1,7,1,1,0,0,1,7,1
0,0,49,6,4,3,0,1,15,1
1,1,54,5,3,2,0,1,27,2
1,1,27,6,1,3,0,1,20,1
0,0,8,1,0,4,0,1,5,1
1,1,24,2,1,1,0,1,11,2
0,0,76,7,17,3,0,1,3,0
1,1,28,4,3,0,0,1,6,0
0,0,19,1,4,1,0,1,9,0
1,1,21,2,6,3,0,1,35,3
1,0,69,7,11,7,0,1,23,2
0,1,32,3,3,1,0,1,12,1
0,1,33,2,0,3,0,1,53,4
0,1,36,2,1,4,0,1,9,2
0,0,13,2,1,2,0,1,13,1
0,0,12,2,1,0,0,1,11,0
0,0,43,6,1,10,0,1,10,1
0,0,14,2,2,0,0,1,12,1
0,1,18,1,1,1,0,1,13,2
0,0,112,4,11,1,0,1,11,1
1,1,11,2,1,1,0,1,27,5
0,0,16,1,3,1,0,1,7,0
1,0,67,8,5,0,0,1,8,1
1,1,12,2,0,0,0,1,5,1
1,1,29,5,2,3,0,1,11,1
0,0,22,3,1,1,0,1,8,0
0,0,31,3,5,9,0,1,7,0
1,1,11,2,0,0,0,1,16,2
1,0,30,3,5,0,0,1,10,0
0,1,12,2,1,1,0,1,8,1
1,0,48,1,15,4,0,1,9,0
0,1,67,8,7,9,0,1,16,1
0,0,63,7,2,3,0,1,22,3
0,0,21,1,1,0,0,1,25,2
1,0,32,1,6,5,0,1,11,1
0,0,12,2,0,0,0,1,9,1
0,1,33,3,5,5,0,1,7,1
1,1,21,2,2,5,0,1,11,0
1,0,142,14,5,5,0,1,14,1
0,1,50,5,5,4,0,1,69,8
0,0,34,5,4,0,0,1,28,0
1,1,8,1,1,0,0,1,10,1
1,0,17,1,4,0,0,1,11,1
1,1,71,5,11,5,0,1,19,1
0,0,23,1,3,4,0,1,9,1
1,1,83,4,16,9,0,1,14,1
0,1,97,9,12,20,0,1,3,0
1,0,20,3,2,2,0,1,3,0
0,0,37,6,2,4,0,1,5,0
0,1,22,2,1,4,0,1,12,0
0,1,79,1,2,4,0,1,8,0
0,0,32,1,4,3,0,1,63,1
1,0,15,1,0,0,0,1,4,1
1,0,62,10,3,0,0,1,8,0
1,0,88,7,10,4,0,1,11,1
1,0,82,10,3,10,0,1,53,4
0,1,33,2,3,5,0,1,10,1
1,0,112,10,7,30,0,1,20,1
1,1,14,2,1,0,0,1,27,1
1,0,61,6,2,11,0,1,14,0
1,1,49,3,8,5,0,1,10,1
0,0,67,6,6,3,0,1,12,1
0,0,63,6,6,4,0,1,9,1
1,1,53,2,17,1,0,1,5,1
0,0,37,3,10,1,0,1,26,2
1,1,42,3,1,3,0,1,16,2
0,0,29,5,2,0,0,1,12,1
1,1,14,2,2,0,0,1,10,1
1,1,41,3,5,2,0,1,9,0
1,1,61,7,7,0,0,1,17,1
1,1,30,2,6,0,0,1,15,1
1,0,75,13,1,12,0,1,7,0
1,1,59,6,3,14,0,1,8,0
0,1,64,6,8,0,0,1,37,2
1,1,13,1,1,0,0,1,12,4
0,0,38,5,3,0,0,1,11,1
1,0,58,4,3,0,0,1,5,1
0,1,7,1,1,1,0,1,32,3
1,1,57,3,6,4,0,1,4,1
1,0,68,11,3,5,0,1,8,0
0,1,26,2,5,3,0,1,4,0
1,0,214,24,7,24,0,1,27,2
0,0,10,1,1,0,0,1,28,2
1,0,18,1,2,2,0,1,21,2
0,0,12,1,2,0,0,1,10,1
1,0,19,2,1,1,0,1,11,1
0,0,24,2,1,2,0,1,52,4
0,0,17,2,2,0,0,1,9,1
0,0,9,1,3,0,0,1,21,0
0,1,29,2,4,0,0,1,36,1
1,1,44,6,8,0,0,1,11,0
0,0,11,1,1,0,0,1,4,0
1,1,8,1,0,0,0,1,15,1
1,1,34,3,3,5,0,1,4,0
1,1,67,3,10,0,0,1,13,1
0,0,22,3,4,1,0,1,28,2
0,1,17,2,1,3,0,1,17,1
1,1,12,2,1,3,0,1,13,1
0,1,23,4,1,3,0,1,5,0
1,1,61,8,3,4,0,1,7,1
1,1,33,3,0,1,0,1,22,1
0,0,13,2,0,1,0,1,18,2
0,0,13,1,5,0,0,1,9,1
1,1,12,2,2,0,0,1,5,0
0,0,21,4,0,1,0,1,8,1
1,1,181,19,2,24,0,1,7,1
0,0,32,1,1,0,0,1,9,1
1,1,69,3,6,21,0,1,14,1
1,1,10,2,1,0,0,1,9,0
0,1,25,2,5,0,0,1,7,1
1,0,17,2,2,0,0,1,7,1
1,1,42,4,4,4,0,1,7,1
0,0,70,8,5,1,0,1,26,0
1,0,8,1,0,1,0,1,5,0
0,0,25,2,4,0,0,1,51,2
0,1,61,7,2,2,0,1,10,1
0,1,59,4,7,2,0,1,3,0
1,1,25,3,4,0,0,1,10,1
0,1,30,1,5,4,0,1,25,0
1,1,25,1,4,2,0,1,5,0
0,1,11,2,0,0,0,1,20,1
0,1,117,17,6,13,0,1,19,2
0,0,70,3,9,20,0,1,8,1
0,0,25,2,4,1,0,1,6,0
1,0,10,1,3,0,0,1,4,0
0,0,148,9,4,10,0,1,9,1
0,0,57,4,5,5,0,1,3,0
0,1,32,1,6,6,0,1,4,1
1,0,79,11,5,6,0,1,8,1
0,0,34,4,3,1,0,1,16,0
0,0,76,5,9,29,0,1,41,5
1,1,39,3,6,1,0,1,5,1
1,0,78,9,6,2,0,1,7,1
1,0,28,3,2,6,0,1,13,3
1,1,43,2,9,6,0,1,9,0
1,0,27,3,2,5,0,1,14,1
0,1,15,2,1,0,0,1,41,4
0,1,27,1,2,0,0,1,6,0
1,1,37,3,4,2,0,1,6,0
0,1,18,2,4,2,0,1,13,2
0,0,15,3,1,1,0,1,6,1
1,0,25,1,4,0,0,1,9,1
0,0,25,1,7,3,0,1,10,1
0,1,78,1,1,0,0,1,7,0
1,1,54,6,3,5,0,1,16,1
0,1,29,5,2,2,0,1,16,2
1,1,13,2,1,0,0,1,15,1
0,0,13,2,1,0,0,1,27,1
1,1,13,1,1,0,0,1,47,1
0,0,46,6,5,6,0,1,6,1
0,1,37,2,6,1,0,1,12,1
1,0,99,9,4,11,0,1,14,0
1,1,97,7,6,2,0,1,7,0
1,1,28,3,3,2,0,1,9,1
1,1,38,5,4,6,0,1,25,0
0,0,7,1,1,0,0,1,31,1
1,0,65,4,3,11,0,1,14,1
0,1,19,4,2,0,0,1,10,1
1,0,34,2,4,1,0,1,12,1
0,1,35,3,4,1,0,1,16,1
0,1,41,3,8,0,0,1,9,1
1,1,11,1,0,1,0,1,18,2
0,0,34,2,5,4,0,1,29,1
1,0,26,5,0,0,0,1,11,1
1,1,28,5,4,1,0,1,11,1
1,0,17,1,3,2,0,1,9,1
1,0,40,5,6,0,0,1,10,1
1,0,52,6,9,1,0,1,54,4
1,1,38,6,4,3,0,1,15,1
1,0,23,2,3,2,0,1,12,1
0,0,19,2,1,0,0,1,9,1
1,1,14,2,4,0,0,1,5,1
0,1,36,5,1,0,0,1,43,4
1,0,41,5,3,3,0,1,37,3
1,1,29,3,3,2,0,1,10,0
1,0,67,6,3,2,0,1,15,1
0,1,5,1,0,0,0,1,18,2
0,0,25,3,2,5,0,1,18,1
0,0,7,1,0,0,0,1,12,1
1,0,28,3,2,0,0,1,8,1
0,0,51,3,4,3,0,1,6,0
0,0,64,2,6,0,0,1,16,1
1,0,37,5,1,0,0,1,2,0
1,0,6,1,0,0,0,1,9,1
0,1,8,1,2,0,0,1,22,1
1,0,49,5,5,5,0,1,28,2
1,0,39,6,2,1,0,1,10,1
0,1,15,3,1,0,0,1,6,0
0,1,15,1,4,2,0,1,6,0
1,0,145,5,9,18,0,1,8,1
1,1,33,1,10,4,0,1,11,1
0,0,10,2,1,0,0,1,11,1
0,0,64,4,10,16,0,1,5,0
1,1,20,2,2,1,0,1,6,1
0,0,11,1,1,1,0,1,13,1
1,1,182,1,10,1,0,1,7,0
0,1,24,2,4,2,0,1,71,5
1,0,112,7,10,5,0,1,3,1
0,0,81,6,4,7,0,1,39,0
0,1,29,3,0,2,0,1,3,0
1,0,46,3,6,3,0,1,13,1
1,0,59,5,9,16,0,1,28,1
0,0,55,5,6,8,0,1,20,1
0,1,51,3,4,2,0,1,18,1
0,1,66,5,3,2,0,1,14,1
0,0,13,3,0,1,0,1,5,0
1,1,19,2,1,2,0,1,8,1
0,0,26,2,5,5,0,1,8,1
0,0,11,1,1,3,0,1,12,1
0,0,10,1,1,1,0,1,14,2
1,1,25,4,1,1,0,1,5,0
0,0,6,1,0,0,0,1,13,1
0,1,16,1,1,2,0,1,46,4
1,1,19,2,1,2,0,1,7,0
0,1,13,2,0,1,0,1,8,1
1,1,73,5,6,7,0,1,24,2
1,0,28,2,7,2,0,1,13,1
1,1,25,2,4,0,0,1,10,1
1,0,18,2,3,0,0,1,13,1
0,1,21,1,4,1,0,1,11,1
1,0,61,4,10,3,0,1,8,1
0,0,118,4,4,19,0,1,10,0
0,1,28,4,2,4,0,1,5,1
0,1,85,4,7,15,0,1,16,1
0,0,7,1,2,2,0,1,8,0
0,0,68,6,5,0,0,1,8,0
0,1,12,2,2,0,0,1,22,1
0,0,31,8,3,1,0,1,36,0
1,1,47,7,3,7,0,1,13,1
1,0,66,5,7,0,0,1,9,0
1,0,63,5,2,6,0,1,6,1
0,0,58,8,5,1,0,1,10,1
0,0,48,3,5,1,0,1,6,0
0,1,47,6,4,4,0,1,59,0
0,0,17,2,3,0,0,1,5,0
1,0,12,1,2,2,0,1,20,2
0,0,27,2,2,0,0,1,8,1
0,0,33,3,3,1,0,1,9,0
1,0,16,6,0,0,0,1,23,1
0,1,9,1,2,1,0,1,62,8
1,0,60,4,4,6,0,1,9,1
1,1,37,5,4,2,0,1,15,1
1,1,59,5,5,1,0,1,5,1
0,1,58,4,3,2,0,1,10,1
1,1,23,3,5,0,0,1,9,0
0,0,54,9,6,0,0,1,14,2
1,0,88,12,4,10,0,1,13,0
0,1,7,1,1,0,0,1,5,1
1,1,39,7,3,1,0,1,20,1
0,1,15,2,4,0,0,1,10,0
1,1,110,13,13,5,0,1,10,1
0,0,15,2,3,2,0,1,11,1
1,1,6,1,1,0,0,1,14,0
0,1,12,1,4,1,0,1,7,0
0,1,60,9,1,0,0,1,13,1
1,1,11,1,1,1,0,1,6,1
1,0,39,2,5,0,0,1,16,1
1,0,10,2,0,1,0,1,6,1
0,1,54,3,3,3,0,1,7,0
0,0,55,6,7,9,0,1,41,2
0,0,24,1,7,0,0,1,4,0
1,0,14,3,0,0,0,1,13,1
0,1,66,6,4,14,0,1,22,2
1,1,43,3,8,11,0,1,57,11
0,0,68,9,0,2,0,1,13,1
0,1,25,3,2,0,0,1,16,0
0,1,10,1,2,0,0,1,46,4
0,0,15,1,1,0,0,1,26,1
0,1,7,1,2,0,0,1,33,1
1,0,113,12,5,6,0,1,10,1
1,1,9,1,0,1,0,1,8,1
0,0,9,1,1,0,0,1,21,1
1,0,48,6,0,3,0,1,6,1
0,1,62,4,7,13,0,1,6,0
0,0,34,4,2,0,0,1,20,0
0,0,103,4,9,18,0,1,10,1
0,1,20,2,0,1,0,1,10,1
1,1,7,1,1,1,0,1,56,0
0,1,30,4,2,6,0,1,11,1
1,0,39,6,3,0,0,1,2,0
1,0,123,6,17,6,0,1,17,0
0,1,12,2,1,0,0,1,14,1
0,1,18,3,1,0,0,1,16,1
1,0,11,1,2,1,0,1,5,1
0,0,43,7,1,1,0,1,18,0
0,1,36,4,5,4,0,1,11,1
1,1,43,3,5,5,0,1,21,2
0,0,46,7,5,5,0,1,18,0
1,1,28,3,4,0,0,1,7,0
0,1,25,3,1,4,0,1,9,0
0,1,39,4,6,2,0,1,27,2
1,0,10,2,0,0,0,1,13,1
0,0,8,1,1,0,0,1,10,1
0,1,32,2,9,3,0,1,7,0
0,1,89,1,2,4,0,1,8,0
1,0,78,9,6,11,0,1,5,0
1,1,12,2,0,0,0,1,8,1
1,0,89,10,8,1,0,1,16,2
0,0,37,4,2,2,0,1,5,1
1,1,17,2,1,0,0,1,10,1
0,0,50,5,4,9,0,1,5,1
1,1,26,5,1,0,0,1,13,0
1,0,25,6,1,0,0,1,19,0
0,0,35,3,6,0,0,1,32,2
1,0,13,2,3,0,0,1,14,1
0,0,86,5,3,8,0,1,13,1
0,0,32,2,5,2,0,1,12,1
0,1,19,1,0,0,0,1,23,0
1,1,66,7,7,2,0,1,8,1
0,0,10,2,1,0,0,1,6,0
1,0,121,15,3,12,0,1,69,4
0,0,16,3,1,0,0,1,13,0
0,1,31,5,6,4,0,1,13,0
0,1,20,2,1,3,0,1,6,1
0,0,25,3,2,0,0,1,11,1
1,0,20,2,1,0,0,1,23,2
0,1,13,2,2,0,0,1,12,1
1,0,104,5,10,14,0,1,12,1
0,0,23,3,2,0,0,1,8,1
0,1,80,3,6,0,0,1,6,0
1,1,11,1,4,1,0,1,31,1
0,1,10,1,1,0,0,1,4,1
1,1,105,11,14,4,0,1,11,1
1,0,59,5,5,3,0,1,14,1
0,0,8,1,0,0,0,1,11,2
1,1,14,1,1,0,0,1,14,1
0,1,31,2,2,9,0,1,9,0
0,1,7,1,1,1,0,1,16,1
1,0,180,34,9,3,0,1,12,0
1,0,142,15,10,21,0,1,18,1
0,1,36,4,4,8,0,1,8,1
1,0,86,3,6,18,0,1,11,1
0,0,21,2,2,0,0,1,3,0
1,1,85,7,2,4,0,1,8,1
0,1,12,1,1,0,0,1,31,0
1,1,20,2,2,1,0,1,6,1
0,1,25,3,1,1,0,1,12,0
0,0,12,2,2,0,0,1,8,1
0,0,15,3,2,1,0,1,10,0
0,0,95,10,7,3,0,1,23,0
1,1,44,4,4,5,0,1,46,7
0,0,37,5,1,4,0,1,7,1
1,0,21,2,1,0,0,1,3,1
1,1,16,2,3,0,0,1,8,1
0,0,26,1,5,3,0,1,54,2
1,1,25,3,2,0,0,1,9,1
1,0,18,2,0,2,0,1,13,1
0,1,34,4,3,1,0,1,10,1
0,1,20,3,1,4,0,1,9,1
0,0,9,1,4,1,0,1,5,0
1,1,86,5,5,19,0,1,19,1
1,1,25,3,2,1,0,1,14,1
0,0,31,4,2,1,0,1,12,1
1,1,17,2,1,2,0,1,8,1
1,0,41,4,0,4,0,1,13,1
0,0,13,1,1,0,0,1,6,1
0,1,29,4,3,0,0,1,5,1
1,0,12,3,0,1,0,1,5,1
1,1,34,3,1,2,0,1,2,0
0,1,37,2,5,5,0,1,5,0
0,1,11,1,2,0,0,1,10,0
1,0,41,2,5,0,0,1,7,0
0,1,84,1,12,9,0,1,6,0
1,0,61,5,4,6,0,1,13,1
1,1,79,8,10,0,0,1,35,3
0,1,54,4,5,2,0,1,5,1
0,1,44,3,4,0,0,1,10,1
0,1,69,1,6,0,0,1,44,2
0,0,17,2,1,2,0,1,8,1
0,1,15,1,3,0,0,1,22,1
1,0,111,9,3,1,0,1,7,0
1,1,27,3,4,1,0,1,18,3
1,1,106,9,13,11,0,1,15,2
0,1,9,1,1,0,0,1,12,1
0,0,69,4,9,13,0,1,31,2
1,1,26,4,1,0,0,1,14,0
1,1,32,3,1,0,0,1,10,1
1,1,28,2,3,4,0,1,4,1
1,1,18,1,3,1,0,1,17,2
1,0,9,2,1,0,0,1,10,1
0,1,46,5,4,4,0,1,9,1
1,0,18,2,2,1,0,1,12,1
0,1,13,2,0,0,0,1,18,1
1,0,18,2,1,2,0,1,5,1
0,0,97,12,10,1,0,1,44,1
1,1,55,5,4,8,0,1,9,1
0,0,27,3,4,0,0,1,14,1
1,0,24,2,2,3,0,1,11,1
0,1,26,3,4,1,0,1,18,1
1,1,25,3,1,1,0,1,4,0
1,1,58,9,7,6,0,1,10,1
1,0,96,11,6,10,0,1,10,1
0,0,23,2,6,1,0,1,8,1
0,1,40,5,4,0,0,1,12,1
1,0,90,7,8,2,0,1,8,1
0,0,105,2,14,20,0,1,13,1
0,1,26,5,1,6,0,1,8,0
1,1,54,9,4,2,0,1,16,3
0,0,12,1,2,0,0,1,8,0
0,1,27,2,6,1,0,1,10,0
1,0,86,7,16,29,0,1,7,0
1,1,15,2,0,0,0,1,7,1
0,0,13,2,0,4,0,1,7,1
0,0,13,3,0,4,0,1,13,0
1,1,9,2,0,0,0,1,23,1
1,0,37,4,4,5,0,1,25,2
0,0,34,4,5,0,0,1,4,0
1,0,62,6,2,5,0,1,50,2
0,0,8,1,2,1,0,1,3,0
0,1,35,4,1,1,0,1,11,1
1,0,30,4,3,2,0,1,10,0
1,1,11,1,5,0,0,1,8,1
0,0,84,3,13,5,0,1,13,1
0,1,17,2,2,0,0,1,5,1
0,0,38,3,2,7,0,1,7,0
1,0,43,1,12,0,0,1,10,2
1,1,55,7,6,4,0,1,24,3
0,0,8,1,1,0,0,1,27,4
1,1,30,3,1,1,0,1,6,1
0,0,6,1,3,0,0,1,4,1
0,0,9,1,0,0,0,1,14,0
1,0,110,11,13,13,0,1,11,1
1,1,11,1,1,0,0,1,12,0
0,0,9,1,0,1,0,1,6,0
1,0,45,7,1,0,0,1,7,1
0,0,12,1,1,3,0,1,14,0
1,1,81,2,12,0,0,1,6,1
1,1,162,15,12,20,0,1,10,0
0,0,17,1,6,3,0,1,40,3
0,1,5,1,0,0,0,1,8,1
1,1,50,8,5,3,0,1,30,2
0,1,29,4,1,5,0,1,18,1
0,1,12,1,2,0,0,1,37,1
1,1,66,3,8,5,0,1,14,1
0,0,27,1,4,2,0,1,42,1
1,1,23,3,4,0,0,1,4,0
1,0,120,13,9,3,0,1,27,3
0,0,50,1,1,0,0,1,7,0
0,0,55,3,10,0,0,1,13,0
1,1,13,2,0,0,0,1,9,1
1,1,96,15,4,11,0,1,9,0
1,1,82,7,9,28,0,1,7,1
1,0,13,1,3,4,0,1,3,0
0,0,33,4,2,0,0,1,7,1
0,1,43,3,13,10,0,1,25,1
1,1,48,9,2,2,0,1,5,1
0,0,26,4,2,0,0,1,9,1
1,1,36,3,5,6,0,1,24,2
0,0,44,3,7,3,0,1,8,1
1,1,46,6,1,0,0,1,7,1
0,0,51,1,7,0,0,1,6,0
0,1,5,1,1,0,0,1,11,1
0,0,43,4,1,4,0,1,7,1
0,0,48,8,3,3,0,1,11,1
0,0,55,11,3,9,0,1,7,1
0,0,7,1,0,0,0,1,3,0
0,0,39,4,4,1,0,1,13,1
1,0,64,6,6,10,0,1,6,0
0,0,10,1,0,0,0,1,9,1
1,0,20,3,0,1,0,1,14,1
0,0,21,3,1,0,0,1,9,0
0,0,21,3,1,5,0,1,6,1
0,1,15,2,2,1,0,1,11,1
1,1,12,2,0,1,0,1,7,0
0,0,20,1,2,3,0,1,6,0
0,1,40,4,5,2,0,1,5,1
1,1,14,1,4,1,0,1,8,1
0,1,124,12,14,7,0,1,28,0
0,0,46,7,5,0,0,1,59,3
0,0,15,1,3,5,0,1,23,1
1,0,76,9,3,24,0,1,15,0
1,1,22,1,4,5,0,1,12,1
0,0,43,4,8,2,0,1,9,2
0,1,11,1,1,0,0,1,15,1
0,0,14,1,1,0,0,1,22,1
0,1,22,2,2,2,0,1,9,1
1,0,29,2,2,0,0,1,18,0
0,0,21,2,3,6,0,1,16,2
1,0,74,7,3,2,0,1,6,0
0,1,88,6,5,2,0,1,11,2
0,0,20,1,4,3,0,1,6,1
0,0,30,4,3,0,0,1,6,1
0,0,9,1,2,2,0,1,15,0
0,0,16,3,1,1,0,1,24,3
1,1,37,3,5,6,0,1,45,4
1,0,117,10,3,22,0,1,4,1
0,1,39,5,2,5,0,1,65,3
1,0,47,4,6,4,0,1,8,1
0,0,10,1,2,2,0,1,13,1
0,1,43,4,7,2,0,1,9,1
0,0,46,5,5,3,0,1,4,1
0,0,24,3,1,5,0,1,5,1
0,1,17,2,0,5,0,1,7,0
0,0,21,4,0,1,0,1,10,1
1,1,43,4,3,1,0,1,7,1
1,1,104,11,5,2,0,1,18,1
1,1,7,1,0,0,0,1,7,1
0,1,17,2,0,0,0,1,37,0
1,0,38,6,1,1,0,1,8,0
0,0,19,2,1,0,0,1,30,2
1,1,81,1,24,0,0,1,53,3
1,0,84,14,11,3,0,1,3,0
1,1,22,2,3,1,0,1,4,1
1,1,55,3,13,8,0,1,6,1
0,0,60,4,13,9,0,1,6,0
0,1,13,2,1,0,0,1,23,1
0,0,10,2,1,0,0,1,12,1
0,0,23,3,4,1,0,1,14,1
0,1,31,3,1,1,0,1,5,1
1,1,14,2,5,1,0,1,20,1
1,1,6,2,1,0,0,1,13,1
1,0,48,4,1,2,0,1,14,2
0,1,19,1,2,1,0,1,3,1
1,1,61,7,8,1,0,1,6,1
1,1,73,16,2,3,0,1,59,1
1,0,50,1,6,0,0,1,9,1
0,1,15,2,0,0,0,1,8,0
0,0,41,4,9,4,0,1,13,1
1,0,13,1,0,0,0,1,7,1
1,1,11,1,1,1,0,1,3,0
1,0,141,12,14,7,0,1,11,1
0,1,20,3,1,0,0,1,19,1
1,1,21,2,1,1,0,1,34,4
1,1,27,2,5,1,0,1,6,1
1,1,112,9,7,12,0,1,11,1
0,0,19,2,2,1,0,1,11,1
1,0,33,4,5,5,0,1,19,2
0,1,12,1,2,0,0,1,4,0
1,0,14,2,1,2,0,1,10,0
1,0,7,1,1,0,0,1,5,1
1,0,7,1,0,1,0,1,7,1
0,0,76,6,13,6,0,1,30,3
1,0,21,1,0,0,0,1,9,0
0,0,16,1,3,0,0,1,11,0
1,0,52,5,5,1,0,1,11,0
1,1,26,2,6,4,0,1,11,1
0,1,14,2,2,0,0,1,10,1
0,1,15,3,1,0,0,1,36,2
1,1,11,1,1,0,0,1,6,1
1,0,51,6,4,6,0,1,4,1
0,0,59,10,5,2,0,1,9,1
0,0,21,2,1,1,0,1,10,1
1,0,5,1,0,2,0,1,25,1
0,0,7,1,1,0,0,1,21,2
1,1,18,3,2,0,0,1,7,0
0,0,87,10,10,8,0,1,4,0
0,1,29,3,2,2,0,1,8,1
0,0,8,1,0,0,0,1,12,1
0,0,31,2,2,1,0,1,4,1
0,1,12,2,2,0,0,1,7,1
0,1,12,1,2,0,0,1,6,0
1,0,60,5,12,2,0,1,8,1
0,0,49,6,6,0,0,1,10,1
1,1,104,8,10,5,0,1,19,1
0,1,15,1,4,2,0,1,6,0
1,0,16,3,1,0,0,1,6,1
0,1,20,2,3,4,0,1,12,1
1,0,79,5,6,10,0,1,9,1
0,1,164,1,1,44,0,1,31,2
1,1,119,7,4,9,0,1,14,1
0,1,13,1,3,0,0,1,6,0
1,1,9,1,2,0,0,1,5,1
0,1,42,2,1,14,0,1,6,1
1,0,84,13,2,11,0,1,34,2
1,1,10,1,2,0,0,1,8,1
1,0,91,6,10,18,0,1,3,0
0,0,14,1,2,2,0,1,5,1
0,0,48,5,4,1,0,1,13,1
0,0,18,2,2,0,0,1,25,0
0,0,11,3,0,0,0,1,70,0
1,1,113,20,6,16,0,1,6,0
1,1,30,5,0,0,0,1,18,0
1,1,50,1,12,3,0,1,10,1
0,0,130,13,8,14,0,1,16,1
0,1,12,2,1,4,0,1,19,1
1,1,23,1,5,0,0,1,8,0
1,1,36,1,0,1,0,1,7,0
0,0,40,5,1,1,0,1,34,0
0,0,6,1,2,0,0,1,7,1
1,0,19,1,6,3,0,1,8,1
0,0,23,2,3,2,0,1,30,3
1,1,12,3,0,1,0,1,13,0
0,0,15,2,2,1,0,1,13,3
0,1,7,1,0,1,0,1,9,1
1,0,17,3,1,0,0,1,9,0
0,1,37,6,4,0,0,1,11,1
1,0,86,5,11,1,0,1,10,1
1,0,24,1,6,5,0,1,6,1
0,0,12,2,1,0,0,1,16,1
1,0,126,12,5,17,0,1,40,2
0,0,41,4,2,2,0,1,43,5
0,0,24,2,3,1,0,1,9,1
1,1,104,7,13,7,0,1,21,1
0,1,10,1,0,1,0,1,9,1
0,1,12,1,2,3,0,1,49,2
0,0,14,2,2,1,0,1,11,1
1,1,12,2,1,0,0,1,10,0
0,0,14,2,2,0,0,1,12,1
0,0,14,3,0,2,0,1,16,1
0,0,56,2,7,0,0,1,26,1
0,0,56,4,6,7,0,1,8,0
0,0,15,3,1,0,0,1,40,9
0,1,18,2,3,1,0,1,31,2
1,1,129,9,18,2,0,1,13,1
1,0,74,3,6,7,0,1,7,1
0,0,88,7,8,18,0,1,9,1
1,1,51,2,9,0,0,1,5,1
0,1,15,3,0,0,0,1,25,2
0,0,29,3,2,2,0,1,8,1
1,1,26,2,1,1,0,1,8,1
1,1,30,3,3,10,0,1,2,0
0,1,27,2,8,1,0,1,10,1
1,0,38,7,4,0,0,1,13,0
0,1,7,1,2,0,0,1,17,1
0,0,24,4,1,2,0,1,13,1
1,1,35,6,2,0,0,1,22,1
1,0,84,7,8,5,0,1,12,1
0,1,13,2,1,2,0,1,16,1
0,1,80,5,11,0,0,1,11,1
1,1,30,2,4,3,0,1,12,1
0,1,18,1,2,2,0,1,76,3
0,0,37,4,3,3,0,1,10,1
1,1,96,9,9,0,0,1,7,1
0,1,30,3,5,5,0,1,11,1
1,1,62,7,8,8,0,1,11,1
1,1,71,2,10,12,0,1,3,0
0,1,18,3,1,0,0,1,29,1
1,0,79,14,1,8,0,1,13,1
0,1,21,1,2,6,0,1,16,2
1,1,71,8,4,5,0,1,11,0
0,1,40,3,3,2,0,1,22,2
1,0,88,7,11,17,0,1,6,1
0,1,12,2,1,1,0,1,5,1
1,1,42,3,5,2,0,1,21,4
1,1,20,3,4,0,0,1,22,2
0,1,15,2,1,0,0,1,30,1
0,0,10,2,1,0,0,1,6,1
1,0,84,2,9,20,0,1,6,1
0,1,18,3,2,0,0,1,15,2
1,1,63,7,4,17,0,1,8,1
1,1,15,2,4,2,0,1,10,0
0,1,27,3,1,1,0,1,22,0
0,1,11,1,2,0,0,1,56,4
1,1,37,3,3,8,0,1,9,0
0,0,21,3,2,0,0,1,8,1
0,1,9,1,1,0,0,1,20,2
1,0,101,11,9,15,0,1,21,2
0,1,88,11,3,5,0,1,10,2
1,0,55,8,9,0,0,1,14,1
1,1,42,2,3,0,0,1,7,1
1,1,12,1,1,1,0,1,5,1
0,0,22,1,2,5,0,1,9,1
1,1,12,1,3,1,0,1,9,0
1,1,32,5,2,9,0,1,6,1
0,0,31,4,2,6,0,1,67,0
0,0,14,1,4,1,0,1,10,1
0,0,60,4,6,4,0,1,8,1
1,1,88,6,10,1,0,1,25,1
0,0,14,1,2,2,0,1,8,0
1,0,14,2,2,1,0,1,18,0
0,0,16,2,3,2,0,1,6,1
1,1,21,2,1,2,0,1,7,0
0,1,32,6,3,2,0,1,11,1
0,0,17,1,3,5,0,1,4,1
0,0,94,12,7,3,0,1,30,2
1,0,24,4,0,2,0,1,5,1
1,1,104,7,5,6,0,1,7,0
1,0,16,1,2,1,0,1,3,0
1,1,16,2,1,0,0,1,10,1
1,1,32,5,2,0,0,1,23,2
1,1,24,4,2,2,0,1,21,0
0,0,20,3,1,2,0,1,10,0
1,0,23,5,0,1,0,1,9,1
0,0,40,3,1,1,0,1,9,0
1,1,36,6,2,2,0,1,12,1
0,0,29,6,0,0,0,1,12,4
1,0,82,7,10,5,0,1,5,1
0,0,24,4,2,0,0,1,11,0
0,0,22,3,4,0,0,1,8,1
1,0,32,5,4,0,0,1,10,0
0,0,29,1,6,0,0,1,18,1
0,0,43,6,2,7,0,1,17,0
1,0,27,4,4,0,0,1,11,1
0,1,59,5,5,15,0,1,51,1
0,0,27,2,1,1,0,1,3,1
1,1,19,2,1,1,0,1,7,0
1,1,79,12,9,1,0,1,12,1
1,1,36,3,0,2,0,1,13,1
0,0,34,5,2,6,0,1,26,1
0,0,32,4,2,4,0,1,9,1
0,0,21,2,3,2,0,1,7,1
1,0,33,5,4,0,0,1,13,1
1,1,41,5,2,4,0,1,18,2
1,1,15,2,2,0,0,1,6,1
0,1,20,1,0,4,0,1,14,1
1,0,53,3,6,0,0,1,16,1
0,1,33,4,1,1,0,1,42,3
1,1,169,12,9,17,0,1,11,1
1,1,35,3,2,0,0,1,13,1
1,0,127,9,12,11,0,1,1,0
1,1,15,2,1,0,0,1,6,1
0,0,20,2,2,4,0,1,4,0
0,0,36,2,9,2,0,1,14,0
1,1,103,9,7,4,0,1,19,0
1,1,36,1,8,0,0,1,5,0
0,1,19,1,1,1,0,1,9,0
1,1,25,2,4,2,0,1,66,2
0,1,15,1,5,0,0,1,43,6
1,1,12,2,0,2,0,1,14,1
0,0,42,6,1,4,0,1,9,1
0,0,13,1,3,0,0,1,7,1
0,0,48,9,4,5,0,1,9,0
1,1,22,3,2,0,0,1,10,1
1,1,64,5,4,13,0,1,10,1
1,1,46,4,5,0,0,1,13,1
0,1,16,2,0,0,0,1,32,4
1,1,17,1,1,2,0,1,7,0
1,1,15,2,1,0,0,1,8,0
1,1,24,2,3,2,0,1,14,0
1,1,122,8,5,13,0,1,14,1
0,1,38,5,0,0,0,1,7,1
1,1,69,7,5,3,0,1,11,1
0,0,27,3,2,0,0,1,15,1
0,0,45,5,11,7,0,1,6,0
0,0,7,1,1,0,0,1,5,1
0,1,31,2,5,2,0,1,9,0
1,0,163,12,5,29,0,1,15,0
1,0,41,5,5,2,0,1,19,0
1,0,40,3,1,3,0,1,6,1
1,0,57,3,2,32,0,1,11,0
1,1,23,4,1,0,0,1,9,1
0,0,19,2,1,2,0,1,2,0
0,1,21,2,3,0,0,1,7,1
1,0,11,1,2,2,0,1,6,0
0,0,57,5,3,13,0,1,10,1
0,0,74,12,5,1,0,1,5,0
1,1,45,4,1,3,0,1,22,1
1,1,17,3,1,0,0,1,26,2
0,0,39,5,2,7,0,1,16,1
0,0,19,3,1,3,0,1,29,1
1,0,20,2,3,3,0,1,5,1
1,0,9,2,0,0,0,1,11,1
0,1,16,2,4,0,0,1,5,1
0,1,55,4,10,0,0,1,32,0
0,1,44,1,10,17,0,1,10,0
1,0,78,8,12,8,0,1,5,1
1,0,11,2,2,0,0,1,6,1
0,0,56,4,5,10,0,1,43,3
0,1,28,3,1,1,0,1,15,1
1,1,17,2,3,0,0,1,53,0
0,1,16,1,2,4,0,1,7,0
0,0,45,4,3,4,0,1,14,1
1,1,58,6,1,8,0,1,11,0
0,0,38,3,4,3,0,1,11,1
0,0,12,1,4,1,0,1,7,0
1,0,50,7,4,1,0,1,7,0
1,1,56,6,6,9,0,1,9,1
0,0,30,1,1,1,0,1,8,0
1,0,53,7,4,0,0,1,6,1
0,0,11,2,1,0,0,1,4,1
1,0,24,2,1,1,0,1,10,0
0,1,45,4,6,0,0,1,49,0
1,1,45,3,2,2,0,1,4,1
0,0,64,1,5,4,0,1,7,0
0,1,28,3,1,0,0,1,13,1
0,1,37,5,6,3,0,1,17,1
1,0,29,4,4,5,0,1,12,1
0,0,42,6,0,3,0,1,9,1
0,0,23,3,2,2,0,1,12,1
1,1,15,2,3,0,0,1,11,1
0,0,55,4,5,0,0,1,11,1
0,0,36,3,4,2,0,1,10,0
0,1,11,1,0,2,0,1,2,0
1,1,89,14,3,7,0,1,4,1
1,1,20,1,7,0,0,1,5,1
1,0,65,7,2,12,0,1,8,0
0,1,11,2,0,0,0,1,28,2
0,0,12,2,0,0,0,1,6,1
1,1,18,3,0,0,0,1,17,1
1,1,214,1,8,10,0,1,6,0
0,1,27,2,2,10,0,1,19,1
1,1,59,3,6,5,0,1,7,0
0,0,55,6,5,3,0,1,11,1
0,0,32,3,4,0,0,1,8,0
0,1,65,6,4,9,0,1,8,0
0,0,17,1,2,0,0,1,2,0
0,1,39,3,2,5,0,1,8,1
0,0,51,2,7,0,0,1,11,1
0,1,9,1,3,2,0,1,3,0
1,1,46,3,2,3,0,1,7,1
0,0,63,4,6,8,0,1,23,0
1,1,101,9,4,11,0,1,39,2
1,0,18,1,4,0,0,1,9,1
0,1,15,3,1,0,0,1,9,1
0,1,13,2,0,1,0,1,13,1
1,1,91,7,4,0,0,1,39,0
1,0,57,4,14,4,0,1,9,1
0,0,36,3,6,10,0,1,3,0
0,0,59,6,8,9,0,1,7,0
1,1,22,2,1,2,0,1,2,0
1,0,19,3,0,0,0,1,8,0
1,0,30,4,1,1,0,1,13,1
0,0,41,2,6,7,0,1,32,0
0,1,18,1,0,2,0,1,29,2
0,0,12,2,1,0,0,1,21,1
1,1,8,2,0,0,0,1,36,6
0,0,24,4,0,5,0,1,9,1
0,1,23,1,2,2,0,1,51,4
1,1,47,3,7,5,0,1,12,1
0,1,36,3,2,6,0,1,3,0
1,1,11,1,1,0,0,1,7,0
1,0,43,3,9,0,0,1,4,0
1,0,52,6,5,0,0,1,40,2
1,1,39,5,4,2,0,1,18,1
1,1,15,2,1,2,0,1,7,0
0,1,59,1,4,2,0,1,8,0
0,0,17,1,1,5,0,1,6,1
0,0,31,3,3,6,0,1,9,1
0,0,25,1,4,2,0,1,10,1
0,0,18,3,0,3,0,1,36,4
0,0,12,2,1,1,0,1,5,0
1,1,52,7,4,0,0,1,15,0
0,0,42,3,7,11,0,1,47,3
1,1,12,2,2,0,0,1,8,0
1,1,89,9,5,33,0,1,4,0
0,0,35,5,3,2,0,1,12,1
0,1,12,1,1,2,0,1,9,3
0,0,18,2,2,1,0,1,3,0
1,1,15,1,2,0,0,1,13,1
0,0,24,3,7,2,0,1,5,0
0,0,52,6,4,2,0,1,9,1
0,1,11,2,1,0,0,1,28,3
1,1,8,1,0,0,0,1,11,1
1,1,38,4,4,1,0,1,19,1
1,1,13,2,1,0,0,1,18,1
1,1,53,5,4,3,0,1,10,1
0,0,33,3,5,1,0,1,7,0
0,1,65,3,3,16,0,1,6,1
0,1,17,3,1,1,0,1,57,3
0,1,26,2,2,3,0,1,8,1
0,0,9,1,1,0,0,1,3,0
0,0,21,2,4,3,0,1,17,0
0,0,13,2,4,0,0,1,10,1
1,1,58,3,2,15,0,1,6,0
0,1,15,2,1,0,0,1,25,2
0,0,29,3,1,1,0,1,14,1
0,1,8,1,1,1,0,1,13,1
0,1,47,5,12,0,0,1,11,1
0,0,15,1,3,3,0,1,12,1
1,0,22,2,2,3,0,1,28,3
1,1,36,5,3,0,0,1,11,1
0,1,21,2,4,1,0,1,15,0
1,1,14,2,1,0,0,1,12,3
0,0,77,11,1,0,0,1,6,1
1,0,98,10,6,18,0,1,10,1
1,0,14,1,3,1,0,1,5,1
1,1,13,1,0,0,0,1,20,2
1,1,33,1,4,0,0,1,7,0
1,0,33,1,2,26,0,1,9,0
0,0,105,3,11,11,0,1,15,2
0,1,43,3,4,5,0,1,17,0
1,1,37,6,1,4,0,1,12,1
1,0,79,6,6,0,0,1,43,2
1,1,42,5,3,0,0,1,6,0
1,0,20,3,1,0,0,1,11,0
0,1,18,4,0,0,0,1,11,1
0,0,17,3,2,1,0,1,14,1
1,0,47,2,4,2,0,1,27,2
0,1,11,1,2,3,0,1,11,1
1,0,31,1,11,2,0,1,4,1
0,1,22,1,7,0,0,1,10,1
0,1,20,1,0,4,0,1,10,1
1,1,35,5,4,0,0,1,10,0
1,0,71,6,8,1,0,1,18,1
0,1,13,2,1,0,0,1,8,0
0,0,31,4,4,2,0,1,16,3
0,1,47,3,3,0,0,1,55,0
0,0,30,3,2,4,0,1,13,1
0,1,92,5,12,0,0,1,19,1
0,1,28,3,3,2,0,1,13,1
0,1,28,2,4,0,0,1,14,2
0,0,12,3,1,0,0,1,20,1
1,1,25,2,5,5,0,1,46,4
1,1,18,3,1,0,0,1,7,1
1,0,29,3,5,0,0,1,11,1
1,0,15,2,1,0,0,1,6,0
0,1,9,1,0,0,0,1,4,1
1,1,35,2,8,5,0,1,12,1
1,1,82,10,2,3,0,1,9,1
0,0,44,4,2,2,0,1,4,1
1,0,46,4,5,2,0,1,12,1
1,0,82,4,11,0,0,1,14,1
1,1,88,2,12,0,0,1,66,5
1,0,32,2,1,5,0,1,3,1
1,1,21,1,6,5,0,1,3,0
1,0,48,3,8,5,0,1,9,0
0,1,10,1,0,2,0,1,13,1
0,1,28,2,3,4,0,1,8,1
0,0,16,1,3,0,0,1,10,1
0,1,42,3,5,14,0,1,14,0
0,1,31,3,2,2,0,1,36,3
1,0,35,2,2,3,0,1,6,0
0,0,15,2,0,1,0,1,28,3
1,1,21,5,1,0,0,1,11,0
0,0,32,5,0,0,0,1,4,0
0,1,11,1,1,3,0,1,6,0
0,1,62,3,11,5,0,1,34,2
1,1,45,8,4,1,0,1,19,1
1,0,46,7,3,0,0,1,9,1
0,1,55,5,3,19,0,1,6,0
1,0,62,4,5,18,0,1,14,1
1,1,44,5,4,4,0,1,10,0
1,1,16,1,1,2,0,1,29,1
0,0,66,6,9,1,0,1,38,2
0,1,66,1,9,19,0,1,6,1
0,0,26,2,3,3,0,1,11,1
1,1,20,4,1,4,0,1,9,1
1,1,57,5,3,4,0,1,4,1
0,1,16,3,1,2,0,1,9,1
1,0,13,3,1,1,0,1,4,0
1,0,27,2,4,2,0,1,12,1
0,0,18,2,2,0,0,1,12,0
0,0,33,3,7,3,0,1,6,0
1,0,122,14,3,15,0,1,10,1
0,0,77,5,12,11,0,1,25,5
1,1,11,1,2,2,0,1,8,0
0,1,18,1,5,0,0,1,8,1
1,1,91,4,8,5,0,1,8,2
0,1,11,1,3,0,0,1,17,0
1,1,9,1,1,0,0,1,12,1
0,0,27,2,1,2,0,1,26,3
0,1,18,3,1,0,0,1,59,3
1,1,12,1,4,0,0,1,33,4
0,0,36,4,4,4,0,1,9,1
1,0,39,3,1,2,0,1,8,0
1,0,42,3,4,1,0,1,23,0
1,1,65,5,5,3,0,1,40,4
1,0,16,1,4,3,0,1,7,1
0,0,8,1,1,0,0,1,5,0
0,1,15,1,1,3,0,1,5,1
1,0,74,16,4,2,0,1,24,3
1,0,137,15,13,10,0,1,25,3
1,0,59,7,10,2,0,1,10,1
0,1,12,1,4,0,0,1,49,3
0,0,20,2,2,2,0,1,10,1
0,1,17,1,3,0,0,1,14,1
0,1,75,4,18,6,0,1,32,4
0,1,59,7,10,5,0,1,6,0
1,1,15,2,1,0,0,1,28,3
0,0,20,3,3,2,0,1,8,1
0,1,44,7,4,5,0,1,42,2
1,0,14,2,1,0,0,1,31,2
1,0,67,9,14,6,0,1,8,0
1,1,18,2,4,1,0,1,8,1
1,0,99,1,4,0,0,1,6,0
0,0,36,2,1,8,0,1,80,2
1,1,55,9,6,7,0,1,20,0
0,1,21,3,4,0,0,1,13,1
0,0,14,2,1,3,0,1,25,1
1,1,57,7,6,3,0,1,12,2
1,1,63,8,6,6,0,1,7,1
1,1,38,7,1,0,0,1,13,0
1,1,14,3,1,0,0,1,7,1
1,0,102,1,10,0,0,1,8,0
1,1,33,3,1,12,0,1,43,2
0,1,13,2,2,1,0,1,3,0
0,1,12,2,1,0,0,1,16,0
1,0,49,7,3,1,0,1,14,1
0,1,80,9,6,19,0,1,11,1
0,1,10,1,1,1,0,1,15,0
1,1,16,2,0,0,0,1,43,2
0,1,15,1,1,0,0,1,9,0
1,1,14,2,3,0,0,1,2,0
1,0,26,4,0,1,0,1,7,2
1,1,8,1,1,0,0,1,12,0
0,0,23,3,2,0,0,1,4,0
1,1,62,7,4,0,0,1,65,4
0,0,8,1,2,0,0,1,9,0
0,0,80,5,9,11,0,1,8,0
1,1,123,12,1,9,0,1,33,3
0,0,18,1,2,0,0,1,14,0
0,1,7,1,1,0,0,1,10,1
0,1,45,5,4,8,0,1,10,1
0,1,22,2,0,1,0,1,19,0
0,0,29,2,3,0,0,1,7,1
0,0,42,5,4,5,0,1,8,1
1,1,28,2,5,6,0,1,21,2
1,0,71,5,7,10,0,1,10,1
1,0,83,6,10,14,0,1,4,1
0,0,39,2,12,3,0,1,5,1
1,1,29,2,3,0,0,1,4,1
1,0,22,4,1,4,0,1,5,0
0,0,60,4,8,0,0,1,10,1
1,1,13,3,0,0,0,1,12,0
0,0,33,2,6,5,0,1,24,2
0,0,23,3,1,0,0,1,1,0
1,0,35,3,4,5,0,1,9,1
0,0,18,2,1,2,0,1,15,1
0,1,22,2,1,2,0,1,46,3
1,1,29,1,0,3,0,1,5,1
0,0,17,1,3,0,0,1,26,2
1,1,75,7,9,0,0,1,6,0
1,0,19,3,1,1,0,1,8,1
0,1,15,2,1,2,0,1,6,0
0,1,17,2,2,0,0,1,34,3
1,0,131,1,5,8,0,1,8,0
0,1,13,2,0,3,0,1,5,1
1,0,10,1,1,0,0,1,8,0
1,1,10,2,0,0,0,1,11,1
0,1,15,1,2,2,0,1,8,1
0,0,20,3,3,0,0,1,50,6
0,0,14,1,3,0,0,1,7,1
0,1,27,2,1,0,0,1,32,2
1,1,9,2,0,0,0,1,7,1
0,1,11,1,1,0,0,1,17,1
0,0,40,1,11,4,0,1,10,1
0,1,43,6,2,5,0,1,8,1
1,1,19,2,2,0,0,1,3,0
0,0,29,3,0,1,0,1,10,1
1,0,76,11,11,4,0,1,6,1
1,1,75,9,5,12,0,1,5,0
0,0,10,1,1,1,0,1,4,1
1,0,98,12,7,10,0,1,39,4
0,0,49,3,11,1,0,1,7,1
1,1,10,1,3,2,0,1,9,1
1,0,76,8,8,6,0,1,9,1
0,1,16,3,1,0,0,1,50,2
1,1,106,4,5,2,0,1,16,2
1,1,55,6,3,1,0,1,7,0
0,0,23,4,2,0,0,1,19,1
0,0,48,6,2,0,0,1,27,0
0,1,97,12,3,17,0,1,7,0
0,1,48,5,6,0,0,1,8,0
1,1,26,1,7,7,0,1,11,1
0,0,8,1,2,1,0,1,3,0
0,0,15,2,1,4,0,1,22,4
0,0,25,2,3,1,0,1,11,1
0,0,12,3,1,0,0,1,12,1
0,1,9,1,1,0,0,1,8,1
1,1,19,3,1,3,0,1,9,1
1,0,19,2,0,5,0,1,9,1
0,0,65,7,7,6,0,1,30,2
0,0,20,2,3,0,0,1,25,1
1,0,62,11,3,5,0,1,13,0
1,1,60,2,8,12,0,1,5,1
0,1,36,3,6,3,0,1,10,1
0,1,19,5,0,3,0,1,11,1
1,0,86,10,11,13,0,1,9,1
1,1,14,3,0,2,0,1,11,1
1,1,64,3,6,9,0,1,8,0
1,1,44,7,2,5,0,1,10,0
0,1,29,4,2,1,0,1,17,1
0,0,75,9,5,4,0,1,12,1
0,1,17,3,2,1,0,1,54,4
0,1,67,6,11,5,0,1,41,1
0,0,41,4,7,5,0,1,11,0
0,0,22,2,2,1,0,1,6,1
1,1,122,7,17,12,0,1,25,1
1,0,87,9,8,0,0,1,23,2
0,1,29,4,1,3,0,1,6,1
1,0,18,3,1,3,0,1,5,0
0,0,18,3,1,1,0,1,7,1
1,0,21,2,1,2,0,1,10,1
0,1,27,2,2,0,0,1,62,8
0,1,12,1,2,0,0,1,56,2
0,0,28,2,1,3,0,1,5,1
0,0,14,1,1,4,0,1,9,1
0,0,25,1,5,7,0,1,9,1
1,0,18,4,1,1,0,1,6,0
0,0,44,3,3,1,0,1,9,1
1,0,6,1,0,0,0,1,13,1
0,0,99,8,5,5,0,1,6,0
1,1,48,8,1,6,0,1,9,0
0,0,42,2,5,0,0,1,54,1
0,0,11,2,1,0,0,1,22,2
1,1,44,1,0,0,0,1,7,0
0,0,7,1,1,0,0,1,3,0
1,1,129,11,5,6,0,1,13,1
0,0,31,2,10,2,0,1,17,1
0,1,41,5,3,1,0,1,12,1
0,0,49,2,0,1,0,1,7,0
0,0,9,2,0,0,0,1,6,0
0,1,26,6,0,9,0,1,11,0
0,0,8,1,1,0,0,1,5,1
1,1,34,1,3,7,0,1,6,0
0,0,66,6,11,4,0,1,17,0
0,0,17,1,4,3,0,1,23,4
0,0,14,3,0,0,0,1,11,0
1,1,15,1,1,1,0,1,10,0
1,0,87,6,4,3,0,1,9,1
0,0,23,2,3,0,0,1,9,1
0,1,29,3,2,2,0,1,11,1
1,1,84,8,6,4,0,1,3,1
1,1,38,4,5,4,0,1,23,4
1,1,10,1,1,1,0,1,8,0
0,0,41,1,11,6,0,1,4,1
0,0,25,2,1,2,0,1,47,3
1,1,79,3,14,4,0,1,9,0
0,0,53,5,10,4,0,1,7,1
1,1,44,3,4,4,0,1,3,1
0,0,16,1,3,0,0,1,6,0
0,1,11,1,3,0,0,1,34,0
0,1,16,1,3,0,0,1,13,0
0,0,38,2,3,0,0,1,9,1
1,0,22,3,2,0,0,1,5,1
0,0,71,7,5,15,0,1,13,0
1,1,13,3,0,0,0,1,9,0
0,0,39,3,8,3,0,1,5,1
0,0,35,2,9,1,0,1,7,0
0,1,14,3,0,1,0,1,7,1
0,0,10,1,2,1,0,1,33,1
0,0,14,1,4,1,0,1,3,0
1,1,30,3,3,0,0,1,39,2
1,1,12,2,2,0,0,1,7,1
0,1,12,1,2,0,0,1,9,1
1,1,12,1,2,2,0,1,4,1
1,0,27,4,1,1,0,1,22,2
1,1,47,8,8,2,0,1,26,2
1,1,18,2,1,1,0,1,11,1
0,1,32,4,1,1,0,1,12,1
0,1,29,5,0,7,0,1,18,0
1,1,47,2,2,0,0,1,4,0
0,0,63,5,2,3,0,1,5,0
0,0,13,2,1,1,0,1,11,0
0,0,11,1,0,0,0,1,11,0
1,0,16,3,0,0,0,1,11,1
0,1,17,2,2,0,0,1,19,2
1,1,15,2,1,1,0,1,9,1
0,0,42,6,3,1,0,1,7,0
0,1,33,4,1,8,0,1,14,2
1,1,18,1,1,2,0,1,9,1
1,1,73,7,1,7,0,1,3,1
1,0,18,3,2,1,0,1,12,0
0,0,22,1,6,2,0,1,5,1
0,1,25,5,1,4,0,1,9,0
0,1,10,1,1,0,0,1,37,7
0,0,25,1,3,5,0,1,39,3
0,0,47,7,6,0,0,1,18,0
0,1,75,6,6,8,0,1,13,1
1,1,42,4,1,2,0,1,14,1
1,1,73,1,6,0,0,1,10,1
0,0,28,3,3,4,0,1,34,0
1,0,27,4,3,0,0,1,24,1
0,1,40,5,2,7,0,1,4,0
1,1,14,2,2,0,0,1,19,1
0,0,47,3,8,10,0,1,17,4
0,1,18,1,1,15,0,1,40,0
1,0,24,2,1,1,0,1,12,2
0,0,13,2,0,1,0,1,12,1
0,1,21,3,2,0,0,1,15,1
1,0,29,4,0,0,0,1,12,1
0,0,19,2,1,2,0,1,43,3
0,0,56,3,6,1,0,1,7,0
1,0,13,1,1,2,0,1,8,1
1,1,29,4,2,1,0,1,9,1
1,0,50,5,3,1,0,1,9,1
0,0,38,2,6,0,0,1,13,1
1,0,15,1,3,2,0,1,6,1
1,1,66,8,8,0,0,1,15,1
1,0,27,1,4,7,0,1,6,1
1,0,13,3,0,0,0,1,5,1
1,1,109,10,9,13,0,1,14,1
0,0,40,5,7,0,0,1,24,3
0,0,87,1,2,29,0,1,6,0
1,1,61,6,2,7,0,1,12,1
1,0,79,6,6,6,0,1,9,0
1,0,23,2,3,1,0,1,4,1
0,1,27,2,3,0,0,1,7,1
0,0,27,3,1,1,0,1,12,1
1,1,12,1,2,1,0,1,19,0
1,1,45,3,6,0,0,1,14,0
1,0,60,9,7,1,0,1,12,1
1,0,28,3,0,4,0,1,8,0
0,0,132,15,4,7,0,1,7,0
0,0,33,1,6,10,0,1,4,1
0,1,17,3,1,0,0,1,12,1
1,1,25,2,1,4,0,1,8,0
0,1,23,2,2,0,0,1,9,1
1,1,19,1,0,1,0,1,6,0
1,0,24,2,3,2,0,1,7,1
0,1,45,3,8,6,0,1,51,3
0,1,44,5,5,5,0,1,11,1
1,0,94,10,11,13,0,1,29,0
1,0,25,3,1,1,0,1,11,1
0,1,76,8,12,3,0,1,75,0
1,0,16,3,0,1,0,1,13,0
1,1,62,8,7,2,0,1,9,1
1,1,25,2,3,1,0,1,42,2
1,1,17,3,0,1,0,1,11,0
1,1,66,5,10,7,0,1,12,1
1,0,53,4,4,15,0,1,18,2
1,1,67,6,7,20,0,1,50,5
1,0,12,1,3,2,0,1,11,1
0,1,17,2,0,6,0,1,10,1
0,0,16,3,1,1,0,1,12,2
1,1,20,1,4,0,0,1,18,2
0,1,22,1,4,6,0,1,36,1
1,1,24,3,2,0,0,1,6,1
0,0,29,3,2,2,0,1,10,0
1,1,87,10,7,11,0,1,20,1
1,0,32,4,2,0,0,1,9,1
0,0,29,3,5,1,0,1,10,1
1,1,30,3,3,2,0,1,12,1
0,0,24,5,0,0,0,1,64,4
0,1,12,1,1,0,0,1,6,1
0,1,28,4,3,0,0,1,12,2
0,1,51,1,0,0,0,1,10,0
0,0,64,7,1,9,0,1,7,0
1,0,31,2,1,10,0,1,16,1
1,1,13,1,2,0,0,1,18,1
0,0,27,3,1,0,0,1,33,3
0,1,46,1,12,4,0,1,14,1
0,0,13,2,0,0,0,1,7,1
1,0,25,2,2,0,0,1,6,0
0,0,62,8,4,2,0,1,76,3
0,1,6,1,0,2,0,1,14,0
0,0,26,4,3,4,0,1,18,1
0,0,21,3,2,2,0,1,15,0
1,0,21,3,0,2,0,1,10,1
1,1,48,1,2,0,0,1,25,1
1,1,33,3,3,1,0,1,10,0
0,0,11,1,0,0,0,1,8,1
0,1,41,6,2,2,0,1,3,0
0,1,30,5,0,0,0,1,40,5
1,0,16,3,0,0,0,1,4,0
1,1,94,11,8,7,0,1,6,0
0,1,11,1,2,0,0,1,10,1
1,1,18,1,3,1,0,1,5,1
0,1,18,1,3,1,0,1,10,0
0,1,40,1,7,5,0,1,17,0
0,1,20,3,1,0,0,1,32,1
1,1,56,5,4,10,0,1,9,1
1,0,17,2,1,4,0,1,16,1
0,1,44,3,5,3,0,1,7,0
0,0,95,6,10,15,0,1,3,0
1,1,18,1,3,1,0,1,47,3
1,1,75,1,13,0,0,1,20,1
0,0,28,3,2,3,0,1,3,0
0,0,30,5,0,2,0,1,25,2
0,1,23,1,3,0,0,1,13,1
0,0,28,6,2,1,0,1,10,1
0,1,120,8,11,30,0,1,7,1
1,1,7,1,2,0,0,1,11,1
0,1,28,1,1,0,0,1,11,1
0,1,42,3,7,10,0,1,22,1
1,0,19,1,2,2,0,1,8,0
1,0,107,14,6,8,0,1,10,0
0,1,11,2,0,0,0,1,12,1
1,0,76,1,8,0,0,1,8,0
0,1,22,4,1,0,0,1,13,0
1,1,49,2,9,0,0,1,9,0
1,0,31,4,7,0,0,1,14,0
1,0,129,20,6,0,0,1,30,4
0,0,22,3,2,2,0,1,5,1
1,0,110,1,5,0,0,1,6,0
1,1,21,3,1,1,0,1,5,1
1,1,85,5,12,16,0,1,8,0
0,0,33,3,4,4,0,1,13,0
1,1,34,2,2,3,0,1,13,1
1,0,50,7,2,5,0,1,13,0
0,0,29,2,5,2,0,1,11,2
0,0,58,4,9,0,0,1,9,1
1,0,43,2,3,6,0,1,4,0
0,1,22,1,7,1,0,1,4,0
0,0,71,5,6,8,0,1,41,2
0,0,65,5,9,4,0,1,11,1
1,0,45,4,5,1,0,1,14,1
0,0,18,2,0,0,0,1,68,7
0,1,49,4,3,2,0,1,16,2
1,1,36,3,6,7,0,1,14,1
0,0,52,8,0,12,0,1,37,0
1,1,63,4,7,4,0,1,33,2
1,0,35,6,2,0,0,1,8,1
1,1,107,8,8,22,0,1,10,0
0,0,86,8,18,8,0,1,24,2
1,1,15,1,2,0,0,1,27,3
1,0,38,3,2,8,0,1,49,2
1,0,25,2,3,10,0,1,21,1
0,1,32,4,2,0,0,1,23,2
1,1,89,7,15,8,0,1,22,0
1,0,31,1,8,4,0,1,8,0
1,0,69,10,6,0,0,1,7,0
1,0,76,7,6,17,0,1,7,0
0,0,59,3,4,11,0,1,7,1
0,0,33,5,3,0,0,1,15,1
1,1,17,2,2,0,0,1,17,1
0,0,38,2,3,5,0,1,13,0
1,1,58,5,3,12,0,1,1,0
0,0,14,2,0,1,0,1,9,0
0,0,55,6,3,1,0,1,16,1
1,0,17,1,2,0,0,1,38,0
0,1,7,1,0,0,0,1,16,2
0,0,16,2,1,0,0,1,10,1
0,1,12,1,1,1,0,1,7,1
1,1,16,2,1,1,0,1,8,1
1,1,15,2,1,3,0,1,6,1
1,1,10,1,1,0,0,1,12,3
0,1,13,2,2,0,0,1,10,0
1,1,32,4,5,0,0,1,4,1
0,1,18,3,1,2,0,1,28,2
0,1,12,2,0,0,0,1,13,1
0,0,12,1,4,3,0,1,8,0
0,1,12,2,1,0,0,1,12,0
1,1,72,2,15,0,0,1,9,1
0,1,46,7,4,2,0,1,7,0
1,1,101,17,5,5,0,1,14,1
1,1,35,2,4,0,0,1,27,1
0,0,66,5,4,3,0,1,13,0
0,1,46,4,6,0,0,1,8,1
0,0,12,1,2,1,0,1,5,0
0,1,57,7,1,1,0,1,9,1
0,0,48,3,7,0,0,1,11,0
0,0,9,1,2,0,0,1,5,1
0,0,26,3,2,3,0,1,6,1
0,0,43,5,4,11,0,1,5,0
1,0,20,1,0,11,0,1,10,1
1,1,37,5,3,5,0,1,19,0
0,0,62,5,3,6,0,1,14,2
1,1,40,4,0,3,0,1,14,1
1,1,31,3,7,3,0,1,6,1
1,1,22,5,1,1,0,1,8,0
0,0,38,2,3,0,0,1,33,1
1,1,19,2,2,0,0,1,15,1
1,1,40,4,5,5,0,1,11,1
0,0,13,1,1,0,0,1,34,3
1,1,63,8,8,6,0,1,12,1
0,1,23,1,2,5,0,1,11,0
0,0,55,2,2,40,0,1,4,0
0,1,20,2,2,2,0,1,22,1
0,0,14,1,0,0,0,1,19,0
0,0,20,2,4,2,0,1,30,1
0,1,67,3,3,33,0,1,17,2
1,0,5,1,0,1,0,1,4,0
0,0,71,4,8,5,0,1,17,0
1,0,108,7,6,10,0,1,23,2
0,0,20,1,6,1,0,1,17,1
1,1,17,3,1,4,0,1,15,3
1,1,89,10,5,5,0,1,15,2
0,1,21,2,1,4,0,1,3,0
1,1,16,4,0,1,0,1,9,1
0,1,9,2,0,0,0,1,26,0
1,0,30,2,4,7,0,1,10,1
1,0,19,3,1,3,0,1,3,0
1,1,26,2,1,2,0,1,11,0
0,0,24,3,3,0,0,1,11,1
0,0,28,4,1,3,0,1,16,0
1,1,52,6,5,3,0,1,17,1
1,0,27,4,1,0,0,1,13,0
0,0,9,1,1,0,0,1,3,1
1,1,53,6,5,3,0,1,8,1
1,1,13,2,0,0,0,1,16,1
0,0,14,3,1,0,0,1,9,0
0,1,36,5,2,7,0,1,5,1
1,0,96,11,8,0,0,1,36,3
1,1,56,11,0,7,0,1,7,1
1,0,62,9,7,9,0,1,11,1
0,0,60,4,7,5,0,1,34,6
1,1,25,3,3,0,0,1,9,1
0,0,139,10,11,9,0,1,6,0
1,1,50,4,4,9,0,1,61,1
1,0,35,3,5,1,0,1,12,0
1,1,35,2,5,6,0,1,10,1
1,0,12,1,2,1,0,1,19,2
0,0,7,1,0,0,0,1,11,1
1,1,48,5,5,0,0,1,12,1
1,1,9,1,1,0,0,1,5,1
1,0,6,1,0,0,0,1,6,1
0,1,7,1,1,1,0,1,19,1
0,1,29,4,4,0,0,1,23,1
1,0,91,5,6,0,0,1,13,0
0,1,19,2,1,2,0,1,5,0
1,1,20,3,2,0,0,1,32,3
0,1,22,3,3,1,0,1,10,0
0,0,52,6,7,6,0,1,11,1
1,1,49,4,2,8,0,1,37,3
0,1,18,1,3,0,0,1,8,1
0,0,92,10,7,3,0,1,19,0
1,1,43,5,1,2,0,1,26,1
1,0,98,7,14,0,0,1,10,0
0,1,45,6,3,3,0,1,56,5
1,0,27,3,3,0,0,1,6,1
0,1,55,7,1,6,0,1,76,9
0,1,17,1,2,1,0,1,4,1
0,0,15,2,4,0,0,1,4,1
1,0,64,6,5,8,0,1,21,0
0,1,36,4,2,0,0,1,5,2
0,1,17,3,1,0,0,1,12,0
0,0,34,5,2,1,0,1,9,1
0,0,22,3,1,1,0,1,13,1
1,1,37,4,5,2,0,1,12,0
0,1,18,2,2,0,0,1,8,1
1,1,11,1,2,2,0,1,7,1
0,0,54,6,8,12,0,1,14,2
1,0,48,6,3,5,0,1,11,1
1,0,10,2,0,3,0,1,14,0
1,1,61,6,8,4,0,1,11,1
1,1,15,2,2,0,0,1,15,2
0,0,59,2,5,1,0,1,10,1
0,0,14,1,4,0,0,1,41,3
0,1,43,3,3,4,0,1,10,1
0,0,17,1,4,0,0,1,22,1
1,0,18,3,1,0,0,1,31,3
0,0,40,4,3,5,0,1,9,0
0,0,9,1,0,0,0,1,10,0
0,0,11,2,0,0,0,1,7,0
0,0,12,2,2,0,0,1,8,1
0,0,26,2,5,2,0,1,15,1
0,0,39,4,3,6,0,1,10,1
0,0,15,1,3,0,0,1,9,1
1,1,31,3,1,3,0,1,4,0
0,1,34,4,4,1,0,1,29,0
0,1,84,10,11,15,0,1,45,1
1,1,82,7,1,12,0,1,10,1
0,1,13,2,2,1,0,1,6,0
1,1,114,6,6,15,0,1,10,1
0,0,11,1,1,1,0,1,10,1
0,1,28,3,1,1,0,1,10,1
1,1,30,1,0,0,0,1,7,0
1,1,28,3,7,0,0,1,31,2
1,0,28,2,6,7,0,1,31,3
1,0,152,7,16,26,0,1,5,1
0,0,8,1,1,0,0,1,19,1
0,0,36,5,4,3,0,1,59,4
1,1,14,2,0,0,0,1,11,1
1,1,12,3,0,0,0,1,14,1
0,0,29,3,0,1,0,1,35,2
0,1,43,4,3,3,0,1,9,1
0,1,21,2,1,4,0,1,6,0
0,0,6,1,0,1,0,1,9,1
1,0,46,6,2,1,0,1,8,1
1,0,69,2,6,1,0,1,10,0
1,0,16,1,2,1,0,1,10,1
1,1,6,1,2,0,0,1,8,1
1,1,56,3,9,29,0,1,7,1
0,0,19,3,1,4,0,1,9,0
0,0,13,1,10,0,0,1,84,3
0,0,41,3,2,4,0,1,13,2
0,1,13,1,5,0,0,1,10,1
0,0,17,2,1,1,0,1,6,0
1,1,69,4,5,4,0,1,8,1
0,0,18,2,1,1,0,1,4,0
0,0,10,1,2,1,0,1,24,0
1,1,14,1,1,0,0,1,12,1
0,0,12,1,1,2,0,1,8,1
1,1,52,5,5,0,0,1,25,0
1,1,37,8,0,0,0,1,17,1
0,0,57,5,10,2,0,1,8,1
0,1,25,1,8,0,0,1,29,2
0,1,13,1,1,2,0,1,42,1
1,1,18,4,1,1,0,1,9,0
1,0,17,2,1,0,0,1,4,1
0,0,37,2,8,4,0,1,4,1
0,0,10,1,0,1,0,1,16,1
0,0,32,7,1,0,0,1,5,1
1,1,63,2,6,0,0,1,15,0
1,0,78,7,5,19,0,1,9,0
0,0,13,2,2,0,0,1,23,2
0,0,28,5,1,2,0,1,10,0
1,0,13,1,8,4,0,1,4,1
1,1,45,1,0,0,0,1,8,0
1,0,85,4,4,18,0,1,6,1
1,1,41,3,0,2,0,1,9,1
1,1,103,8,15,5,0,1,14,1
0,1,43,4,2,1,0,1,8,1
1,1,67,5,15,0,0,1,13,1
0,0,41,4,4,1,0,1,19,0
0,0,51,6,8,2,0,1,7,0
0,0,29,1,6,1,0,1,4,0
1,0,73,2,8,0,0,1,11,1
0,0,12,1,5,0,0,1,13,0
1,0,23,3,0,4,0,1,5,0
0,1,30,4,3,0,0,1,3,0
1,1,105,9,5,7,0,1,4,1
1,0,21,4,1,4,0,1,9,1
1,0,11,2,1,0,0,1,6,0
1,1,134,1,4,4,0,1,7,0
0,0,77,12,8,3,0,1,3,1
1,0,122,17,5,10,0,1,10,1
1,1,12,1,3,3,0,1,2,0
1,1,10,1,3,0,0,1,23,2
0,0,38,8,3,1,0,1,38,0
1,1,18,3,2,0,0,1,8,0
1,1,89,8,15,14,0,1,5,0
0,1,11,1,1,0,0,1,22,1
1,0,82,8,5,4,0,1,50,5
1,1,145,11,9,6,0,1,9,1
0,0,24,2,3,1,0,1,67,6
1,0,34,2,1,3,0,1,3,0
0,1,20,3,1,1,0,1,6,1
1,1,12,1,3,0,0,1,5,1
1,1,23,4,2,0,0,1,11,0
1,1,32,4,3,0,0,1,10,1
0,0,33,4,5,0,0,1,21,2
0,1,9,2,1,0,0,1,7,1
1,1,11,2,2,0,0,1,3,1
1,0,54,6,3,0,0,1,11,1
1,1,121,8,12,14,0,1,43,4
0,1,49,5,2,1,0,1,10,0
0,0,14,1,3,0,0,1,2,0
0,1,30,1,9,2,0,1,32,2
0,1,11,1,1,0,0,1,9,1
1,1,15,2,1,1,0,1,6,0
1,0,12,3,0,1,0,1,8,1
0,0,19,2,2,2,0,1,7,0
0,1,6,1,1,0,0,1,9,1
1,1,14,1,1,2,0,1,11,1
0,1,12,2,0,0,0,1,13,1
1,1,19,1,3,0,0,1,8,0
0,1,19,1,1,2,0,1,15,1
0,1,27,2,2,4,0,1,29,2
0,1,40,6,1,4,0,1,34,2
0,1,29,3,4,2,0,1,10,1
1,1,9,2,0,0,0,1,6,0
1,1,111,12,8,6,0,1,4,1
1,1,56,6,7,0,0,1,32,2
0,0,50,5,6,4,0,1,11,0
1,0,23,1,3,3,0,1,6,0
0,0,51,5,8,11,0,1,11,0
1,0,34,5,3,6,0,1,7,0
0,1,47,4,4,5,0,1,11,1
1,1,12,2,1,0,0,1,9,1
0,1,31,2,3,7,0,1,5,0
0,1,14,2,1,0,0,1,23,2
0,0,31,4,2,0,0,1,15,0
1,0,72,3,5,15,0,1,5,1
1,1,7,2,0,0,0,1,18,1
0,1,45,3,6,0,0,1,18,1
1,1,30,4,4,1,0,1,12,1
1,1,7,1,4,0,0,1,10,1
1,0,43,4,4,9,0,1,8,1
1,1,27,2,2,3,0,1,5,1
0,0,8,2,0,1,0,1,9,0
1,0,147,15,9,32,0,1,6,0
1,0,84,5,7,13,0,1,17,2
0,0,10,2,0,0,0,1,10,0
0,1,31,1,5,1,0,1,26,0
0,0,41,1,3,0,0,1,6,1
1,1,72,7,7,4,0,1,8,1
1,1,53,9,5,3,0,1,10,1
0,1,54,7,6,8,0,1,29,0
0,0,34,4,3,1,0,1,17,1
0,0,130,7,16,6,0,1,12,1
1,0,18,2,6,5,0,1,8,0
1,1,35,1,13,7,0,1,11,1
0,0,49,6,10,3,0,1,6,1
1,0,5,1,0,0,0,1,4,1
1,1,19,3,0,0,0,1,13,1
1,1,20,4,1,0,0,1,8,0
1,1,16,2,1,2,0,1,10,0
0,0,24,2,3,0,0,1,10,1
1,0,31,3,4,3,0,1,13,1
0,0,84,10,8,5,0,1,8,3
0,0,13,2,0,1,0,1,21,2
0,0,25,3,1,0,0,1,5,1
1,1,23,1,3,10,0,1,10,1
1,0,37,3,3,4,0,1,13,1
0,1,29,3,6,0,0,1,7,0
0,1,9,1,1,0,0,1,22,3
0,0,16,2,0,1,0,1,9,1
0,0,14,2,0,0,0,1,17,2
1,1,23,4,1,0,0,1,11,1
1,0,38,2,6,3,0,1,9,1
0,1,17,2,3,0,0,1,17,2
0,1,22,1,3,0,0,1,26,2
1,0,17,1,3,2,0,1,10,0
1,0,19,2,2,0,0,1,5,1
0,1,10,1,2,0,0,1,6,1
0,1,16,3,2,1,0,1,12,1
0,1,29,3,4,3,0,1,15,0
0,0,53,5,2,11,0,1,4,0
1,1,18,2,0,1,0,1,12,1
0,1,14,2,0,1,0,1,5,1
1,1,19,2,1,3,0,1,4,0
1,0,38,3,2,2,0,1,7,1
0,0,76,9,5,2,0,1,22,2
0,0,25,1,4,8,0,1,21,2
0,1,32,4,3,5,0,1,6,0
1,1,31,3,1,4,0,1,9,1
1,1,14,2,1,0,0,1,12,0
1,1,16,3,1,0,0,1,23,0
1,0,42,1,4,0,0,1,25,1
0,0,12,2,0,1,0,1,9,1
0,1,32,3,2,4,0,1,10,1
1,1,71,6,7,4,0,1,5,0
0,1,65,5,5,0,0,1,25,1
0,0,35,2,3,3,0,1,19,2
1,0,19,3,2,0,0,1,12,1
0,0,65,5,4,3,0,1,8,0
1,1,8,1,1,1,0,1,5,0
1,1,32,4,3,0,0,1,11,1
0,1,13,1,9,0,0,1,4,1
1,0,48,5,7,4,0,1,9,0
1,1,15,2,0,3,0,1,8,1
1,1,62,5,9,0,0,1,10,1
0,1,12,2,0,0,0,1,7,1
1,1,41,2,6,2,0,1,18,1
1,0,12,2,2,0,0,1,5,1
0,0,12,1,1,4,0,1,8,1
0,0,26,4,1,5,0,1,11,1
1,0,122,13,9,8,0,1,12,0
1,1,19,1,2,0,0,1,8,1
1,0,21,2,4,1,0,1,3,0
0,0,18,2,4,1,0,1,11,1
0,0,54,3,3,7,0,1,6,0
1,1,18,1,2,2,0,1,12,1
1,1,13,1,2,0,0,1,10,1
0,1,16,4,1,0,0,1,10,1
1,0,43,4,8,0,0,1,12,1
0,1,19,2,1,1,0,1,7,1
0,0,31,4,3,0,0,1,8,0
1,1,113,13,15,15,0,1,7,1
0,1,36,4,5,0,0,1,28,2
1,1,93,7,7,13,0,1,5,0
1,1,51,5,5,0,0,1,10,1
1,1,52,5,6,5,0,1,7,1
0,1,17,2,2,0,0,1,19,1
1,0,55,4,1,3,0,1,13,1
1,1,31,4,2,0,0,1,9,1
0,1,20,2,3,4,0,1,8,1
0,1,13,1,1,1,0,1,6,0
1,0,23,3,3,1,0,1,7,0
0,0,14,2,1,0,0,1,16,1
1,0,20,2,3,0,0,1,8,1
0,1,38,5,5,11,0,1,4,0
1,1,39,2,8,4,0,1,11,0
1,0,40,3,4,16,0,1,9,0
0,0,19,3,3,0,0,1,8,0
1,1,22,2,1,1,0,1,8,1
1,0,15,2,2,0,0,1,29,1
0,0,39,4,2,1,0,1,13,1
0,0,60,7,5,1,0,1,8,1
0,1,15,1,4,0,0,1,16,1
1,0,33,1,3,0,0,1,9,1
0,1,54,5,2,0,0,1,18,0
0,1,13,2,1,0,0,1,30,2
1,0,24,3,1,5,0,1,7,1
1,1,13,1,2,2,0,1,12,2
1,1,33,3,3,0,0,1,22,1
1,0,92,9,11,11,0,1,8,1
1,1,29,2,2,2,0,1,13,0
1,1,15,2,0,3,0,1,8,1
0,0,6,1,2,0,0,1,13,1
1,0,15,3,0,1,0,1,4,1
0,1,46,4,4,9,0,1,8,0
0,0,43,5,2,6,0,1,10,0
1,0,31,4,1,3,0,1,9,1
0,1,11,2,1,0,0,1,8,1
1,1,22,1,1,1,0,1,11,1
1,1,22,3,2,0,0,1,5,0
0,1,14,1,4,1,0,1,4,0
1,1,55,6,4,10,0,1,22,2
0,1,37,3,6,2,0,1,11,1
0,0,38,5,4,5,0,1,5,1
1,1,41,5,3,3,0,1,12,1
0,0,90,11,8,14,0,1,8,1
1,1,12,2,0,0,0,1,22,4
1,0,18,3,1,1,0,1,13,1
0,1,10,1,0,0,0,1,5,1
1,1,40,5,5,1,0,1,15,0
0,1,28,5,1,1,0,1,7,1
0,0,111,11,7,18,0,1,8,0
0,1,37,2,7,17,0,1,14,1
1,1,6,1,0,0,0,1,5,1
0,0,16,3,0,0,0,1,3,0
0,1,21,1,3,0,0,1,20,1
1,0,38,4,3,1,0,1,22,2
1,1,70,4,3,11,0,1,12,0
1,1,28,3,3,1,0,1,11,1
1,0,11,1,1,0,0,1,12,4
0,0,32,3,2,1,0,1,8,1
1,0,46,4,1,3,0,1,7,1
1,0,66,9,8,1,0,1,9,1
1,1,6,1,1,0,0,1,6,1
1,1,9,2,0,1,0,1,7,1
1,0,107,8,9,2,0,1,12,1
1,0,27,2,1,2,0,1,9,1
1,0,45,5,4,2,0,1,10,0
1,1,18,4,0,0,0,1,8,1
1,1,25,1,2,0,0,1,4,0
1,1,9,1,1,0,0,1,7,0
1,0,37,7,1,0,0,1,9,1
0,1,15,1,2,0,0,1,12,1
0,0,17,2,2,0,0,1,24,1
0,1,16,3,0,1,0,1,10,1
0,1,27,2,3,4,0,1,6,1
1,0,15,2,1,0,0,1,20,1
0,1,17,1,5,4,0,1,49,0
0,1,47,2,5,0,0,1,72,7
1,1,18,2,1,0,0,1,22,1
1,1,134,13,8,9,0,1,8,0
0,0,11,3,0,0,0,1,11,1
1,1,13,3,1,0,0,1,11,1
0,0,20,3,4,2,0,1,6,0
0,1,12,1,0,3,0,1,8,1
1,1,61,3,7,2,0,1,21,2
0,0,17,2,3,0,0,1,50,0
1,1,61,6,3,9,0,1,8,1
0,1,18,2,1,0,0,1,11,1
1,1,121,12,6,39,0,1,8,1
1,1,43,1,3,10,0,1,6,1
0,0,14,1,2,1,0,1,9,0
0,1,31,3,1,3,0,1,12,0
0,0,8,1,0,0,0,1,15,0
1,1,8,1,0,0,0,1,8,1
1,0,111,7,8,5,0,1,14,1
1,1,19,2,1,0,0,1,8,1
1,0,55,3,6,2,0,1,8,0
1,0,38,1,8,0,0,1,11,0
0,0,7,1,0,0,0,1,14,1
0,0,32,5,2,4,0,1,18,1
1,1,60,7,4,2,0,1,4,0
1,0,79,12,6,4,0,1,18,3
1,0,35,5,3,2,0,1,12,0
0,0,17,2,2,0,0,1,39,2
1,1,93,7,12,3,0,1,9,1
0,0,25,4,2,0,0,1,21,2
1,1,15,2,1,0,0,1,13,1
1,0,127,4,7,5,0,1,21,2
1,1,13,2,0,1,0,1,8,1
1,1,10,2,0,0,0,1,9,1
1,0,29,4,5,0,0,1,15,1
1,1,15,1,3,3,0,1,16,0
1,1,53,3,6,5,0,1,28,1
0,1,32,1,0,10,0,1,11,1
0,1,14,1,2,0,0,1,18,2
1,1,10,3,1,0,0,1,11,1
1,0,36,9,0,0,0,1,4,1
1,1,38,6,2,0,0,1,9,1
1,1,11,1,3,0,0,1,10,1
0,0,14,2,1,0,0,1,51,3
1,1,51,3,2,7,0,1,54,1
0,0,44,4,7,4,0,1,17,1
1,0,75,5,2,3,0,1,13,1
0,0,73,7,8,0,0,1,34,1
1,0,64,8,7,0,0,1,13,0
1,0,19,2,1,2,0,1,10,1
1,0,17,3,1,0,0,1,7,1
0,0,65,7,8,5,0,1,9,1
0,0,18,3,2,0,0,1,10,1
1,1,279,1,15,30,0,1,8,0
0,0,18,1,2,0,0,1,18,1
0,1,43,2,5,4,0,1,10,1
0,0,13,1,3,1,0,1,8,1
0,1,31,5,2,0,0,1,39,5
0,1,16,1,1,4,0,1,37,2
1,1,40,6,2,0,0,1,10,1
0,0,10,1,1,0,0,1,16,1
0,1,49,4,5,0,0,1,9,0
1,0,149,8,12,14,0,1,27,0
0,0,14,1,1,6,0,1,9,1
0,1,25,3,3,3,0,1,25,2
0,0,8,1,2,0,0,1,9,0
0,0,27,2,2,2,0,1,36,0
1,1,18,1,1,0,0,1,18,1
0,0,17,1,2,0,0,1,8,0
0,0,77,2,2,24,0,1,11,0
0,0,16,3,0,1,0,1,53,4
0,0,44,9,3,6,0,1,6,1
0,1,14,2,2,0,0,1,30,2
0,0,33,5,2,1,0,1,21,1
1,1,123,14,12,20,0,1,10,0
0,0,5,1,0,0,0,1,3,1
1,0,43,3,2,3,0,1,34,2
0,1,30,1,5,0,0,1,31,2
0,1,6,1,1,0,0,1,15,1
0,1,9,1,2,1,0,1,9,1
0,0,70,6,8,0,0,1,6,0
1,0,14,2,2,0,0,1,5,1
1,0,35,2,9,10,0,1,6,0
0,0,89,8,12,5,0,1,3,0
1,1,8,1,1,0,0,1,3,0
0,1,21,3,3,4,0,1,16,1
0,1,18,2,2,0,0,1,5,0
0,1,14,1,3,0,0,1,7,1
1,0,79,10,5,14,0,1,31,3
1,1,18,3,1,2,0,1,23,1
0,1,22,1,4,1,0,1,8,1
0,0,16,2,3,0,0,1,24,2
1,0,36,1,4,3,0,1,10,1
0,0,16,3,0,8,0,1,8,0
1,0,58,4,13,14,0,1,8,1
0,1,8,2,0,0,0,1,7,0
1,1,8,1,0,1,0,1,4,0
0,1,26,3,7,1,0,1,11,0
0,1,6,1,1,0,0,1,20,1
1,1,55,6,3,7,0,1,11,0
1,1,31,5,3,0,0,1,12,0
1,1,99,1,14,0,0,1,5,1
0,0,24,7,1,0,0,1,31,3
1,0,20,3,1,0,0,1,38,2
0,0,92,10,6,2,0,1,19,0
1,0,43,3,0,2,0,1,3,1
0,0,15,3,1,1,0,1,12,1
0,0,45,2,3,0,0,1,31,1
1,1,31,1,5,0,0,1,6,1
0,0,13,2,1,2,0,1,14,0
1,0,33,5,1,2,0,1,15,2
1,1,45,8,1,7,0,1,42,1
0,0,68,6,6,1,0,1,72,1
0,1,32,3,4,2,0,1,16,1
1,1,18,3,1,0,0,1,15,2
0,1,37,5,0,3,0,1,11,1
1,1,13,1,1,0,0,1,5,1
0,0,20,2,1,0,0,1,29,3
1,1,26,3,2,3,0,1,12,0
0,1,53,9,1,6,0,1,9,1
0,0,91,7,9,4,0,1,19,1
0,0,15,3,0,0,0,1,10,1
0,0,5,2,0,0,0,1,12,3
0,0,40,4,2,2,0,1,24,1
1,1,32,2,1,1,0,1,18,1
1,1,21,2,1,0,0,1,29,1
0,0,10,1,1,0,0,1,4,0
1,0,138,7,13,13,0,1,11,0
0,0,12,1,2,0,0,1,13,0
0,0,17,2,3,0,0,1,45,2
1,0,12,1,2,0,0,1,13,1
1,1,117,9,8,15,0,1,40,3
1,0,141,14,12,22,0,1,38,4
1,1,25,3,2,1,0,1,11,1
0,0,11,2,0,3,0,1,47,6
0,1,33,4,2,1,0,1,11,0
0,0,10,1,0,2,0,1,9,1
1,0,66,8,7,1,0,1,5,0
1,1,48,8,8,6,0,1,17,1
1,0,122,13,8,15,0,1,4,0
0,0,21,4,0,0,0,1,27,1
1,0,20,2,0,1,0,1,9,1
1,1,21,4,1,0,0,1,10,0
0,0,13,1,1,0,0,1,8,2
1,0,40,4,9,1,0,1,6,0
0,1,11,2,0,0,0,1,13,1
0,0,24,3,4,2,0,1,8,1
1,0,12,1,1,0,0,1,9,1
1,0,76,8,9,6,0,1,11,1
1,1,59,3,3,11,0,1,52,2
0,0,6,1,1,0,0,1,8,0
0,0,10,1,1,0,0,1,20,3
0,0,24,3,1,1,0,1,7,1
1,0,23,7,1,5,0,1,7,0
1,0,72,7,3,0,0,1,11,1
0,0,80,6,8,13,0,1,5,0
1,0,101,7,4,6,0,1,11,1
1,1,17,3,1,0,0,1,16,0
1,1,40,4,1,2,0,1,26,1
0,1,14,2,1,1,0,1,18,2
0,0,33,3,2,4,0,1,10,2
0,1,21,3,2,0,0,1,5,2
1,1,84,4,12,12,0,1,8,3
1,0,15,2,1,0,0,1,10,1
0,0,14,2,1,3,0,1,11,1
0,0,37,2,12,1,0,1,13,3
1,1,29,2,6,0,0,1,6,0
0,1,19,3,1,1,0,1,17,0
0,0,60,5,4,12,0,1,25,0
0,0,22,4,0,3,0,1,7,1
0,0,32,5,2,6,0,1,12,1
0,0,19,4,0,7,0,1,13,0
0,0,31,4,3,0,0,1,8,1
0,0,42,4,4,8,0,1,18,2
1,0,33,2,5,4,0,1,12,1
0,1,49,3,5,8,0,1,8,1
1,1,13,1,2,0,0,1,11,0
0,1,25,2,1,2,0,1,9,2
1,1,27,2,1,1,0,1,4,1
0,1,29,4,3,1,0,1,7,0
1,1,37,3,5,1,0,1,14,0
0,0,105,4,12,22,0,1,9,1
1,0,57,5,4,12,0,1,4,1
0,0,44,4,6,5,0,1,21,1
0,1,48,4,6,0,0,1,86,5
1,1,31,2,4,6,0,1,7,1
0,0,13,2,1,1,0,1,4,0
1,1,61,3,8,1,0,1,22,4
0,1,10,1,1,0,0,1,7,1
0,0,16,3,2,0,0,1,3,0
1,0,39,2,6,6,0,1,4,1
0,0,80,11,2,2,0,1,17,0
0,1,22,2,1,2,0,1,5,0
0,1,8,1,0,0,0,1,8,1
1,1,112,17,7,0,0,1,8,0
0,0,28,2,3,5,0,1,49,6
0,0,15,1,2,3,0,1,8,0
1,0,34,6,2,2,0,1,10,1
1,0,21,3,2,1,0,1,41,0
0,0,19,1,1,9,0,1,5,0
0,0,6,1,1,0,0,1,6,0
0,1,10,1,2,0,0,1,17,1
0,1,25,3,3,0,0,1,5,0
0,0,16,2,1,2,0,1,9,0
0,1,20,1,6,0,0,1,11,0
0,1,16,2,2,1,0,1,8,1
1,0,118,13,4,10,0,1,1,0
0,0,21,2,2,0,0,1,5,1
0,0,92,3,10,21,0,1,4,1
0,1,97,3,9,0,0,1,59,2
0,0,34,4,2,1,0,1,6,1
1,0,49,7,2,2,0,1,9,1
0,1,13,2,1,1,0,1,8,1
1,0,39,3,2,2,0,1,15,2
1,0,35,4,0,1,0,1,10,1
1,1,76,9,4,4,0,1,56,2
0,1,11,2,0,0,0,1,16,1
1,0,34,6,1,3,0,1,12,1
0,1,10,1,1,0,0,1,3,0
1,1,33,3,2,7,0,1,16,1
0,1,10,2,3,1,0,1,16,0
0,0,23,1,5,0,0,1,8,1
0,0,27,4,1,6,0,1,9,1
0,0,25,2,1,1,0,1,6,0
0,1,10,1,0,0,0,1,13,1
1,0,149,16,8,0,0,1,6,1
0,0,13,1,1,0,0,1,7,0
0,1,29,3,1,1,0,1,4,0
1,1,109,13,5,4,0,1,8,1
0,0,8,1,0,1,0,1,13,0
0,1,15,3,1,1,0,1,13,0
1,0,23,2,3,10,0,1,2,0
0,0,56,4,5,2,0,1,22,2
1,0,11,1,1,0,0,1,7,1
0,0,42,4,5,8,0,1,6,0
0,1,13,2,0,0,0,1,5,0
0,0,41,3,5,0,0,1,28,0
1,0,7,2,1,0,0,1,9,1
0,1,21,3,0,1,0,1,3,0
0,0,19,2,3,0,0,1,14,1
1,0,61,4,9,10,0,1,10,1
1,1,59,5,6,0,0,1,6,1
1,1,31,2,6,2,0,1,22,2
1,0,13,2,1,0,0,1,11,1
1,0,17,1,3,4,0,1,10,0
0,1,91,4,11,16,0,1,20,2
1,1,63,9,9,5,0,1,14,0
1,1,82,6,9,13,0,1,22,2
1,1,10,2,1,1,0,1,20,1
1,0,18,2,1,1,0,1,31,1
1,0,49,2,7,2,0,1,14,2
1,1,15,2,0,0,0,1,7,0
1,1,63,5,5,3,0,1,7,0
0,1,16,2,2,0,0,1,8,1
1,1,11,2,1,0,0,1,10,0
0,1,18,2,3,0,0,1,6,0
0,0,15,1,2,0,0,1,17,1
0,0,20,1,4,0,0,1,14,1
1,1,72,6,9,6,0,1,17,1
0,1,21,1,3,1,0,1,8,0
0,1,27,2,3,0,0,1,6,1
0,0,12,1,0,1,0,1,9,1
0,1,15,2,1,0,0,1,7,0
1,0,61,8,6,13,0,1,9,1
1,0,70,11,4,6,0,1,9,1
0,1,79,5,11,0,0,1,3,1
0,0,40,2,4,0,0,1,6,1
0,0,36,1,1,0,0,1,9,1
1,0,119,3,9,23,0,1,8,1
0,0,18,3,2,0,0,1,8,0
1,0,32,5,1,0,0,1,23,2
1,1,109,8,7,10,0,1,26,3
1,1,39,4,2,5,0,1,8,1
1,1,37,4,4,0,0,1,12,1
0,0,40,1,6,0,0,1,10,1
1,0,42,1,7,0,0,1,12,1
1,1,41,3,7,0,0,1,7,1
0,1,14,2,3,2,0,1,24,1
0,0,119,10,14,13,0,1,5,1
0,0,14,1,1,2,0,1,10,0
1,0,36,7,2,0,0,1,12,1
0,1,13,1,1,0,0,1,25,1
1,1,57,5,5,0,0,1,5,1
0,1,42,5,4,1,0,1,33,2
0,0,19,2,2,2,0,1,5,0
0,1,24,2,3,0,0,1,23,2
0,0,23,2,1,0,0,1,75,0
1,1,28,3,2,1,0,1,17,0
0,1,25,2,2,2,0,1,10,1
0,0,17,2,1,0,0,1,5,0
1,1,128,9,8,34,0,1,3,0
1,1,12,3,1,0,0,1,10,1
1,1,52,6,1,6,0,1,6,1
0,0,84,5,8,1,0,1,8,1
0,1,26,3,3,2,0,1,26,2
0,0,46,2,5,2,0,1,8,1
1,0,20,3,1,0,0,1,8,0
0,0,22,2,4,0,0,1,8,1
0,1,18,2,1,1,0,1,8,1
0,1,9,2,0,0,0,1,10,1
0,1,17,1,3,1,0,1,6,1
1,0,55,5,6,4,0,1,13,1
0,1,12,2,1,0,0,1,18,2
0,1,19,2,2,2,0,1,12,0
1,1,31,1,1,0,0,1,9,1
0,0,63,3,10,8,0,1,45,3
0,0,10,2,0,0,0,1,6,1
1,0,20,2,3,2,0,1,4,0
0,0,34,3,2,2,0,1,3,0
1,1,15,3,0,0,0,1,16,1
1,1,76,6,14,6,0,1,18,1
1,0,94,14,5,4,0,1,40,2
0,0,57,2,9,2,0,1,8,0
0,1,8,1,1,0,0,1,11,1
0,0,49,6,8,5,0,1,9,1
1,1,68,11,5,2,0,1,12,1
1,0,16,2,2,0,0,1,25,1
0,1,12,2,2,0,0,1,11,1
1,0,47,8,2,5,0,1,20,2
0,1,8,1,0,0,0,1,35,2
1,0,58,1,3,2,0,1,7,0
0,0,12,1,1,2,0,1,12,1
0,0,14,2,0,0,0,1,13,0
1,1,28,5,1,0,0,1,12,3
0,0,50,1,10,0,0,1,11,1
1,1,77,5,8,15,0,1,12,1
0,0,21,2,3,3,0,1,19,2
1,0,14,2,1,0,0,1,7,0
0,0,44,7,1,1,0,1,54,4
1,0,85,6,10,1,0,1,15,0
1,0,61,9,5,3,0,1,18,1
0,1,14,2,1,0,0,1,16,1
0,1,16,3,1,0,0,1,13,1
0,1,18,2,1,0,0,1,9,0
1,1,42,3,3,3,0,1,47,3
0,0,9,2,0,0,0,1,13,1
1,1,54,5,11,0,0,1,19,2
0,0,9,1,0,0,0,1,18,0
0,0,14,2,1,1,0,1,9,1
1,1,10,1,0,1,0,1,8,1
1,1,56,7,4,5,0,1,4,1
1,1,22,3,1,1,0,1,10,1
0,1,30,6,1,0,0,1,6,1
0,0,97,1,4,1,0,1,7,0
1,0,11,1,2,0,0,1,10,1
1,1,71,6,5,12,0,1,6,0
0,1,108,6,5,6,0,1,7,1
1,1,15,2,1,2,0,1,20,1
0,0,12,2,1,0,0,1,19,1
0,1,42,3,5,4,0,1,8,0
0,1,9,1,0,0,0,1,24,1
0,1,5,1,0,0,0,1,4,1
1,1,71,8,5,7,0,1,16,2
0,0,52,8,5,1,0,1,23,1
0,0,8,1,0,0,0,1,5,1
0,1,23,3,2,2,0,1,10,1
0,1,32,4,2,0,0,1,9,0
0,0,42,3,7,10,0,1,58,6
0,0,20,1,0,0,0,1,1,1
1,1,13,1,4,1,0,1,11,1
0,0,24,2,2,4,0,1,10,0
1,1,10,1,1,3,0,1,11,1
1,1,30,1,4,0,0,1,19,3
1,1,44,3,3,3,0,1,8,1
1,0,60,4,5,10,0,1,6,0
0,0,35,5,1,2,0,1,9,1
1,1,17,2,2,0,0,1,43,6
1,0,15,3,0,0,0,1,18,1
0,1,27,6,1,2,0,1,36,1
0,1,70,5,2,11,0,1,7,1
1,1,76,8,6,9,0,1,10,0
0,0,22,3,2,0,0,1,11,1
1,0,12,2,1,0,0,1,2,0
1,1,12,1,2,3,0,1,4,1
1,0,74,8,5,0,0,1,8,1
0,0,21,2,2,3,0,1,52,5
1,0,7,1,0,0,0,1,9,1
0,0,9,2,1,1,0,1,9,1
0,0,45,3,5,3,0,1,48,4
1,0,20,4,2,0,0,1,6,0
1,1,15,2,1,0,0,1,12,1
0,1,30,4,0,1,0,1,8,1
0,0,21,2,4,0,0,1,3,1
0,1,31,3,5,1,0,1,8,0
0,1,12,1,1,0,0,1,2,0
1,1,7,1,0,0,0,1,5,0
1,0,12,2,0,2,0,1,4,1
0,0,17,4,0,0,0,1,11,1
0,0,14,2,1,0,0,1,37,5
1,0,47,8,1,1,0,1,35,0
1,0,73,1,2,2,0,1,8,0
0,0,9,2,0,0,0,1,27,6
0,1,23,2,3,1,0,1,5,1
1,1,24,2,1,1,0,1,7,1
0,1,6,1,0,1,0,1,5,1
1,1,45,3,8,10,0,1,40,4
0,0,15,1,2,1,0,1,5,1
0,0,91,11,3,8,0,1,15,1
1,1,10,1,4,1,0,1,3,0
0,1,34,3,1,0,0,1,23,2
0,1,10,1,0,1,0,1,3,0
0,1,57,8,4,0,0,1,29,1
0,0,25,5,2,0,0,1,8,1
1,1,79,12,9,3,0,1,1,0
0,1,50,4,3,7,0,1,40,2
0,0,79,5,6,6,0,1,9,0
0,0,18,2,1,3,0,1,7,0
0,1,18,3,0,1,0,1,7,1
0,1,13,2,2,1,0,1,3,0
1,1,38,2,3,2,0,1,6,0
0,0,18,1,0,3,0,1,42,4
1,0,21,4,3,0,0,1,9,0
0,0,70,11,6,3,0,1,13,1
0,0,16,2,1,2,0,1,29,3
1,1,106,11,11,14,0,1,10,0
1,1,10,2,2,1,0,1,27,3
0,0,21,1,0,7,0,1,50,0
0,0,11,1,1,0,0,1,10,1
1,1,50,3,13,1,0,1,6,0
0,0,34,4,3,3,0,1,6,1
0,1,42,4,5,2,0,1,22,2
0,0,33,5,1,0,0,1,35,1
1,0,67,8,5,3,0,1,7,0
0,0,18,3,2,0,0,1,8,1
1,1,8,1,1,1,0,1,5,0
1,0,8,2,0,0,0,1,9,0
1,1,23,1,6,4,0,1,33,0
1,1,51,2,6,10,0,1,15,3
0,0,40,4,5,0,0,1,5,0
0,0,10,1,1,0,0,1,15,2
0,0,51,4,2,3,0,1,11,1
0,0,10,1,3,2,0,1,5,0
0,1,15,2,1,3,0,1,5,0
0,0,55,9,4,3,0,1,4,1
1,1,23,2,2,4,0,1,8,1
1,0,121,9,8,8,0,1,3,1
1,0,8,1,0,0,0,1,21,1
0,0,7,1,1,0,0,1,9,1
0,1,8,1,3,0,0,1,6,1
0,1,12,1,2,1,0,1,11,1
1,1,43,5,5,7,0,1,5,1
1,1,10,1,0,0,0,1,17,0
0,1,36,2,10,1,0,1,7,1
0,1,37,3,8,5,0,1,11,1
1,1,8,1,3,0,0,1,7,1
0,1,43,3,5,0,0,1,32,2
0,1,19,2,1,3,0,1,10,0
0,0,20,3,3,0,0,1,13,1
1,0,53,6,3,9,0,1,14,0
0,0,32,3,6,2,0,1,6,1
1,0,19,3,0,0,0,1,6,1
1,1,28,2,5,3,0,1,4,0
1,0,127,5,9,4,0,1,12,0
0,1,8,1,1,1,0,1,4,0
1,1,48,7,2,3,0,1,12,0
0,0,103,9,18,3,0,1,79,1
0,0,20,3,1,0,0,1,7,0
0,1,24,4,1,0,0,1,16,0
1,1,32,1,5,0,0,1,5,0
1,0,24,5,1,5,0,1,20,2
1,1,92,9,9,2,0,1,4,1
0,0,7,1,0,0,0,1,10,1
0,1,12,1,1,1,0,1,4,0
1,1,10,1,3,0,0,1,7,0
1,1,60,3,8,2,0,1,14,1
1,1,67,7,4,5,0,1,20,2
1,1,26,3,1,1,0,1,5,1
0,0,52,3,3,2,0,1,41,2
0,1,22,2,2,0,0,1,9,1
1,1,16,4,0,0,0,1,22,1
0,0,32,4,1,1,0,1,13,1
1,1,38,4,2,0,0,1,9,1
1,1,18,3,1,0,0,1,17,2
1,0,29,6,2,1,0,1,7,0
1,1,23,5,0,0,0,1,10,0
0,1,39,5,2,4,0,1,11,1
0,0,10,2,0,0,0,1,7,0
1,1,54,10,2,0,0,1,1,0
1,0,32,6,1,0,0,1,5,1
0,1,20,1,1,3,0,1,32,2
0,0,77,9,10,14,0,1,8,0
0,1,16,1,2,0,0,1,12,1
0,0,29,2,3,3,0,1,7,1
1,0,117,11,14,10,0,1,7,0
0,1,21,3,2,0,0,1,31,3
1,0,16,4,1,1,0,1,3,1
1,0,27,1,6,3,0,1,5,1
1,1,12,3,0,0,0,1,3,0
0,1,24,4,2,2,0,1,8,0
0,1,31,3,2,0,0,1,17,0
0,1,39,5,4,1,0,1,10,1
1,0,66,7,5,15,0,1,6,1
1,0,21,3,2,1,0,1,7,0
1,1,92,7,8,26,0,1,10,1
0,1,10,1,3,0,0,1,53,1
0,0,30,1,4,2,0,1,13,2
0,0,44,4,3,3,0,1,8,1
0,1,12,1,2,0,0,1,34,0
1,0,20,3,2,0,0,1,25,1
0,1,10,1,2,0,0,1,4,1
0,1,18,1,1,1,0,1,8,1
1,1,34,3,2,3,0,1,22,0
0,1,5,1,0,0,0,1,18,3
1,0,179,1,9,10,0,1,8,0
1,1,32,1,4,0,0,1,13,1
1,1,24,4,0,2,0,1,16,0
0,1,12,1,4,1,0,1,8,1
1,0,30,2,2,0,0,1,9,0
0,0,31,3,5,1,0,1,14,2
1,0,38,5,6,15,0,1,8,1
0,0,28,4,5,0,0,1,6,0
0,1,38,5,4,0,0,1,22,2
0,1,35,4,2,6,0,1,7,1
0,0,10,1,1,0,0,1,18,1
1,1,26,4,3,1,0,1,14,2
1,0,100,8,7,2,0,1,33,3
1,1,118,12,3,5,0,1,24,2
1,1,41,3,7,5,0,1,19,1
0,0,123,14,10,13,0,1,10,1
0,1,24,3,2,2,0,1,43,2
1,0,15,2,0,0,0,1,6,1
0,1,89,5,8,29,0,1,8,0
0,0,27,4,1,1,0,1,17,1
0,1,21,2,4,0,0,1,56,4
1,0,107,9,8,4,0,1,5,1
1,1,13,2,1,2,0,1,10,1
1,1,35,2,3,1,0,1,6,0
1,0,40,4,5,4,0,1,9,1
1,0,23,2,0,1,0,1,5,0
0,0,51,3,8,0,0,1,15,1
0,1,32,5,5,0,0,1,11,1
1,1,19,3,1,0,0,1,12,1
1,1,14,2,3,0,0,1,48,1
0,1,62,7,12,13,0,1,16,1
0,0,10,1,4,0,0,1,4,0
0,1,20,3,3,0,0,1,22,1
0,0,21,4,1,0,0,1,7,1
1,1,133,15,11,12,0,1,8,0
1,1,41,6,4,2,0,1,10,1
1,1,31,3,2,3,0,1,38,4
0,0,51,3,6,0,0,1,10,0
0,0,27,4,2,0,0,1,24,2
1,1,72,6,1,6,0,1,7,1
0,1,16,1,3,3,0,1,11,1
0,0,37,3,4,2,0,1,12,2
1,1,13,1,2,1,0,1,15,1
0,1,39,4,2,18,0,1,70,7
0,0,143,7,20,9,0,1,11,0
0,0,12,2,2,1,0,1,9,1
0,1,22,2,1,2,0,1,46,3
0,0,75,6,6,3,0,1,4,1
1,1,121,14,8,9,0,1,10,1
0,0,31,2,8,4,0,1,4,1
1,0,149,14,9,5,0,1,13,1
1,0,47,3,5,7,0,1,7,1
0,0,20,4,1,0,0,1,9,1
1,0,59,3,6,8,0,1,8,0
0,0,18,2,2,0,0,1,9,1
0,0,23,7,0,0,0,1,9,0
0,1,13,2,1,0,0,1,14,1
0,0,37,5,2,8,0,1,9,1
1,0,13,2,2,1,0,1,9,1
0,0,18,1,4,0,0,1,20,2
1,1,57,4,7,0,0,1,13,1
0,0,23,5,2,1,0,1,17,1
0,0,18,1,6,0,0,1,22,1
0,1,59,1,8,12,0,1,8,1
1,1,46,1,5,0,0,1,22,4
0,0,17,3,0,0,0,1,12,2
1,0,57,10,2,0,0,1,9,1
0,0,9,1,2,2,0,1,26,2
1,1,24,5,0,2,0,1,11,0
1,0,69,8,5,2,0,1,5,1
0,0,18,1,2,1,0,1,16,1
0,0,95,9,12,5,0,1,8,1
0,1,28,3,2,0,0,1,18,0
1,1,26,2,4,6,0,1,18,1
1,1,9,1,0,0,0,1,10,1
0,0,33,2,6,0,0,1,8,0
1,1,64,8,4,1,0,1,11,1
0,0,23,4,3,0,0,1,11,2
1,1,63,6,3,0,0,1,24,1
1,0,45,7,7,3,0,1,11,1
1,1,44,1,7,3,0,1,13,1
1,1,10,1,0,0,0,1,18,1
1,0,30,1,3,2,0,1,70,5
0,1,63,3,4,8,0,1,7,0
1,1,19,3,2,0,0,1,9,1
1,1,73,7,7,2,0,1,14,0
1,1,30,6,0,1,0,1,12,0
0,0,9,1,1,0,0,1,12,1
0,0,18,3,2,0,0,1,33,2
0,1,20,2,3,0,0,1,10,0
0,0,50,7,4,1,0,1,26,3
1,1,94,2,22,9,0,1,7,1
1,0,92,11,11,2,0,1,3,1
0,1,55,5,3,3,0,1,5,1
0,0,24,1,3,0,0,1,9,1
0,1,34,3,4,10,0,1,26,4
0,1,12,2,1,0,0,1,4,0
0,1,34,2,11,5,0,1,33,2
0,1,32,3,6,4,0,1,11,0
0,0,38,4,8,3,0,1,71,5
0,1,16,2,1,0,0,1,11,1
1,1,31,3,1,7,0,1,11,1
0,0,18,2,2,2,0,1,6,1
1,1,30,2,8,2,0,1,9,1
1,1,46,1,10,2,0,1,13,1
0,0,14,1,3,0,0,1,5,1
0,1,27,3,3,1,0,1,5,1
0,1,115,3,14,0,0,1,75,3
0,0,71,2,6,12,0,1,6,0
1,0,8,1,1,0,0,1,7,1
1,1,10,1,0,1,0,1,4,0
0,0,84,7,9,3,0,1,6,1
0,1,22,1,2,2,0,1,10,1
1,1,26,4,2,0,0,1,9,1
0,0,28,3,2,1,0,1,11,1
1,1,29,3,2,1,0,1,6,1
0,0,41,3,1,2,0,1,40,1
1,0,10,1,2,0,0,1,9,1
1,1,79,7,7,11,0,1,8,1
0,0,26,1,7,4,0,1,10,1
0,1,11,1,2,0,0,1,22,2
1,1,29,4,1,0,0,1,12,1
1,1,90,10,5,9,0,1,8,1
0,0,30,3,4,2,0,1,10,3
0,0,25,3,1,0,0,1,12,1
0,1,22,2,3,0,0,1,10,1
0,1,71,7,9,5,0,1,35,2
0,0,88,4,6,13,0,1,14,1
1,0,19,2,0,2,0,1,25,1
1,1,8,2,0,1,0,1,17,1
0,0,11,1,3,0,0,1,14,1
0,0,21,4,3,0,0,1,18,0
1,1,30,6,1,0,0,1,27,2
1,1,37,3,4,6,0,1,7,0
0,1,43,2,7,1,0,1,7,0
0,1,51,4,8,5,0,1,5,0
0,0,22,1,0,2,0,1,16,1
0,1,26,1,8,4,0,1,8,1
0,0,14,2,2,0,0,1,5,1
1,0,15,2,2,0,0,1,67,5
1,0,21,2,1,8,0,1,10,0
0,1,26,4,1,1,0,1,18,1
0,1,46,5,4,0,0,1,4,0
1,0,26,2,5,2,0,1,2,0
0,0,35,1,4,0,0,1,11,1
0,1,54,6,0,4,0,1,8,0
0,1,7,1,1,0,0,1,4,1
0,0,14,1,1,4,0,1,6,2
0,0,27,1,2,0,0,1,14,1
0,0,31,2,5,8,0,1,12,1
0,0,39,2,1,10,0,1,18,1
0,1,15,2,4,0,0,1,14,2
0,1,45,7,4,0,0,1,62,5
1,0,88,15,5,0,0,1,7,0
0,1,20,1,3,1,0,1,33,3
0,1,28,3,4,0,0,1,25,0
0,1,21,3,0,1,0,1,8,1
0,0,13,1,0,0,0,1,27,2
1,1,31,1,4,9,0,1,12,1
1,0,9,1,2,0,0,1,7,0
1,0,116,7,11,8,0,1,17,1
1,1,10,2,0,0,0,1,8,1
1,0,119,16,7,7,0,1,14,1
1,1,7,1,0,1,0,1,18,1
0,1,24,3,5,1,0,1,49,5
0,0,41,4,6,2,0,1,3,1
0,0,11,2,2,1,0,1,6,0
0,1,19,1,4,2,0,1,4,1
0,1,27,2,3,0,0,1,48,3
0,0,16,2,2,1,0,1,7,0
0,1,20,1,4,5,0,1,15,2
1,1,19,1,3,4,0,1,7,1
0,0,11,1,2,0,0,1,35,1
0,0,14,3,1,0,0,1,24,1
0,0,54,5,7,13,0,1,8,1
0,1,28,2,6,2,0,1,5,1
0,0,102,8,5,8,0,1,52,7
0,1,15,1,6,1,0,1,15,0
0,0,42,8,1,5,0,1,6,0
1,1,20,2,3,0,0,1,7,0
1,0,29,4,2,0,0,1,26,2
0,1,82,4,5,3,0,1,10,0
1,0,49,6,4,1,0,1,13,0
1,0,12,2,0,0,0,1,13,1
1,1,55,5,2,5,0,1,32,2
1,0,113,13,11,1,0,1,9,1
1,1,24,2,1,2,0,1,48,3
0,1,17,2,3,0,0,1,10,1
1,0,61,7,4,3,0,1,7,1
1,0,28,3,3,0,0,1,9,1
1,0,59,8,5,1,0,1,8,1
0,0,26,3,3,4,0,1,15,2
0,1,8,2,0,0,0,1,6,1
0,1,49,5,3,7,0,1,11,1
0,0,67,11,5,5,0,1,7,1
1,1,109,1,20,2,0,1,6,0
0,1,68,5,5,5,0,1,25,2
0,1,11,1,0,1,0,1,4,1
0,0,27,2,3,0,0,1,57,0
0,1,65,5,7,0,0,1,22,2
1,1,53,4,5,6,0,1,58,6
1,0,43,4,5,9,0,1,9,0
0,1,30,2,3,2,0,1,15,1
0,0,12,1,1,3,0,1,14,0
0,0,20,3,1,1,0,1,13,1
0,0,20,2,2,2,0,1,15,1
0,1,13,2,1,1,0,1,10,0
0,1,38,1,2,0,0,1,53,4
0,1,55,5,4,14,0,1,8,0
1,0,135,9,17,17,0,1,5,1
0,1,19,3,0,2,0,1,28,1
1,1,10,1,2,0,0,1,16,1
0,0,16,2,1,2,0,1,11,1
0,0,31,2,2,1,0,1,4,0
0,1,12,1,3,0,0,1,9,1
0,1,25,1,5,0,0,1,66,3
1,0,126,11,10,14,0,1,14,1
1,0,14,1,1,1,0,1,7,0
0,1,14,3,1,4,0,1,7,0
1,0,51,5,2,12,0,1,9,3
0,1,10,2,0,0,0,1,6,1
1,1,84,6,8,5,0,1,6,1
1,0,139,15,8,6,0,1,8,1
1,1,45,4,1,2,0,1,21,1
0,0,27,2,0,2,0,1,9,1
0,0,18,3,1,0,0,1,5,0
1,0,142,16,13,9,0,1,3,0
0,1,44,5,5,2,0,1,14,0
1,0,14,4,1,0,0,1,11,1
0,0,29,3,1,1,0,1,8,1
0,1,12,1,1,0,0,1,18,3
1,1,109,8,17,5,0,1,30,2
1,1,25,3,3,0,0,1,13,1
0,0,24,4,2,4,0,1,7,1
1,0,10,1,2,0,0,1,6,1
0,1,16,1,4,0,0,1,8,1
1,1,39,3,3,2,0,1,12,0
0,1,44,2,8,7,0,1,13,2
1,1,7,1,3,0,0,1,10,1
1,1,32,3,2,4,0,1,1,0
0,1,28,1,7,2,0,1,12,1
0,0,8,1,1,0,0,1,8,0
0,0,23,4,0,0,0,1,2,0
0,0,29,2,6,9,0,1,8,3
1,1,10,1,2,0,0,1,5,1
0,1,37,3,4,9,0,1,8,1
1,1,19,1,4,7,0,1,12,0
0,0,104,7,5,2,0,1,13,1
1,1,20,1,2,2,0,1,5,1
0,1,45,3,5,5,0,1,7,1
1,1,27,3,5,0,0,1,7,1
0,1,16,1,3,0,0,1,17,2
0,0,7,1,2,1,0,1,10,1
1,1,23,4,2,1,0,1,10,1
1,1,14,1,4,1,0,1,7,1
0,1,16,1,2,0,0,1,3,1
1,1,11,2,0,0,0,1,1,1
1,1,8,1,0,0,0,1,10,1
0,1,9,1,1,0,0,1,73,4
0,0,48,4,5,0,0,1,9,0
1,1,34,4,4,1,0,1,10,1
1,0,64,9,6,0,0,1,12,0
0,1,15,1,3,0,0,1,6,1
0,1,21,2,2,2,0,1,11,1
1,1,11,1,2,0,0,1,7,0
1,1,42,3,8,6,0,1,5,0
0,0,40,4,9,0,0,1,7,1
0,1,56,10,1,9,0,1,26,2
1,1,39,3,1,3,0,1,15,1
0,1,49,4,9,0,0,1,49,2
1,1,115,4,9,6,0,1,47,7
0,0,9,1,3,1,0,1,14,1
0,0,23,2,4,2,0,1,18,1
1,0,50,3,4,2,0,1,9,1
0,0,19,1,2,0,0,1,19,1
0,0,9,1,2,0,0,1,6,0
0,1,12,3,1,0,0,1,11,1
1,0,41,7,4,4,0,1,9,0
0,1,10,1,2,2,0,1,29,1
1,1,15,2,0,1,0,1,6,1
0,0,45,2,3,2,0,1,46,1
0,1,97,10,10,2,0,1,7,1
1,1,13,2,1,1,0,1,8,0
0,1,30,2,6,0,0,1,37,2
1,0,12,2,0,0,0,1,12,1
1,1,7,1,0,0,0,1,36,4
1,1,37,2,8,2,0,1,9,1
1,0,80,4,4,9,0,1,15,1
0,0,9,1,1,0,0,1,9,0
0,1,33,1,7,1,0,1,9,0
1,1,19,3,2,0,0,1,22,1
0,1,17,1,11,0,0,1,9,1
0,0,20,1,1,0,0,1,10,0
1,1,93,6,9,13,0,1,6,0
0,0,14,2,1,0,0,1,5,0
0,0,18,1,5,1,0,1,5,1
0,0,30,2,6,2,0,1,4,0
1,0,7,1,2,0,0,1,19,2
1,0,65,3,4,10,0,1,10,0
0,0,12,2,0,0,0,1,8,1
0,0,17,2,0,1,0,1,27,3
0,0,15,3,2,0,0,1,45,3
0,1,13,2,0,0,0,1,18,2
1,0,115,11,10,0,0,1,5,0
0,1,107,1,7,0,0,1,41,2
0,0,89,2,17,0,0,1,26,1
0,0,58,7,8,4,0,1,11,1
0,0,67,1,14,7,0,1,10,1
1,1,44,3,4,0,0,1,5,1
1,1,44,3,8,0,0,1,17,3
0,1,19,1,4,0,0,1,10,1
1,1,31,5,3,1,0,1,23,3
1,0,83,9,2,9,0,1,5,1
1,0,110,9,9,21,0,1,12,0
1,0,113,13,7,19,0,1,11,1
1,1,54,7,4,6,0,1,4,1
1,0,28,5,3,0,0,1,11,1
0,1,13,1,1,4,0,1,10,0
1,1,58,6,10,4,0,1,33,1
1,0,91,9,6,12,0,1,13,1
1,1,68,4,12,1,0,1,31,3
0,1,13,1,1,2,0,1,2,1
0,0,30,1,3,0,0,1,7,0
1,0,47,2,7,3,0,1,5,0
0,1,66,3,6,2,0,1,20,2
1,0,9,1,1,1,0,1,7,1
0,0,12,2,0,0,0,1,7,0
0,1,70,4,8,15,0,1,4,1
0,0,19,3,2,1,0,1,8,1
0,1,19,1,5,1,0,1,16,2
1,1,10,2,0,0,0,1,12,1
1,0,40,4,4,2,0,1,5,0
1,1,18,2,1,0,0,1,39,2
1,0,46,6,5,9,0,1,11,1
1,0,110,13,9,11,0,1,7,1
1,1,34,5,3,0,0,1,7,1
1,1,27,3,2,3,0,1,9,1
0,0,74,9,6,0,0,1,10,0
0,0,58,6,5,3,0,1,37,4
1,0,55,5,7,1,0,1,10,1
1,1,52,5,5,1,0,1,16,2
0,1,39,3,2,4,0,1,15,1
1,0,116,11,7,13,0,1,10,0
1,0,9,1,3,0,0,1,3,0
0,1,31,4,2,3,0,1,20,1
0,0,7,1,0,0,0,1,13,1
1,0,46,3,3,6,0,1,5,0
0,1,31,4,2,2,0,1,20,1
0,0,76,5,5,5,0,1,56,2
1,1,18,2,1,1,0,1,12,1
0,1,44,3,4,3,0,1,3,0
1,0,31,3,3,0,0,1,12,0
0,0,22,3,3,3,0,1,29,2
1,1,37,4,2,10,0,1,11,1
0,0,75,6,14,9,0,1,11,0
1,1,9,1,0,2,0,1,8,1
0,0,62,4,12,11,0,1,6,1
1,1,83,10,4,12,0,1,8,1
1,0,33,3,4,3,0,1,9,1
1,1,9,1,0,0,0,1,6,1
0,0,105,1,7,8,0,1,7,0
1,1,26,3,3,7,0,1,9,1
0,1,58,5,2,2,0,1,11,0
0,1,16,2,2,2,0,1,9,0
1,0,22,3,2,2,0,1,14,1
1,0,12,1,1,1,0,1,9,2
1,1,34,5,2,0,0,1,12,1
1,1,29,4,10,2,0,1,28,3
0,1,21,2,4,1,0,1,17,1
0,0,21,4,0,3,0,1,41,3
0,1,28,4,5,3,0,1,10,1
1,0,13,1,1,0,0,1,10,1
1,1,25,1,4,3,0,1,4,1
1,1,11,1,0,0,0,1,9,1
1,0,13,1,2,4,0,1,18,0
1,1,28,4,2,2,0,1,5,0
1,1,52,3,5,8,0,1,11,1
1,0,33,4,1,1,0,1,19,1
0,0,73,6,12,11,0,1,11,1
1,0,20,2,1,7,0,1,10,1
0,0,43,5,3,1,0,1,11,1
1,0,26,3,3,1,0,1,22,0
0,1,24,4,2,3,0,1,33,2
1,1,11,2,3,0,0,1,7,1
0,1,32,1,14,4,0,1,6,1
0,1,14,1,4,0,0,1,3,0
1,0,72,3,6,13,0,1,4,1
0,1,11,1,0,0,0,1,9,0
0,1,14,3,0,0,0,1,46,2
1,0,72,9,5,3,0,1,8,1
0,0,12,2,2,0,0,1,15,1
1,1,131,14,11,14,0,1,13,1
0,0,19,1,0,4,0,1,8,1
1,1,58,2,4,0,0,1,7,1
1,0,13,1,3,2,0,1,19,0
0,1,19,3,2,0,0,1,8,1
1,0,51,4,5,1,0,1,17,1
1,1,26,2,6,4,0,1,6,1
0,1,44,4,5,10,0,1,9,0
1,0,39,2,2,1,0,1,18,1
1,1,33,1,2,4,0,1,50,3
1,1,53,5,7,2,0,1,6,1
1,0,38,5,1,5,0,1,36,2
0,0,18,2,2,5,0,1,19,2
0,0,30,2,8,0,0,1,45,2
1,0,46,5,2,2,0,1,7,0
1,1,19,3,0,4,0,1,6,0
0,0,32,3,2,5,0,1,10,1
0,1,33,4,3,0,0,1,13,1
0,1,24,3,3,0,0,1,13,1
1,0,18,1,2,0,0,1,11,1
1,1,40,7,1,3,0,1,7,1
1,0,77,3,14,3,0,1,9,0
0,0,31,4,1,1,0,1,4,0
0,0,43,5,5,0,0,1,8,0
0,1,14,1,3,2,0,1,6,0
1,1,18,3,1,3,0,1,5,0
0,0,9,1,0,1,0,1,7,1
1,0,144,19,8,8,0,1,45,2
0,1,10,1,2,0,0,1,18,1
0,1,18,2,2,3,0,1,11,1
1,0,69,7,4,1,0,1,22,1
1,1,59,4,6,1,0,1,11,1
0,0,37,7,1,1,0,1,11,1
0,0,33,2,3,6,0,1,19,1
0,1,31,3,2,0,0,1,13,0
0,1,9,1,3,0,0,1,48,3
1,0,56,11,0,1,0,1,10,1
0,0,41,2,4,1,0,1,26,2
0,0,11,1,2,0,0,1,1,0
0,1,32,3,4,0,0,1,6,0
1,1,45,4,4,4,0,1,9,0
1,0,27,3,0,1,0,1,5,1
0,0,42,5,3,4,0,1,14,1
0,0,101,10,12,0,0,1,15,1
1,1,107,13,7,2,0,1,37,0
1,0,37,4,4,3,0,1,10,1
0,0,46,1,0,0,0,1,8,0
1,0,51,4,9,2,0,1,6,1
0,1,46,7,2,6,0,1,4,1
0,1,42,5,4,0,0,1,21,0
0,0,19,1,1,0,0,1,33,2
1,0,23,2,2,5,0,1,14,0
1,0,110,5,10,10,0,1,6,1
0,0,11,2,2,0,0,1,13,0
1,0,115,6,9,0,0,1,9,1
1,0,76,8,1,33,0,1,7,1
1,0,28,4,2,0,0,1,11,2
0,1,32,3,4,4,0,1,8,1
1,1,47,7,6,0,0,1,10,0
1,0,110,6,12,1,0,1,22,2
0,1,71,7,10,1,0,1,17,1
1,1,19,4,1,0,0,1,8,1
0,0,41,4,1,5,0,1,12,1
1,1,51,2,3,4,0,1,16,1
0,1,40,1,10,1,0,1,7,1
1,1,20,2,5,2,0,1,4,0
0,1,27,4,7,0,0,1,7,0
0,1,9,1,0,0,0,1,6,1
0,0,7,1,0,0,0,1,30,3
1,0,34,5,4,5,0,1,62,10
1,1,21,3,2,2,0,1,4,0
0,0,15,2,2,0,0,1,22,2
0,1,11,1,2,0,0,1,33,2
1,0,74,3,7,10,0,1,11,1
0,0,8,1,0,0,0,1,10,1
0,0,10,2,0,0,0,1,12,1
1,0,44,4,5,5,0,1,11,1
1,0,97,15,9,3,0,1,8,1
0,1,15,1,1,0,0,1,13,0
1,1,41,2,4,3,0,1,9,1
0,0,22,2,0,0,0,1,8,1
0,0,42,3,2,0,0,1,6,0
0,0,10,2,0,0,0,1,27,2
1,1,96,5,3,6,0,1,21,0
1,0,111,10,11,11,0,1,12,0
1,0,20,2,1,0,0,1,13,2
1,1,52,7,4,1,0,1,10,1
0,0,34,1,6,7,0,1,12,1
1,1,8,1,0,0,0,1,37,3
0,1,57,1,6,0,0,1,17,0
1,0,36,4,3,5,0,1,11,1
1,0,103,11,2,3,0,1,10,0
0,1,11,2,1,0,0,1,14,1
1,0,122,14,8,35,0,1,12,0
1,1,10,2,0,2,0,1,5,1
0,0,38,7,3,1,0,1,5,0
0,1,46,1,8,0,0,1,4,1
0,1,25,4,1,1,0,1,9,0
0,0,46,7,4,2,0,1,17,1
1,1,85,7,6,19,0,1,14,0
0,1,7,1,0,0,0,1,16,1
1,0,125,15,6,1,0,1,9,0
1,1,16,1,1,0,0,1,7,1
0,1,12,2,3,1,0,1,10,1
0,1,15,3,3,0,0,1,7,1
0,1,10,2,0,0,0,1,23,0
1,1,94,7,14,4,0,1,10,1
1,1,16,2,2,0,0,1,8,1
0,0,33,2,1,0,0,1,31,1
1,0,113,2,17,14,0,1,26,2
0,0,44,6,2,2,0,1,15,1
0,0,15,2,1,0,0,1,22,1
1,1,72,6,2,19,0,1,7,1
1,0,66,6,7,2,0,1,11,1
1,1,48,1,1,3,0,1,7,0
1,0,43,3,5,3,0,1,9,0
0,0,84,7,8,4,0,1,6,1
0,0,37,2,3,0,0,1,8,1
1,0,167,6,7,0,0,1,78,2
0,1,17,3,2,0,0,1,13,0
1,1,42,4,3,13,0,1,15,0
0,0,28,3,4,0,0,1,10,0
1,1,135,14,7,0,0,1,44,2
1,1,14,1,2,1,0,1,22,1
1,1,72,3,13,1,0,1,12,1
0,1,30,3,2,2,0,1,6,0
0,0,21,2,3,0,0,1,17,2
0,0,10,1,1,0,0,1,6,0
1,1,39,4,3,10,0,1,31,1
0,1,50,1,20,6,0,1,39,1
1,1,35,3,2,1,0,1,6,0
0,0,14,4,3,3,0,1,14,1
0,1,22,2,2,1,0,1,19,2
1,0,23,4,2,0,0,1,18,2
1,1,45,6,4,2,0,1,24,2
0,1,32,1,1,2,0,1,7,0
0,0,62,1,1,0,0,1,7,0
0,0,40,6,6,0,0,1,17,2
1,0,13,2,1,0,0,1,11,1
1,0,24,4,2,1,0,1,7,1
0,0,26,1,3,0,0,1,50,2
0,1,10,1,2,1,0,1,18,0
0,1,13,1,1,0,0,1,7,0
0,0,14,2,0,0,0,1,14,1
0,0,35,4,4,0,0,1,8,1
0,1,19,2,1,2,0,1,44,3
0,1,30,2,8,0,0,1,8,0
0,0,37,3,3,7,0,1,6,0
0,0,22,3,1,0,0,1,8,1
0,1,23,3,5,0,0,1,11,1
0,0,18,3,4,0,0,1,33,2
1,1,25,2,4,1,0,1,25,1
1,1,79,5,12,5,0,1,9,2
0,1,13,1,3,3,0,1,17,1
0,1,25,3,4,4,0,1,6,0
0,1,28,3,2,2,0,1,7,1
0,0,19,2,1,2,0,1,11,1
0,1,10,1,5,4,0,1,17,0
1,1,48,1,8,0,0,1,10,1
1,0,14,2,1,0,0,1,9,1
1,0,62,6,6,11,0,1,12,0
0,1,30,2,5,1,0,1,6,0
1,1,53,6,2,15,0,1,6,0
1,0,95,11,5,3,0,1,7,1
0,1,38,2,3,2,0,1,7,1
1,0,17,3,1,0,0,1,9,1
0,0,15,3,0,1,0,1,19,1
0,0,43,2,3,4,0,1,51,1
1,0,92,11,3,27,0,1,6,1
0,1,39,4,2,0,0,1,28,2
1,0,19,3,2,0,0,1,7,0
0,0,36,4,3,7,0,1,20,3
0,0,35,2,6,3,0,1,43,2
0,0,13,1,1,0,0,1,7,1
0,0,45,5,4,6,0,1,14,1
0,1,16,1,0,5,0,1,5,2
1,0,25,3,1,1,0,1,10,0
1,1,24,3,2,4,0,1,5,0
1,1,66,2,9,6,0,1,52,2
1,0,54,9,4,4,0,1,9,1
1,1,97,12,7,0,0,1,17,0
0,0,36,6,2,5,0,1,41,6
1,1,26,4,1,3,0,1,12,1
0,0,10,1,3,0,0,1,6,1
1,0,49,6,4,9,0,1,22,1
1,0,63,4,10,4,0,1,11,0
1,1,11,1,0,0,0,1,20,2
0,0,44,5,4,0,0,1,5,1
0,1,18,1,3,0,0,1,68,3
0,0,15,1,2,0,0,1,16,1
0,0,99,7,5,3,0,1,9,0
1,0,19,3,1,0,0,1,12,1
0,0,65,5,10,1,0,1,2,0
0,0,30,3,6,1,0,1,8,0
1,0,41,3,5,3,0,1,8,1
0,0,111,14,7,2,0,1,8,1
0,0,41,4,4,0,0,1,17,1
1,1,57,8,6,2,0,1,8,1
0,0,19,2,4,4,0,1,61,4
1,1,43,5,6,4,0,1,7,0
1,1,18,3,1,4,0,1,4,0
0,1,19,2,1,2,0,1,12,0
0,0,29,3,4,2,0,1,12,1
1,0,103,15,11,17,0,1,15,1
1,1,7,1,0,0,0,1,6,0
1,0,12,2,0,0,0,1,13,0
1,1,35,4,5,8,0,1,8,0
1,1,25,2,1,1,0,1,10,1
1,0,89,5,8,5,0,1,8,1
1,1,29,2,2,2,0,1,11,1
0,0,72,7,5,15,0,1,4,0
0,1,21,2,4,1,0,1,4,1
1,0,13,1,2,0,0,1,5,1
0,0,49,4,8,6,0,1,18,1
0,1,23,6,0,2,0,1,4,0
1,1,42,4,2,3,0,1,9,1
1,1,19,1,2,8,0,1,7,0
0,1,21,4,4,2,0,1,47,4
1,0,44,4,2,8,0,1,4,1
0,0,33,3,0,3,0,1,20,1
1,1,10,1,2,1,0,1,11,1
0,1,8,1,0,0,0,1,27,1
0,0,20,3,2,1,0,1,19,0
0,1,27,3,1,2,0,1,9,1
1,1,13,1,1,0,0,1,9,0
0,0,29,1,2,7,0,1,6,0
1,0,135,9,8,3,0,1,9,1
0,1,39,6,3,4,0,1,18,0
0,0,10,1,2,0,0,1,13,1
0,0,22,3,3,4,0,1,24,2
0,0,39,5,3,1,0,1,12,1
0,1,40,3,6,10,0,1,7,1
0,1,13,2,0,0,0,1,8,0
1,1,53,6,2,3,0,1,1,0
1,1,21,3,2,0,0,1,7,1
1,1,27,4,3,1,0,1,23,0
1,1,20,1,2,2,0,1,11,1
1,1,30,2,3,0,0,1,9,0
0,0,26,3,2,4,0,1,6,1
0,0,24,4,2,1,0,1,9,1
0,1,20,3,1,1,0,1,15,1
1,1,30,6,1,1,0,1,8,0
0,0,18,2,1,2,0,1,6,0
1,1,13,2,1,0,0,1,2,0
0,1,14,1,1,0,0,1,16,1
0,1,30,2,5,0,0,1,24,0
1,1,86,10,7,0,0,1,8,1
0,1,10,1,1,0,0,1,20,2
1,1,64,6,6,4,0,1,16,0
0,0,13,2,0,0,0,1,18,1
0,0,31,3,1,5,0,1,7,0
0,1,26,2,3,4,0,1,67,6
0,1,62,10,6,1,0,1,10,1
1,1,10,1,0,0,0,1,8,0
1,1,15,2,1,0,0,1,13,0
0,0,20,3,1,2,0,1,24,1
0,1,71,5,6,7,0,1,25,0
0,1,34,3,5,3,0,1,24,0
1,0,27,4,0,4,0,1,31,2
1,1,45,5,4,3,0,1,8,0
0,1,20,3,1,1,0,1,7,0
1,1,106,13,9,16,0,1,3,0
0,1,42,2,8,5,0,1,8,1
1,1,6,1,0,0,0,1,36,1
0,0,17,1,4,0,0,1,9,0
1,0,20,3,1,2,0,1,9,1
0,1,53,10,4,0,0,1,6,1
0,0,24,2,4,0,0,1,8,1
0,0,39,3,5,0,0,1,8,0
0,0,11,2,0,0,0,1,6,0
0,1,36,4,3,2,0,1,10,0
1,1,15,1,2,0,0,1,21,1
1,0,23,3,4,0,0,1,19,2
1,0,40,1,7,0,0,1,6,0
1,0,82,9,4,8,0,1,5,1
1,1,15,1,0,1,0,1,15,1
1,1,34,3,4,1,0,1,14,1
0,0,31,3,3,6,0,1,11,1
0,0,35,3,7,6,0,1,5,0
1,1,49,9,5,0,0,1,7,0
1,1,54,5,10,11,0,1,15,2
1,1,40,3,4,3,0,1,29,2
1,0,34,1,5,0,0,1,5,1
1,1,48,5,3,4,0,1,10,1
1,0,29,2,4,8,0,1,4,1
0,0,21,1,4,0,0,1,4,0
0,1,32,3,5,1,0,1,6,0
1,1,15,1,2,0,0,1,10,1
1,1,23,3,1,1,0,1,21,1
1,0,25,5,0,0,0,1,12,1
0,1,7,2,0,1,0,1,4,0
1,1,31,3,2,1,0,1,23,1
0,0,53,6,3,1,0,1,8,0
1,0,35,2,7,5,0,1,12,1
0,1,15,3,0,0,0,1,5,0
0,1,33,2,4,3,0,1,6,1
1,1,23,2,3,0,0,1,13,0
0,0,71,9,8,2,0,1,20,1
0,1,9,1,2,2,0,1,8,1
0,0,10,3,0,0,0,1,14,2
0,1,25,1,3,0,0,1,48,0
0,1,22,4,0,1,0,1,10,1
0,0,13,2,1,1,0,1,11,1
1,0,96,15,7,4,0,1,5,0
1,0,42,6,2,12,0,1,6,1
0,1,42,6,4,3,0,1,17,0
0,1,27,3,0,2,0,1,12,0
0,0,22,3,2,5,0,1,8,1
1,0,45,5,5,1,0,1,24,1
1,0,32,2,5,2,0,1,6,1
1,1,49,5,7,6,0,1,6,1
0,0,25,2,3,2,0,1,10,1
0,1,48,3,7,5,0,1,7,1
0,0,19,2,3,1,0,1,8,1
0,0,15,1,1,0,0,1,10,1
0,1,9,1,1,0,0,1,16,2
0,1,11,1,2,0,0,1,3,1
1,1,35,3,2,4,0,1,18,1
0,1,26,2,3,1,0,1,8,1
1,1,105,6,9,13,0,1,7,1
0,1,12,2,2,0,0,1,14,1
1,0,75,4,20,5,0,1,7,1
0,0,14,1,5,0,0,1,20,0
0,1,38,5,0,2,0,1,11,1
0,0,39,2,5,11,0,1,4,1
1,0,112,9,8,29,0,1,7,0
1,1,37,5,2,5,0,1,11,0
0,0,84,9,8,0,0,1,37,2
0,0,19,1,3,0,0,1,12,0
1,1,27,4,2,0,0,1,46,2
1,1,33,2,4,1,0,1,10,1
0,1,17,1,2,0,0,1,11,0
1,1,98,5,4,23,0,1,10,2
1,1,72,12,4,3,0,1,15,2
1,1,68,6,6,17,0,1,42,2
1,1,28,1,9,0,0,1,5,0
1,0,70,8,11,1,0,1,13,1
1,1,26,2,3,2,0,1,11,2
0,1,34,2,2,19,0,1,21,2
1,1,39,7,3,4,0,1,7,1
1,0,35,4,4,4,0,1,7,1
1,0,25,5,1,0,0,1,5,0
0,0,17,1,3,0,0,1,11,1
1,0,13,3,0,1,0,1,9,1
0,0,51,7,3,5,0,1,9,1
0,1,11,2,1,0,0,1,3,0
1,1,26,1,4,0,0,1,8,1
0,0,12,1,2,0,0,1,17,3
0,1,91,6,10,0,0,1,37,2
0,0,72,7,2,9,0,1,9,1
0,1,30,3,4,7,0,1,4,0
0,1,10,1,0,0,0,1,17,0
0,1,23,2,2,0,0,1,6,1
1,0,52,9,3,8,0,1,8,1
1,1,145,8,0,7,0,1,11,1
1,0,19,2,2,0,0,1,21,0
1,1,124,10,11,18,0,1,7,0
1,1,41,2,6,0,0,1,14,1
0,1,7,1,3,0,0,1,41,1
0,0,47,2,14,0,0,1,11,1
1,0,40,1,8,4,0,1,10,1
1,1,4,1,0,3,0,1,2,0
0,0,14,3,1,0,0,1,5,0
0,0,98,13,2,3,0,1,48,4
0,0,17,2,1,0,0,1,9,1
0,1,22,3,1,1,0,1,19,6
0,1,48,2,7,5,0,1,24,1
1,0,16,2,2,0,0,1,4,0
1,1,62,2,9,11,0,1,8,2
0,0,82,11,10,6,0,1,6,1
1,1,48,5,4,1,0,1,9,1
0,1,30,4,3,5,0,1,16,2
0,1,50,6,5,3,0,1,8,1
1,1,47,6,3,3,0,1,10,0
0,0,19,2,1,0,0,1,8,0
0,1,20,2,2,1,0,1,5,0
1,0,90,1,7,39,0,1,5,1
0,0,27,4,2,2,0,1,7,0
1,1,73,4,4,14,0,1,8,1
1,1,35,5,0,1,0,1,25,2
0,0,17,1,2,0,0,1,8,1
0,1,7,1,2,0,0,1,9,1
0,1,45,4,2,5,0,1,11,1
0,0,8,1,0,0,0,1,10,1
1,1,13,2,0,1,0,1,7,0
1,1,10,2,0,0,0,1,12,1
0,0,43,4,2,3,0,1,14,1
0,0,20,2,3,0,0,1,11,1
0,0,23,2,5,1,0,1,8,1
0,1,17,2,2,3,0,1,17,1
0,0,16,1,2,2,0,1,13,1
0,0,87,6,1,5,0,1,19,1
1,0,30,1,7,0,0,1,13,0
0,0,9,2,0,0,0,1,10,0
1,1,29,3,0,1,0,1,19,0
0,0,22,3,2,1,0,1,12,2
0,0,44,3,5,0,0,1,6,0
1,1,36,3,6,1,0,1,37,4
1,1,108,9,15,9,0,1,15,1
1,1,79,4,5,16,0,1,28,1
1,0,103,7,17,15,0,1,4,0
0,1,37,4,4,0,0,1,7,1
0,0,19,1,2,4,0,1,6,1
1,1,7,1,1,2,0,1,8,0
0,0,11,1,4,0,0,1,5,1
0,1,11,1,2,0,0,1,31,0
1,0,62,8,3,12,0,1,11,0
0,0,21,3,3,2,0,1,14,1
0,0,36,1,5,0,0,1,9,1
1,1,64,5,4,15,0,1,39,2
0,1,14,2,0,0,0,1,9,1
1,1,18,2,2,0,0,1,10,1
1,1,15,2,0,0,0,1,15,1
0,0,34,2,6,8,0,1,8,1
0,0,12,1,3,0,0,1,7,0
0,0,19,3,1,2,0,1,9,1
0,0,85,8,11,7,0,1,37,2
0,0,65,8,8,5,0,1,34,3
1,0,21,2,3,2,0,1,9,1
1,0,20,2,2,2,0,1,9,1
1,1,45,3,2,2,0,1,5,1
0,1,23,1,4,0,0,1,8,1
0,0,10,2,1,0,0,1,7,0
1,0,21,2,4,0,0,1,5,1
0,1,39,3,3,6,0,1,8,0
0,1,16,3,1,0,0,1,9,1
0,0,18,1,6,0,0,1,10,0
0,1,19,3,2,1,0,1,19,0
0,0,51,4,1,5,0,1,25,1
0,1,28,3,4,1,0,1,7,1
1,1,16,2,1,2,0,1,2,0
0,0,51,3,4,5,0,1,12,2
1,0,100,10,6,8,0,1,12,0
1,1,30,4,4,0,0,1,24,1
0,0,6,1,2,0,0,1,10,0
0,0,50,7,7,9,0,1,4,0
0,0,19,3,0,0,0,1,10,1
1,1,52,2,8,5,0,1,13,1
1,0,56,8,7,2,0,1,3,1
0,0,13,1,3,0,0,1,13,1
0,1,53,5,3,3,0,1,5,0
0,0,63,8,5,6,0,1,15,0
1,0,26,1,5,0,0,1,20,1
1,1,56,4,9,7,0,1,6,1
0,0,39,3,6,3,0,1,11,0
0,0,62,2,1,0,0,1,10,1
0,0,24,3,5,0,0,1,6,1
1,1,106,8,7,6,0,1,12,1
0,0,26,2,6,4,0,1,5,1
0,0,33,5,4,1,0,1,10,0
1,0,52,3,0,1,0,1,10,1
1,0,81,11,4,1,0,1,44,6
0,1,10,1,1,1,0,1,9,1
0,0,34,6,2,1,0,1,5,1
1,0,16,1,2,2,0,1,4,1
1,0,97,8,7,5,0,1,15,1
0,0,25,5,1,0,0,1,12,0
1,0,44,2,4,0,0,1,14,0
1,0,35,3,3,1,0,1,11,1
0,1,41,1,11,8,0,1,26,3
0,0,11,1,3,0,0,1,5,0
1,0,22,4,1,1,0,1,23,2
0,0,16,2,1,4,0,1,12,0
1,0,7,1,3,0,0,1,9,1
0,1,45,3,5,4,0,1,2,0
0,0,78,10,6,2,0,1,8,1
1,1,15,1,2,0,0,1,8,1
1,0,25,2,1,4,0,1,10,0
1,1,10,2,2,2,0,1,6,1
1,0,37,2,3,2,0,1,19,1
0,1,14,2,1,1,0,1,20,1
0,1,22,1,4,0,0,1,24,3
0,0,16,2,0,3,0,1,13,1
0,1,49,3,13,0,0,1,13,1
0,1,11,1,3,1,0,1,8,1
0,0,24,3,3,3,0,1,13,1
0,0,26,3,3,5,0,1,9,3
1,0,55,6,2,2,0,1,7,1
1,1,87,4,6,2,0,1,6,0
1,1,19,2,3,0,0,1,18,0
1,1,44,3,3,1,0,1,54,4
1,1,67,1,15,1,0,1,15,1
0,0,11,1,2,5,0,1,12,0
1,0,182,15,6,17,0,1,4,1
1,1,21,3,3,0,0,1,43,3
0,1,18,1,2,2,0,1,3,1
1,1,25,2,0,0,0,1,5,0
1,1,17,1,2,0,0,1,4,0
0,0,17,1,1,4,0,1,7,1
1,1,91,4,9,13,0,1,8,1
0,1,33,2,3,3,0,1,8,1
1,1,132,15,4,9,0,1,16,1
0,1,5,1,0,0,0,1,5,1
1,1,24,1,5,2,0,1,15,1
0,0,44,5,4,0,0,1,10,1
1,0,77,5,3,4,0,1,14,0
0,1,17,3,0,0,0,1,5,1
1,0,39,4,4,0,0,1,5,1
0,1,35,6,3,0,0,1,18,1
1,1,27,2,3,0,0,1,13,2
0,1,11,2,0,0,0,1,10,1
0,0,131,3,11,8,0,1,6,1
0,0,17,1,3,0,0,1,8,1
1,0,117,5,7,20,0,1,11,0
0,0,133,10,14,13,0,1,9,1
1,1,22,2,1,2,0,1,10,1
1,1,17,1,3,1,0,1,9,0
0,0,18,3,0,0,0,1,21,1
1,1,27,3,1,10,0,1,27,3
1,0,72,4,3,4,0,1,9,1
0,0,26,3,5,4,0,1,16,1
1,1,18,2,3,1,0,1,6,0
0,1,18,1,1,0,0,1,16,1
1,1,14,2,1,1,0,1,12,1
0,1,37,1,1,1,0,1,8,0
1,1,99,2,11,36,0,1,9,0
0,1,67,5,5,4,0,1,35,3
0,1,120,7,9,32,0,1,2,0
1,0,17,1,5,0,0,1,4,0
1,0,123,11,9,14,0,1,5,1
0,1,15,3,0,0,0,1,12,1
0,0,8,2,0,0,0,1,10,1
1,0,111,7,11,2,0,1,17,0
1,1,26,2,10,2,0,1,8,1
0,1,23,1,5,0,0,1,42,0
0,0,13,1,2,0,0,1,9,0
0,1,13,1,5,0,0,1,11,1
0,1,40,5,2,4,0,1,9,0
0,0,36,4,5,7,0,1,4,1
1,1,22,4,1,0,0,1,19,2
0,1,28,1,3,1,0,1,14,1
1,0,18,2,1,1,0,1,8,1
0,0,21,2,4,0,0,1,7,0
1,0,60,5,4,3,0,1,30,1
1,1,31,6,1,2,0,1,34,0
1,1,66,4,11,8,0,1,9,1
1,1,19,2,1,1,0,1,15,2
0,1,9,2,0,0,0,1,4,1
1,1,22,4,2,0,0,1,34,3
0,1,25,1,8,0,0,1,11,0
1,1,51,7,3,6,0,1,29,2
1,1,9,1,0,0,0,1,8,1
1,1,48,4,6,4,0,1,8,1
0,1,16,2,2,1,0,1,6,0
1,1,52,5,1,14,0,1,3,0
0,0,16,1,1,3,0,1,13,0
1,1,33,4,2,1,0,1,13,1
1,1,18,3,2,1,0,1,15,1
1,1,12,1,2,1,0,1,9,1
1,1,53,7,3,0,0,1,17,1
1,1,43,8,1,3,0,1,19,1
0,0,56,2,8,0,0,1,34,2
0,0,8,1,2,0,0,1,16,4
0,0,52,3,2,10,0,1,9,1
0,0,23,3,1,2,0,1,23,3
1,1,41,5,4,2,0,1,12,1
1,1,19,2,1,6,0,1,17,1
0,0,15,1,2,3,0,1,15,1
0,1,28,2,6,2,0,1,5,1
1,0,23,2,4,2,0,1,4,1
0,0,26,5,3,2,0,1,10,1
1,1,27,2,1,1,0,1,30,2
1,1,32,2,6,4,0,1,8,3
0,0,19,2,2,0,0,1,13,1
0,0,39,1,1,0,0,1,6,0
1,0,43,5,3,5,0,1,13,0
0,0,38,4,7,4,0,1,8,1
0,1,11,1,1,0,0,1,6,1
0,0,74,5,10,0,0,1,10,0
0,0,12,2,3,0,0,1,4,1
0,0,20,4,1,0,0,1,10,0
0,0,22,2,1,2,0,1,5,0
0,0,22,2,1,0,0,1,5,1
0,1,14,1,4,0,0,1,9,1
0,0,15,1,2,2,0,1,9,0
1,0,24,2,5,0,0,1,8,0
0,1,19,4,1,0,0,1,14,0
1,0,30,2,2,1,0,1,12,0
1,0,59,5,2,6,0,1,7,1
1,1,23,2,1,0,0,1,8,1
1,0,77,1,3,0,0,1,6,1
1,0,20,3,1,3,0,1,7,1
0,0,30,3,2,11,0,1,4,1
0,0,13,2,2,1,0,1,49,2
0,1,36,5,2,1,0,1,11,1
0,1,24,2,6,0,0,1,2,0
0,0,23,4,1,1,0,1,8,1
0,0,21,2,2,1,0,1,20,0
1,1,22,1,1,2,0,1,8,1
0,1,54,3,2,7,0,1,28,1
0,0,25,3,1,0,0,1,4,0
1,0,8,1,1,0,0,1,5,0
0,0,63,4,9,2,0,1,11,1
1,0,62,7,5,4,0,1,12,1
1,0,32,5,0,0,0,1,10,1
1,0,90,11,2,19,0,1,13,1
0,0,33,3,6,0,0,1,12,2
0,1,22,2,6,7,0,1,11,1
1,1,36,4,1,1,0,1,11,1
1,1,14,2,2,1,0,1,10,1
0,1,19,2,2,0,0,1,16,2
0,1,20,2,2,3,0,1,10,1
1,1,82,8,6,0,0,1,12,1
0,0,14,2,2,0,0,1,7,0
0,1,19,2,1,2,0,1,16,1
0,1,9,1,3,3,0,1,10,1
1,0,84,8,5,5,0,1,56,1
0,1,39,5,4,0,0,1,8,0
0,1,11,2,1,0,0,1,10,1
0,0,19,4,1,1,0,1,7,1
1,1,76,7,4,2,0,1,10,1
1,0,35,1,10,0,0,1,11,0
0,0,13,1,3,0,0,1,26,1
1,0,88,4,11,7,0,1,5,1
0,0,11,1,0,1,0,1,5,0
0,0,75,11,6,2,0,1,9,1
1,1,19,1,2,2,0,1,46,4
0,0,33,3,4,2,0,1,12,0
0,1,9,1,3,2,0,1,3,0
0,1,21,2,2,1,0,1,22,1
0,1,16,2,2,1,0,1,50,3
1,1,62,2,8,0,0,1,23,0
0,1,13,3,0,0,0,1,43,3
1,0,109,9,8,5,0,1,14,1
1,0,61,4,6,0,0,1,38,4
1,0,12,2,1,1,0,1,11,0
1,0,61,6,1,3,0,1,17,2
1,0,29,4,1,6,0,1,23,1
1,0,82,5,6,1,0,1,10,1
0,0,31,4,2,0,0,1,11,1
1,1,29,2,3,2,0,1,6,1
0,0,14,2,3,0,0,1,29,2
1,1,96,6,12,15,0,1,16,2
0,0,7,1,1,0,0,1,15,1
0,1,42,2,3,0,0,1,8,1
1,1,34,3,4,1,0,1,11,1
0,0,55,8,4,1,0,1,8,1
0,1,24,3,2,2,0,1,36,1
0,1,8,1,1,0,0,1,5,0
0,0,24,2,0,1,0,1,4,0
0,1,10,2,1,0,0,1,5,0
1,0,62,8,5,2,0,1,7,0
0,0,66,11,4,1,0,1,3,1
1,1,31,6,1,0,0,1,34,2
1,1,17,4,0,0,0,1,9,1
0,0,58,7,5,0,0,1,13,1
0,0,22,1,6,0,0,1,24,2
0,0,45,7,4,6,0,1,13,0
1,1,19,4,0,0,0,1,11,1
0,0,53,5,5,8,0,1,11,1
0,0,9,1,1,0,0,1,11,2
1,0,20,2,0,1,0,1,10,1
0,0,23,5,1,0,0,1,8,0
1,1,10,2,1,0,0,1,5,1
1,0,22,2,2,0,0,1,11,0
1,1,9,1,0,1,0,1,3,0
0,0,16,2,2,0,0,1,13,0
0,0,15,1,7,3,0,1,31,0
1,0,37,3,1,18,0,1,4,0
1,0,20,4,0,4,0,1,16,1
1,0,130,21,8,11,0,1,13,1
0,0,20,1,3,0,0,1,12,0
1,1,9,1,1,0,0,1,11,1
1,1,11,2,1,0,0,1,7,0
0,1,10,2,0,3,0,1,8,1
1,1,60,4,7,1,0,1,8,1
1,1,9,1,0,2,0,1,5,0
0,0,16,3,2,0,0,1,5,1
0,1,88,9,3,6,0,1,13,0
1,1,82,5,11,5,0,1,14,0
0,1,19,3,2,1,0,1,41,3
0,1,66,5,7,15,0,1,57,1
1,1,24,3,3,0,0,1,8,0
0,0,39,5,4,6,0,1,9,0
1,0,12,1,2,1,0,1,8,1
1,0,19,1,5,6,0,1,11,3
1,0,87,7,8,4,0,1,14,0
1,1,41,3,4,2,0,1,38,5
0,0,14,1,4,1,0,1,7,1
1,0,79,5,7,7,0,1,15,2
1,0,99,15,9,2,0,1,33,3
1,0,40,7,1,6,0,1,12,2
1,1,30,2,7,1,0,1,17,0
0,0,41,1,13,0,0,1,13,1
1,1,41,5,4,4,0,1,28,2
1,0,23,2,1,8,0,1,9,0
0,1,26,4,4,2,0,1,15,2
0,0,55,1,1,0,0,1,7,0
1,1,14,2,1,1,0,1,15,1
0,1,27,3,3,6,0,1,3,0
1,1,112,18,5,12,0,1,13,1
0,0,18,2,1,1,0,1,9,0
1,1,156,11,17,17,0,1,8,1
0,1,20,3,1,1,0,1,20,1
0,0,18,2,0,1,0,1,4,0
1,0,105,10,6,2,0,1,17,0
1,0,89,8,6,25,0,1,8,1
0,1,29,1,10,2,0,1,5,0
0,0,51,4,6,9,0,1,14,1
0,0,66,6,6,4,0,1,77,4
1,0,58,6,3,3,0,1,11,1
0,1,18,2,3,2,0,1,9,1
0,0,29,3,10,0,0,1,14,2
0,1,14,2,1,0,0,1,51,2
0,1,40,5,4,0,0,1,5,1
0,0,46,4,6,6,0,1,15,1
1,0,12,1,2,1,0,1,11,1
0,0,19,1,2,0,0,1,10,1
0,0,11,2,1,0,0,1,32,2
0,0,17,4,0,2,0,1,7,1
1,1,12,2,2,1,0,1,3,0
1,1,5,1,0,0,0,1,14,1
1,0,68,5,7,4,0,1,8,1
1,1,13,2,2,0,0,1,37,0
1,1,64,5,7,12,0,1,6,0
0,1,7,1,0,3,0,1,8,0
1,0,45,3,4,5,0,1,15,0
1,1,50,7,8,9,0,1,4,0
0,0,13,2,0,0,0,1,18,1
1,1,47,6,2,2,0,1,23,2
1,1,28,3,2,1,0,1,7,1
0,1,34,2,2,6,0,1,6,0
1,0,24,2,8,0,0,1,27,0
0,1,44,3,6,0,0,1,14,1
1,1,52,6,2,6,0,1,72,4
0,1,41,3,3,0,0,1,12,1
1,1,28,4,2,7,0,1,6,0
1,0,112,8,7,19,0,1,13,1
0,1,33,3,0,2,0,1,40,1
0,1,20,5,3,0,0,1,4,0
1,1,19,2,2,2,0,1,8,0
0,0,41,4,3,2,0,1,26,3
0,1,25,2,2,1,0,1,12,1
1,1,19,1,4,1,0,1,30,2
0,0,31,1,9,4,0,1,12,0
0,0,27,2,7,4,0,1,10,1
0,1,15,1,2,0,0,1,6,1
0,0,21,2,5,5,0,1,4,1
0,0,9,2,0,1,0,1,5,1
1,0,13,2,1,1,0,1,7,1
0,1,21,3,2,0,0,1,7,1
0,0,38,4,13,0,0,1,12,1
1,1,12,1,1,0,0,1,9,1
0,1,10,2,1,0,0,1,23,2
0,0,8,1,0,0,0,1,10,1
1,1,28,4,2,0,0,1,47,1
1,0,115,1,3,0,0,1,7,0
0,0,37,4,4,0,0,1,12,0
1,1,26,1,1,4,0,1,19,1
0,0,72,2,4,6,0,1,6,0
1,0,29,3,3,3,0,1,5,0
0,1,42,8,2,11,0,1,5,1
1,0,45,2,3,11,0,1,3,1
0,0,30,5,1,0,0,1,24,2
1,1,19,2,1,2,0,1,6,0
1,0,26,1,3,1,0,1,5,0
0,0,64,6,3,8,0,1,12,0
0,0,10,1,3,0,0,1,44,0
1,1,18,3,0,2,0,1,8,0
1,1,45,6,4,3,0,1,11,1
0,1,21,2,1,0,0,1,20,1
0,1,45,3,3,3,0,1,8,1
0,0,10,1,1,1,0,1,8,0
1,0,98,10,3,9,0,1,5,1
0,1,7,1,2,0,0,1,16,0
0,0,45,4,2,2,0,1,7,0
0,1,45,3,6,1,0,1,23,2
0,1,13,1,3,0,0,1,21,0
0,0,36,2,5,3,0,1,5,1
0,1,25,4,3,1,0,1,6,0
1,1,19,2,1,1,0,1,18,2
1,1,74,9,7,10,0,1,10,1
0,0,54,1,3,0,0,1,7,0
0,0,36,3,3,2,0,1,5,1
1,1,33,5,0,3,0,1,5,0
0,0,41,3,3,7,0,1,12,1
0,0,56,5,3,19,0,1,12,0
1,1,69,7,6,6,0,1,12,1
0,0,19,3,0,3,0,1,5,0
1,0,21,3,0,2,0,1,16,0
0,0,39,6,0,1,0,1,13,0
0,0,20,1,2,1,0,1,8,1
1,1,16,1,2,5,0,1,3,1
1,0,13,2,1,1,0,1,9,1
1,1,54,6,4,3,0,1,15,1
0,0,20,1,2,3,0,1,14,0
0,1,58,5,9,1,0,1,15,1
0,0,66,4,1,10,0,1,8,1
1,0,18,3,2,0,0,1,11,0
1,0,59,10,5,13,0,1,8,1
1,1,22,4,1,2,0,1,34,2
0,1,19,1,2,0,0,1,11,1
1,1,18,2,2,0,0,1,10,2
1,1,32,1,11,0,0,1,6,1
0,0,20,4,2,0,0,1,9,1
0,1,20,3,3,1,0,1,44,4
1,0,32,3,3,6,0,1,18,0
1,0,14,2,1,0,0,1,12,0
1,1,79,5,4,2,0,1,11,2
1,1,24,3,4,3,0,1,5,1
1,0,115,8,11,28,0,1,22,1
0,0,33,4,1,1,0,1,11,1
0,1,18,2,1,1,0,1,24,2
0,1,174,15,5,16,0,1,26,2
0,0,21,1,4,1,0,1,22,1
0,1,21,2,4,0,0,1,30,2
0,1,30,1,4,2,0,1,8,0
1,1,36,4,3,0,0,1,7,1
1,0,23,2,3,1,0,1,12,1
0,1,13,1,2,0,0,1,10,1
0,0,26,4,0,0,0,1,5,0
0,1,24,1,1,8,0,1,14,2
1,1,54,3,11,0,0,1,5,1
1,0,33,2,3,2,0,1,17,1
0,0,26,2,2,7,0,1,12,0
0,0,30,3,3,9,0,1,5,0
0,1,48,3,8,3,0,1,9,1
0,1,28,1,7,0,0,1,13,1
0,1,29,5,2,2,0,1,10,1
1,0,50,8,4,0,0,1,10,1
0,1,7,1,1,0,0,1,13,1
0,1,15,1,4,4,0,1,10,1
0,1,24,2,3,2,0,1,26,2
1,1,57,1,2,1,0,1,8,0
0,0,17,3,1,0,0,1,9,0
0,0,81,8,2,10,0,1,21,2
0,1,34,4,0,1,0,1,40,0
0,1,43,5,10,2,0,1,49,3
0,0,23,2,3,1,0,1,6,0
0,0,17,2,1,0,0,1,13,1
0,0,16,1,2,2,0,1,5,0
1,1,89,1,15,18,0,1,11,1
1,1,23,1,4,0,0,1,7,1
1,0,44,7,3,0,0,1,5,0
1,0,41,3,6,1,0,1,9,3
0,1,16,3,1,3,0,1,9,0
1,1,44,2,11,1,0,1,2,0
1,0,35,2,3,8,0,1,12,0
1,1,113,3,12,13,0,1,10,2
1,1,30,1,3,0,0,1,21,0
1,1,15,2,0,1,0,1,24,2
0,0,118,4,8,1,0,1,6,0
0,1,10,2,1,0,0,1,8,1
0,0,9,1,2,0,0,1,13,2
1,1,89,9,8,0,0,1,10,1
1,1,83,13,6,3,0,1,12,2
0,0,25,5,2,0,0,1,14,1
0,0,37,2,9,1,0,1,14,0
1,0,28,2,3,0,0,1,20,2
0,0,45,5,11,2,0,1,11,2
0,0,13,2,0,0,0,1,10,1
0,1,13,1,6,4,0,1,14,1
0,0,10,1,2,1,0,1,15,1
1,1,45,2,6,8,0,1,9,1
1,1,11,1,1,1,0,1,8,1
0,1,5,1,0,0,0,1,15,1
0,0,17,2,1,0,0,1,13,0
0,1,63,5,9,2,0,1,5,1
0,0,13,2,1,1,0,1,16,2
1,1,13,2,1,1,0,1,5,1
1,0,42,3,5,0,0,1,50,3
0,0,57,4,13,5,0,1,7,1
0,1,28,4,2,4,0,1,11,1
1,1,19,2,4,0,0,1,7,1
1,1,16,1,1,0,0,1,4,1
1,1,121,10,16,3,0,1,13,1
1,1,66,12,1,10,0,1,8,1
0,1,33,3,4,0,0,1,8,1
0,1,23,1,3,0,0,1,9,1
1,0,28,2,3,1,0,1,10,0
0,0,73,6,4,1,0,1,22,1
0,1,18,3,0,0,0,1,10,0
0,1,20,3,0,0,0,1,21,2
0,0,18,2,1,3,0,1,6,0
1,1,42,5,3,0,0,1,11,1
0,0,11,1,0,1,0,1,7,2
1,1,17,3,0,1,0,1,10,1
0,0,68,8,4,3,0,1,15,1
0,0,119,9,17,10,0,1,8,1
0,0,103,14,5,7,0,1,31,0
0,0,20,2,4,0,0,1,14,1
1,1,21,3,1,3,0,1,18,0
1,0,44,6,3,5,0,1,13,1
1,1,58,5,3,2,0,1,10,1
0,0,17,2,0,1,0,1,8,1
0,1,8,1,2,0,0,1,4,1
0,1,9,2,1,0,0,1,10,1
1,0,106,13,7,44,0,1,5,0
0,1,10,1,1,2,0,1,11,1
0,0,107,8,7,2,0,1,8,1
0,0,33,3,2,3,0,1,25,2
1,1,72,4,2,6,0,1,9,2
0,0,80,4,4,12,0,1,10,1
0,0,4,1,1,0,0,1,23,2
0,1,9,1,0,0,0,1,8,0
1,1,51,5,7,4,0,1,36,1
0,1,8,1,1,0,0,1,9,1
1,0,55,5,7,1,0,1,19,1
0,1,36,5,3,0,0,1,63,3
0,1,14,1,3,2,0,1,11,1
1,1,22,1,3,0,0,1,16,0
1,1,73,12,3,0,0,1,3,1
0,1,24,6,2,0,0,1,54,4
0,0,45,5,7,0,0,1,3,0
0,0,60,2,9,1,0,1,9,1
0,0,12,1,1,1,0,1,17,2
0,1,25,3,3,1,0,1,9,1
1,0,19,2,0,0,0,1,16,1
1,0,11,2,1,0,0,1,10,1
0,0,53,5,3,7,0,1,31,3
0,0,51,10,1,0,0,1,58,3
0,0,85,9,15,4,0,1,12,1
1,1,26,3,3,0,0,1,5,0
1,1,48,1,3,1,0,1,8,0
1,1,29,5,0,2,0,1,14,1
1,1,55,3,10,3,0,1,8,1
0,0,33,1,0,0,0,1,7,0
1,1,31,2,2,1,0,1,18,1
1,0,15,3,1,0,0,1,10,1
0,1,10,2,1,0,0,1,2,0
1,0,32,4,3,0,0,1,11,1
0,0,36,2,5,4,0,1,16,4
1,1,48,8,2,2,0,1,12,0
1,1,38,2,11,2,0,1,7,1
0,1,10,1,1,0,0,1,9,1
1,1,74,8,11,2,0,1,13,1
1,0,14,2,1,0,0,1,7,1
0,0,23,2,3,0,0,1,6,1
0,1,15,2,2,3,0,1,4,1
1,0,16,2,2,0,0,1,15,1
1,1,67,5,6,1,0,1,10,1
0,1,14,1,2,2,0,1,34,1
0,1,6,1,0,2,0,1,8,0
1,0,90,9,15,5,0,1,14,0
0,0,54,10,2,4,0,1,17,1
1,0,61,1,6,2,0,1,6,0
1,1,15,2,2,0,0,1,2,1
1,0,15,2,0,1,0,1,7,1
1,1,14,1,2,1,0,1,10,1
0,1,21,2,0,2,0,1,4,0
1,1,71,6,9,20,0,1,8,0
1,0,19,2,1,1,0,1,9,1
0,0,26,1,2,0,0,1,23,0
1,1,30,3,2,2,0,1,13,0
1,0,29,3,4,0,0,1,10,1
0,0,34,1,4,4,0,1,12,0
0,0,26,1,3,1,0,1,31,0
1,1,36,5,2,4,0,1,12,1
1,1,20,3,5,1,0,1,12,1
0,1,18,5,1,0,0,1,10,1
1,0,88,18,5,0,0,1,11,1
0,1,112,2,10,29,0,1,16,1
0,0,16,3,1,0,0,1,8,1
1,1,86,12,7,6,0,1,20,0
1,0,31,4,4,0,0,1,17,0
1,1,24,4,2,0,0,1,22,3
1,1,4,1,1,0,0,1,12,1
0,0,36,3,5,8,0,1,7,0
1,1,17,3,1,2,0,1,11,1
1,0,31,3,4,0,0,1,9,1
1,0,35,4,3,0,0,1,25,3
0,0,28,1,4,5,0,1,10,1
0,0,11,1,2,2,0,1,12,1
1,0,54,3,5,1,0,1,10,1
0,1,39,2,5,0,0,1,11,0
0,0,18,1,8,0,0,1,21,2
0,1,38,5,3,3,0,1,13,0
1,1,34,5,3,0,0,1,6,0
1,1,22,2,1,2,0,1,44,3
0,0,18,2,3,2,0,1,6,1
1,1,40,4,6,1,0,1,34,2
0,0,13,1,3,2,0,1,14,1
0,1,12,2,0,0,0,1,45,1
1,0,117,8,14,10,0,1,7,1
0,0,51,8,7,0,0,1,10,1
1,0,44,5,1,13,0,1,16,0
0,0,41,1,6,1,0,1,12,1
1,1,9,1,2,0,0,1,23,4
0,0,28,6,2,0,0,1,13,1
0,1,11,1,4,0,0,1,14,0
0,0,14,2,3,1,0,1,5,1
0,0,27,3,2,1,0,1,7,0
1,1,33,2,7,0,0,1,13,1
1,0,142,14,15,12,0,1,23,2
1,1,31,3,2,3,0,1,13,1
0,0,10,1,1,1,0,1,17,1
0,0,38,5,5,2,0,1,8,0
1,1,37,3,5,2,0,1,19,0
1,0,54,2,7,8,0,1,4,0
0,0,51,3,9,1,0,1,23,2
0,0,11,2,1,0,0,1,5,1
1,1,8,1,1,0,0,1,12,1
1,0,100,8,0,19,0,1,9,1
0,0,72,6,2,2,0,1,11,1
0,0,7,1,0,0,0,1,11,1
0,0,20,1,5,0,0,1,12,1
0,1,48,6,6,0,0,1,5,1
0,0,24,2,1,7,0,1,9,1
0,1,12,1,2,0,0,1,34,2
0,0,35,4,4,1,0,1,7,1
0,0,22,3,1,2,0,1,5,0
0,0,17,2,1,0,0,1,23,2
1,0,26,2,6,7,0,1,67,9
1,0,31,5,2,3,0,1,8,1
0,0,13,2,1,0,0,1,9,1
0,0,36,1,8,9,0,1,3,0
0,1,54,3,4,3,0,1,8,0
1,1,19,2,2,1,0,1,5,1
1,1,113,10,6,14,0,1,18,0
0,0,9,1,1,0,0,1,4,0
0,0,11,1,3,0,0,1,7,0
0,0,112,9,5,3,0,1,11,0
0,1,65,6,6,1,0,1,27,1
0,1,49,3,8,20,0,1,11,1
0,1,16,2,1,2,0,1,17,0
1,1,29,3,1,1,0,1,7,0
1,0,11,1,4,0,0,1,12,3
0,1,39,5,4,4,0,1,14,0
1,1,19,2,1,0,0,1,16,1
0,0,76,1,15,0,0,1,10,1
1,0,76,5,11,1,0,1,8,0
1,1,93,12,5,0,0,1,24,1
0,1,9,1,4,1,0,1,28,1
0,0,11,2,0,0,0,1,9,0
0,0,17,1,2,2,0,1,29,1
0,1,87,7,9,19,0,1,21,3
1,1,29,2,5,3,0,1,9,1
0,1,43,2,5,2,0,1,27,1
0,1,12,2,1,1,0,1,8,1
0,0,46,8,4,0,0,1,10,1
0,0,9,1,1,2,0,1,13,1
0,0,10,1,1,0,0,1,16,1
1,0,19,2,1,0,0,1,19,2
0,1,50,2,3,10,0,1,10,1
0,1,14,3,1,0,0,1,7,0
1,1,34,1,2,0,0,1,23,0
0,0,44,3,5,0,0,1,5,0
1,1,58,4,7,3,0,1,7,0
0,0,45,4,9,0,0,1,4,0
1,0,26,1,6,3,0,1,6,1
0,1,14,1,1,0,0,1,4,1
1,1,35,3,2,1,0,1,4,1
0,1,7,1,1,0,0,1,7,1
0,0,10,1,3,0,0,1,9,0
0,0,20,4,1,0,0,1,11,0
1,0,104,6,21,12,0,1,12,1
0,1,5,1,0,0,0,1,10,0
1,0,11,1,4,0,0,1,26,5
0,1,11,1,2,0,0,1,21,0
0,0,59,9,3,2,0,1,11,0
0,1,25,3,5,2,0,1,3,0
1,0,26,4,3,6,0,1,8,1
1,1,34,3,4,1,0,1,10,1
1,1,83,5,6,11,0,1,7,1
1,0,32,3,4,1,0,1,9,1
0,1,93,6,9,10,0,1,11,1
0,0,30,5,1,0,0,1,8,1
0,0,29,1,8,2,0,1,7,1
1,1,80,4,9,5,0,1,13,2
1,0,157,19,14,23,0,1,12,1
1,1,78,11,4,7,0,1,19,1
1,1,26,1,10,1,0,1,8,0
0,0,39,2,4,7,0,1,14,0
1,1,93,6,10,3,0,1,13,1
1,1,68,9,5,12,0,1,10,1
1,0,25,1,1,6,0,1,4,0
0,1,16,2,2,1,0,1,8,1
0,0,16,1,3,1,0,1,9,0
0,0,32,4,2,4,0,1,10,0
0,0,41,7,4,4,0,1,9,1
0,1,22,2,2,2,0,1,8,0
0,1,40,4,4,3,0,1,20,1
0,0,22,1,2,0,0,1,14,1
1,1,21,3,1,2,0,1,8,1
0,1,51,4,6,5,0,1,25,1
1,0,71,5,7,1,0,1,10,1
0,0,35,3,5,2,0,1,50,2
1,1,36,6,2,7,0,1,4,1
0,1,10,2,1,0,0,1,2,0
0,0,15,3,1,2,0,1,5,0
1,0,40,6,3,5,0,1,8,1
0,0,19,3,0,0,0,1,8,0
1,0,93,12,9,11,0,1,8,1
1,0,81,16,0,0,0,1,6,1
0,0,13,2,0,0,0,1,19,1
0,1,13,1,2,1,0,1,11,1
0,1,44,3,5,1,0,1,10,1
0,1,57,4,6,8,0,1,36,0
1,0,6,1,0,0,0,1,14,1
1,1,23,2,4,1,0,1,12,0
0,1,12,1,1,0,0,1,10,0
0,1,9,1,1,1,0,1,11,1
1,0,18,1,5,1,0,1,7,1
0,0,50,5,5,3,0,1,10,1
0,0,37,4,5,0,0,1,8,1
0,1,20,1,3,6,0,1,13,1
1,0,38,4,1,4,0,1,9,1
0,0,94,6,9,10,0,1,5,0
1,1,38,4,5,2,0,1,12,1
0,0,19,1,7,2,0,1,11,1
1,0,109,1,1,10,0,1,8,0
1,1,13,4,0,0,0,1,8,0
1,1,126,8,15,20,0,1,8,1
0,0,52,1,8,0,0,1,9,0
1,1,7,1,0,0,0,1,9,0
0,0,21,1,2,0,0,1,7,1
1,0,120,8,8,18,0,1,6,0
0,0,39,2,2,8,0,1,7,1
0,1,20,1,1,0,0,1,7,0
0,0,18,2,1,1,0,1,12,1
1,1,40,3,5,1,0,1,5,1
0,1,22,2,0,1,0,1,23,2
0,0,18,2,1,5,0,1,7,1
0,0,30,4,3,3,0,1,26,2
1,0,20,1,1,2,0,1,5,0
0,0,65,4,8,3,0,1,6,1
0,0,44,5,4,4,0,1,10,1
0,0,18,2,1,0,0,1,25,3
1,1,71,1,10,0,0,1,9,0
1,0,138,12,6,4,0,1,8,1
1,0,16,1,3,3,0,1,8,1
0,0,11,1,1,0,0,1,3,0
1,0,27,5,2,2,0,1,36,3
0,0,72,5,13,9,0,1,79,6
0,0,15,2,1,0,0,1,14,0
0,0,40,3,4,4,0,1,19,1
1,1,71,4,17,2,0,1,14,1
0,0,16,2,3,0,0,1,7,1
1,0,18,4,0,0,0,1,9,0
0,0,25,2,4,4,0,1,8,1
1,1,20,2,1,10,0,1,11,1
0,0,88,11,2,13,0,1,42,4
1,0,39,1,8,0,0,1,27,2
0,0,14,2,1,1,0,1,9,1
0,0,36,2,11,4,0,1,9,0
0,0,27,2,6,5,0,1,8,1
1,0,22,1,0,6,0,1,7,0
1,0,156,13,8,14,0,1,25,2
1,1,29,4,1,0,0,1,18,0
0,1,52,1,10,0,0,1,28,2
1,0,62,4,8,9,0,1,8,1
1,1,9,1,0,1,0,1,11,1
1,0,22,2,1,0,0,1,14,1
0,0,29,5,2,1,0,1,14,1
1,0,26,4,1,1,0,1,3,0
0,1,20,4,0,3,0,1,7,0
1,1,20,3,0,0,0,1,5,1
1,1,65,2,11,1,0,1,12,1
1,1,67,4,12,7,0,1,9,1
1,0,54,9,0,1,0,1,8,1
1,0,75,10,8,7,0,1,13,1
1,1,71,17,0,0,0,1,11,1
0,0,27,2,1,2,0,1,5,0
0,0,7,2,0,0,0,1,10,1
1,1,40,5,1,4,0,1,10,1
1,0,98,15,9,2,0,1,11,0
1,1,6,1,0,0,0,1,7,0
1,0,163,1,7,5,0,1,7,0
1,1,20,4,1,1,0,1,13,1
1,1,9,1,1,1,0,1,71,5
0,0,21,1,8,0,0,1,9,1
1,1,17,2,3,0,0,1,7,1
0,0,18,2,1,2,0,1,12,1
0,0,19,3,2,0,0,1,6,1
1,0,49,9,0,0,0,1,11,1
0,1,55,5,6,5,0,1,64,5
0,0,14,2,0,0,0,1,15,1
0,1,54,1,6,18,0,1,5,1
1,0,32,4,2,0,0,1,4,1
1,0,121,9,8,13,0,1,17,1
0,0,112,14,12,5,0,1,7,0
0,0,32,3,4,3,0,1,8,0
0,0,10,1,1,1,0,1,7,1
0,1,18,2,2,0,0,1,10,1
1,0,45,6,2,3,0,1,5,0
0,0,14,1,2,0,0,1,8,1
1,1,18,2,2,2,0,1,7,1
0,0,44,3,3,3,0,1,6,1
0,0,16,1,0,0,0,1,11,1
1,0,83,9,7,9,0,1,10,1
1,0,11,3,0,1,0,1,3,1
0,0,26,2,1,1,0,1,5,0
0,1,12,1,1,3,0,1,6,1
1,0,49,6,5,3,0,1,37,3
0,0,72,8,3,7,0,1,8,1
0,0,13,1,1,2,0,1,9,1
0,0,16,2,1,2,0,1,7,0
0,1,11,1,2,0,0,1,16,1
1,0,17,2,1,0,0,1,11,1
0,1,24,3,2,5,0,1,5,1
0,1,14,1,2,1,0,1,24,2
1,0,47,5,0,5,0,1,17,1
0,0,119,1,8,6,0,1,8,0
0,0,9,2,1,0,0,1,50,3
1,0,60,5,2,3,0,1,22,1
0,1,18,2,1,3,0,1,3,0
1,0,124,9,10,24,0,1,19,0
0,0,22,3,4,1,0,1,18,2
0,1,46,1,8,0,0,1,6,1
1,1,10,1,2,0,0,1,7,1
0,0,21,2,8,3,0,1,5,1
0,1,20,1,3,0,0,1,13,1
0,1,13,2,1,0,0,1,6,0
0,1,64,7,9,2,0,1,21,0
1,1,15,1,1,0,0,1,9,1
0,1,5,1,0,0,0,1,8,0
1,0,12,3,2,1,0,1,22,1
1,1,11,1,1,2,0,1,10,1
1,1,23,1,4,4,0,1,15,1
0,1,14,1,1,4,0,1,6,0
1,1,82,8,5,4,0,1,26,4
1,1,13,1,1,0,0,1,8,1
0,0,10,1,2,1,0,1,8,1
0,1,25,3,2,3,0,1,13,0
0,1,14,1,2,1,0,1,36,4
0,0,49,5,6,8,0,1,9,1
0,0,13,2,0,0,0,1,22,2
1,1,52,6,2,6,0,1,21,2
1,0,71,8,6,8,0,1,10,0
1,1,66,3,16,15,0,1,8,1
1,1,59,5,4,8,0,1,14,0
1,0,221,1,9,10,0,1,7,0
1,1,131,4,15,0,0,1,20,4
1,1,58,4,12,0,0,1,61,4
0,0,11,1,1,0,0,1,17,1
1,1,22,2,2,2,0,1,10,0
0,0,30,3,4,0,0,1,3,1
0,1,35,1,0,0,0,1,28,2
0,0,20,4,0,1,0,1,6,1
0,0,17,3,0,1,0,1,11,1
0,0,12,3,0,0,0,1,12,0
0,1,51,10,2,0,0,1,52,0
0,0,106,16,7,6,0,1,33,2
0,1,26,2,5,1,0,1,12,1
1,1,14,1,3,1,0,1,10,0
1,0,112,10,9,10,0,1,19,2
0,0,51,3,4,10,0,1,33,3
1,1,39,4,3,5,0,1,10,0
0,1,28,3,0,5,0,1,14,0
0,0,30,4,1,2,0,1,7,0
0,1,22,2,5,1,0,1,6,1
1,0,46,3,4,6,0,1,2,0
1,0,21,1,4,0,0,1,27,2
0,0,24,3,1,4,0,1,9,0
1,1,22,3,1,1,0,1,9,1
0,1,40,3,5,4,0,1,15,1
0,0,30,2,0,8,0,1,10,2
1,1,99,12,9,3,0,1,7,1
0,0,31,3,1,2,0,1,8,1
0,0,48,6,4,5,0,1,1,0
1,0,17,2,2,0,0,1,9,0
0,0,20,3,1,0,0,1,8,1
1,0,57,5,5,2,0,1,11,1
1,0,14,1,3,4,0,1,8,1
0,0,15,2,1,0,0,1,11,1
0,1,18,2,0,2,0,1,34,3
1,0,101,4,5,14,0,1,15,2
1,0,55,4,6,0,0,1,19,1
0,1,32,3,2,1,0,1,27,2
0,1,35,3,4,0,0,1,10,1
1,1,12,1,4,1,0,1,10,1
0,0,16,2,2,0,0,1,5,1
1,1,8,1,3,0,0,1,4,1
1,1,13,1,0,2,0,1,5,0
0,0,6,1,1,0,0,1,26,0
0,1,10,1,1,2,0,1,5,0
1,0,46,4,4,1,0,1,7,1
1,0,20,3,0,1,0,1,10,1
0,1,15,2,3,0,0,1,13,1
1,1,18,1,1,0,0,1,9,0
1,1,29,5,1,6,0,1,15,1
0,0,65,5,4,2,0,1,12,1
1,0,59,4,6,7,0,1,12,1
0,0,11,2,1,0,0,1,9,1
1,0,39,2,7,0,0,1,10,0
1,1,29,6,3,0,0,1,40,4
0,0,53,1,8,0,0,1,7,1
0,0,12,1,4,0,0,1,5,0
0,0,19,2,1,3,0,1,22,1
1,1,117,13,11,9,0,1,24,3
0,0,10,1,1,1,0,1,9,1
1,1,50,4,3,1,0,1,6,0
0,0,50,8,6,2,0,1,7,0
1,1,59,6,5,2,0,1,13,1
0,1,28,1,8,2,0,1,12,1
1,1,19,3,0,0,0,1,9,0
1,1,19,2,3,0,0,1,6,0
1,0,43,3,10,3,0,1,15,3
0,0,19,2,1,2,0,1,5,0
0,1,22,1,5,0,0,1,10,0
1,0,34,4,3,1,0,1,23,1
0,1,21,3,0,0,0,1,7,0
1,0,106,12,6,3,0,1,9,1
0,1,37,4,4,8,0,1,8,1
0,0,19,1,2,1,0,1,5,1
0,0,47,4,5,7,0,1,4,1
0,0,14,2,2,1,0,1,7,1
1,1,64,4,5,4,0,1,7,1
1,1,32,5,2,0,0,1,10,0
1,0,28,1,9,3,0,1,40,3
1,0,106,6,11,2,0,1,8,1
1,1,21,3,2,0,0,1,42,3
1,1,46,4,5,4,0,1,3,1
1,1,31,3,2,5,0,1,7,1
1,0,59,4,9,3,0,1,10,1
0,1,38,4,3,1,0,1,11,1
0,1,18,2,2,1,0,1,4,0
1,0,25,2,4,2,0,1,11,1
0,1,17,1,3,5,0,1,4,0
0,0,24,2,0,2,0,1,10,1
0,0,63,3,8,1,0,1,12,3
0,0,43,1,0,10,0,1,16,1
1,1,27,3,2,0,0,1,5,0
0,1,10,1,3,1,0,1,7,0
1,0,39,5,4,4,0,1,9,1
0,0,13,2,2,0,0,1,7,1
0,0,38,3,4,6,0,1,12,1
0,1,12,3,0,0,0,1,17,2
0,1,10,1,1,1,0,1,15,2
0,1,48,5,1,2,0,1,10,0
0,1,12,1,1,3,0,1,15,0
1,0,120,5,18,1,0,1,16,1
1,1,26,1,4,4,0,1,6,1
0,0,44,2,10,0,0,1,13,1
0,0,43,5,4,6,0,1,9,1
1,1,15,3,1,0,0,1,13,1
1,1,100,13,6,4,0,1,13,0
1,0,25,2,8,4,0,1,4,1
0,0,68,5,5,15,0,1,3,0
0,0,13,1,3,0,0,1,15,1
0,0,58,8,1,4,0,1,11,1
0,1,12,1,0,0,0,1,22,0
0,1,11,1,2,3,0,1,10,1
0,0,9,1,2,0,0,1,40,0
0,1,15,2,2,0,0,1,7,1
1,1,50,1,8,0,0,1,13,0
0,1,44,2,6,2,0,1,13,1
0,1,161,23,12,6,0,1,40,2
0,1,13,1,0,1,0,1,18,3
1,1,32,3,4,1,0,1,12,1
0,0,54,5,3,4,0,1,14,1
0,1,14,2,1,2,0,1,29,0
1,1,9,2,1,0,0,1,9,0
1,1,16,2,2,0,0,1,7,0
0,0,29,1,4,0,0,1,35,3
1,1,7,1,0,0,0,1,3,0
0,0,23,3,2,1,0,1,3,0
0,0,16,2,0,0,0,1,14,0
0,1,27,4,3,1,0,1,11,0
0,0,17,1,2,3,0,1,18,1
0,0,40,3,2,4,0,1,11,1
0,1,15,2,1,0,0,1,15,1
0,0,91,2,17,9,0,1,6,1
1,1,50,1,6,0,0,1,36,1
0,1,46,6,5,2,0,1,4,0
1,1,15,3,2,0,0,1,40,5
1,1,19,2,2,0,0,1,41,2
0,1,46,5,7,7,0,1,10,1
0,0,29,3,3,3,0,1,28,1
1,1,15,2,2,0,0,1,8,1
0,0,26,3,3,0,0,1,17,1
0,0,11,2,0,2,0,1,11,1
1,1,47,5,5,7,0,1,7,0
1,1,28,3,4,0,0,1,5,1
1,1,21,3,1,0,0,1,16,1
0,0,29,1,3,0,0,1,34,0
0,0,76,8,4,5,0,1,14,1
0,1,12,1,2,1,0,1,11,1
0,1,9,2,0,0,0,1,28,1
1,1,73,4,5,0,0,1,19,0
0,0,26,4,4,2,0,1,7,1
1,1,30,2,3,4,0,1,14,0
0,0,17,2,2,1,0,1,5,1
0,0,5,1,2,0,0,1,12,1
0,1,22,1,4,0,0,1,11,1
0,0,54,6,7,0,0,1,13,1
1,1,9,1,2,1,0,1,10,0
1,1,134,15,14,4,0,1,14,1
1,1,37,1,8,0,0,1,13,2
0,1,53,5,6,1,0,1,8,1
0,1,11,1,0,4,0,1,8,1
0,0,11,1,1,0,0,1,7,1
0,0,20,3,0,1,0,1,9,0
0,1,16,1,2,0,0,1,23,0
0,1,5,1,0,0,0,1,7,1
0,1,43,3,6,0,0,1,18,0
1,0,100,12,9,3,0,1,5,0
0,1,21,2,1,1,0,1,9,1
1,1,45,7,3,2,0,1,14,1
0,0,20,1,4,1,0,1,8,1
1,1,8,1,1,0,0,1,7,1
1,0,11,1,4,1,0,1,16,1
0,0,15,4,1,0,0,1,15,0
0,1,25,1,4,4,0,1,8,1
1,0,103,10,3,13,0,1,15,1
0,1,18,3,2,0,0,1,9,1
0,0,19,2,2,1,0,1,7,1
0,1,9,1,4,1,0,1,5,1
1,0,51,3,4,0,0,1,19,2
1,1,16,2,2,0,0,1,7,1
1,0,30,5,2,5,0,1,18,0
0,1,22,2,1,2,0,1,15,0
1,1,16,3,2,0,0,1,18,0
0,0,49,8,5,3,0,1,9,1
0,1,87,10,8,0,0,1,41,0
1,0,29,2,8,3,0,1,30,3
1,1,31,1,6,2,0,1,4,1
1,0,208,1,13,13,0,1,6,0
0,0,11,1,1,4,0,1,16,2
0,0,31,4,2,1,0,1,12,1
1,0,48,5,2,8,0,1,13,1
1,0,140,13,4,7,0,1,16,3
0,1,36,3,2,2,0,1,43,3
1,0,62,7,7,4,0,1,7,1
0,0,29,3,2,1,0,1,38,5
0,0,17,1,2,0,0,1,3,0
0,0,40,6,1,1,0,1,8,0
1,0,62,6,3,6,0,1,9,0
0,1,17,3,0,0,0,1,34,3
0,0,38,3,4,3,0,1,10,1
0,1,21,2,4,0,0,1,36,2
1,1,14,2,0,2,0,1,10,1
1,0,34,5,2,1,0,1,11,1
0,1,16,2,1,0,0,1,75,6
0,1,36,4,3,5,0,1,10,0
1,0,191,19,9,8,0,1,70,4
1,0,24,2,5,3,0,1,3,0
1,0,32,2,9,0,0,1,8,2
1,0,9,1,0,0,0,1,3,0
0,0,24,3,2,0,0,1,10,1
1,1,20,3,0,0,0,1,24,0
0,1,40,8,1,1,0,1,10,1
1,1,52,1,3,3,0,1,5,1
0,0,7,1,1,0,0,1,13,0
0,0,11,1,0,1,0,1,10,1
0,1,17,1,1,1,0,1,19,2
0,0,26,3,0,0,0,1,9,1
1,1,85,5,3,9,0,1,5,1
0,1,30,4,2,0,0,1,12,1
0,0,13,1,2,1,0,1,10,1
1,1,13,3,0,0,0,1,12,1
0,0,15,1,2,2,0,1,9,1
0,0,58,4,6,2,0,1,11,1
1,1,15,2,1,0,0,1,11,0
1,1,28,5,2,0,0,1,18,2
0,0,68,11,3,1,0,1,9,1
1,0,104,1,4,3,0,1,8,0
1,1,46,7,3,0,0,1,29,3
1,1,34,2,4,3,0,1,20,4
0,1,8,1,2,0,0,1,10,1
0,0,22,3,1,0,0,1,6,1
0,1,54,5,5,2,0,1,12,1
0,1,31,3,2,3,0,1,14,2
0,0,27,2,2,5,0,1,8,1
0,0,30,3,3,1,0,1,13,1
1,1,103,10,7,7,0,1,11,1
0,0,14,2,1,0,0,1,45,2
0,1,43,5,4,2,0,1,22,1
0,0,29,2,1,2,0,1,21,3
0,1,42,1,4,7,0,1,8,1
1,1,53,2,8,1,0,1,10,1
0,1,13,2,1,0,0,1,11,0
1,0,42,6,2,0,0,1,15,2
1,1,18,2,0,3,0,1,7,0
0,0,16,2,2,4,0,1,10,1
0,1,64,8,6,0,0,1,45,0
0,1,44,3,8,1,0,1,12,1
0,0,16,1,2,2,0,1,9,1
0,0,24,4,1,0,0,1,10,1
1,1,18,2,0,0,0,1,5,1
1,0,85,15,3,6,0,1,9,0
0,0,30,4,4,1,0,1,10,1
1,1,71,4,15,2,0,1,16,1
0,0,15,1,5,0,0,1,10,1
1,1,22,3,2,0,0,1,23,0
1,1,12,1,1,1,0,1,30,2
0,0,25,1,3,0,0,1,9,1
0,1,14,2,2,0,0,1,8,1
1,1,62,6,5,3,0,1,33,3
1,1,10,3,0,0,0,1,9,1
1,1,70,7,7,4,0,1,8,1
0,1,26,3,3,2,0,1,11,1
1,0,26,3,3,0,0,1,17,3
1,1,23,3,1,0,0,1,12,0
0,0,15,1,0,0,0,1,7,0
0,0,50,3,11,0,0,1,12,1
1,0,62,5,7,15,0,1,48,5
1,0,129,18,2,0,0,1,12,1
1,1,59,3,7,4,0,1,13,1
0,0,16,1,3,2,0,1,10,0
0,1,38,1,1,0,0,1,36,2
0,0,22,2,1,7,0,1,5,1
0,1,22,2,3,0,0,1,30,3
1,1,25,3,2,4,0,1,37,2
0,0,25,4,3,1,0,1,7,1
0,0,38,1,2,3,0,1,4,1
1,1,25,2,2,4,0,1,11,2
0,1,19,3,4,0,0,1,3,0
0,0,27,3,3,0,0,1,11,2
1,1,30,1,8,1,0,1,10,0
0,0,20,3,1,1,0,1,60,5
1,1,18,4,1,0,0,1,5,1
1,1,90,4,8,3,0,1,24,1
1,0,79,8,8,14,0,1,4,0
1,1,128,5,7,2,0,1,6,1
0,0,9,1,1,0,0,1,17,2
0,0,12,1,2,0,0,1,5,1
0,0,10,1,3,1,0,1,9,1
0,1,18,2,3,3,0,1,19,1
0,0,18,1,2,1,0,1,2,0
1,0,57,1,9,1,0,1,6,0
0,0,11,1,3,0,0,1,13,1
1,0,73,10,5,2,0,1,7,1
0,1,19,3,1,0,0,1,4,0
1,1,35,5,3,0,0,1,6,1
0,1,23,2,2,0,0,1,46,2
0,1,30,5,3,0,0,1,25,1
1,0,9,1,1,0,0,1,5,1
0,0,20,3,0,1,0,1,17,1
0,1,36,3,4,5,0,1,6,1
1,1,23,3,2,2,0,1,8,1
1,0,66,11,7,0,0,1,28,3
0,1,13,1,2,0,0,1,2,0
1,0,34,3,1,4,0,1,4,0
1,1,13,3,0,0,0,1,22,1
0,0,29,6,2,0,0,1,19,1
0,0,14,2,3,2,0,1,3,0
0,1,14,2,0,2,0,1,10,1
0,1,15,2,2,0,0,1,26,1
0,0,15,2,1,1,0,1,14,2
0,0,44,5,2,1,0,1,15,1
1,1,122,7,9,4,0,1,9,1
1,1,25,3,3,0,0,1,6,0
0,0,13,1,2,0,0,1,51,2
0,0,78,3,7,1,0,1,41,4
1,0,114,6,12,22,0,1,30,2
0,0,21,3,1,3,0,1,4,1
1,1,70,6,4,0,0,1,10,1
1,0,23,1,2,1,0,1,4,1
1,0,47,8,1,3,0,1,9,0
0,0,28,4,2,1,0,1,36,3
0,1,22,2,2,0,0,1,11,1
1,1,22,3,1,0,0,1,8,1
0,1,19,3,0,1,0,1,8,0
1,1,27,4,2,0,0,1,4,0
1,0,18,3,1,0,0,1,8,0
0,1,37,1,9,0,0,1,5,1
0,0,32,6,1,5,0,1,8,1
1,1,72,3,9,3,0,1,14,1
0,1,34,7,2,0,0,1,47,5
0,1,44,4,5,10,0,1,45,1
0,0,36,4,6,4,0,1,40,2
1,1,19,2,2,1,0,1,23,2
1,1,10,1,2,3,0,1,28,3
1,0,66,6,4,2,0,1,8,1
1,1,142,14,15,11,0,1,5,0
1,1,91,5,4,10,0,1,6,1
1,1,109,5,12,8,0,1,11,1
1,0,9,2,1,0,0,1,7,1
1,1,55,8,6,7,0,1,10,1
1,0,36,2,9,8,0,1,4,0
0,0,14,2,2,0,0,1,9,1
1,1,33,2,5,0,0,1,12,3
1,1,53,9,2,1,0,1,10,1
1,1,50,2,3,7,0,1,6,0
1,1,14,3,1,0,0,1,13,1
1,1,102,1,5,2,0,1,8,0
0,0,13,3,1,1,0,1,11,2
1,1,31,2,4,0,0,1,54,5
1,1,78,2,20,6,0,1,5,1
0,0,65,4,8,7,0,1,29,4
0,0,30,3,3,3,0,1,35,3
0,0,47,4,5,2,0,1,14,1
1,0,57,1,7,0,0,1,13,1
0,0,89,8,7,17,0,1,6,1
0,0,17,3,1,4,0,1,15,3
1,1,90,10,9,5,0,1,19,2
0,1,6,1,1,0,0,1,13,1
0,0,24,5,0,0,0,1,10,1
0,1,57,7,5,7,0,1,5,1
0,1,27,1,4,0,0,1,5,1
1,1,124,11,10,20,0,1,8,1
0,1,12,2,3,0,0,1,9,0
0,0,56,6,3,11,0,1,11,0
0,1,33,3,7,1,0,1,14,1
1,1,33,5,3,2,0,1,7,1
0,1,33,6,1,2,0,1,9,1
1,1,79,6,6,12,0,1,17,1
0,1,11,1,0,1,0,1,6,1
1,0,18,3,1,0,0,1,4,0
0,0,112,5,10,34,0,1,8,1
0,0,32,3,7,0,0,1,5,0
1,0,14,1,2,1,0,1,10,1
0,1,14,3,0,0,0,1,9,0
1,0,16,1,3,0,0,1,9,1
0,1,26,3,4,3,0,1,24,3
1,1,62,3,8,0,0,1,18,4
1,0,64,6,5,3,0,1,9,1
1,0,33,5,4,0,0,1,27,2
1,1,25,2,1,2,0,1,21,4
1,0,112,10,8,17,0,1,7,0
0,1,52,4,10,0,0,1,28,2
0,1,33,1,8,8,0,1,3,0
1,0,64,6,6,5,0,1,14,1
1,1,12,1,0,3,0,1,8,0
0,1,40,3,3,4,0,1,7,0
0,0,52,4,5,0,0,1,15,1
1,1,16,2,1,0,0,1,15,1
1,0,86,6,13,3,0,1,17,1
0,1,41,1,1,2,0,1,7,0
0,1,86,10,6,6,0,1,22,0
1,1,29,2,1,4,0,1,8,1
1,0,150,1,11,0,0,1,7,0
0,1,23,2,4,2,0,1,9,1
0,0,18,4,0,0,0,1,9,1
1,1,25,3,0,3,0,1,5,1
0,1,26,2,3,0,0,1,2,0
1,1,47,3,7,3,0,1,19,1
1,0,17,2,0,0,0,1,9,1
0,1,6,1,1,0,0,1,4,1
0,0,22,3,2,1,0,1,11,0
0,1,20,3,1,0,0,1,11,0
1,1,28,5,2,3,0,1,11,1
0,0,8,1,0,0,0,1,13,1
0,0,10,1,0,1,0,1,3,0
1,0,13,1,1,2,0,1,7,1
1,1,13,3,0,0,0,1,3,1
1,0,75,4,13,7,0,1,9,1
1,1,20,2,2,2,0,1,10,1
1,1,44,4,2,4,0,1,8,1
0,0,162,14,6,25,0,1,15,2
0,0,64,11,2,5,0,1,17,1
1,1,62,6,7,7,0,1,8,1
1,1,58,6,7,3,0,1,8,1
0,0,18,2,1,1,0,1,8,1
0,0,11,2,1,1,0,1,20,1
0,1,17,2,1,4,0,1,73,6
1,1,49,7,4,3,0,1,9,1
0,0,115,6,11,11,0,1,7,1
0,0,35,3,1,1,0,1,10,1
1,0,23,2,3,0,0,1,6,0
0,1,10,1,3,0,0,1,19,1
0,1,24,3,3,2,0,1,5,0
0,0,21,2,2,0,0,1,5,0
1,0,23,3,3,2,0,1,7,1
1,1,19,2,0,1,0,1,6,1
0,0,36,4,2,0,0,1,9,1
1,1,33,5,2,4,0,1,13,1
0,1,15,3,0,1,0,1,2,0
0,1,23,3,0,2,0,1,4,0
0,1,41,6,1,2,0,1,13,1
0,0,11,1,2,1,0,1,16,1
0,1,11,3,0,0,0,1,18,2
1,0,51,2,10,14,0,1,7,1
0,0,13,1,2,0,0,1,14,0
0,0,37,2,2,10,0,1,12,3
0,1,28,5,1,1,0,1,36,2
0,0,24,3,0,2,0,1,15,0
0,1,12,2,0,2,0,1,29,2
0,1,32,2,3,2,0,1,9,1
1,0,26,4,5,0,0,1,19,1
0,0,30,2,1,1,0,1,14,1
0,1,32,3,5,13,0,1,10,1
0,1,70,4,7,5,0,1,4,0
0,1,28,4,5,1,0,1,33,0
0,1,8,1,0,0,0,1,6,0
1,0,18,2,2,1,0,1,17,2
1,0,33,5,4,0,0,1,28,1
0,0,15,1,2,2,0,1,16,1
0,0,37,3,5,2,0,1,19,0
1,1,30,3,2,8,0,1,14,0
0,0,32,4,6,0,0,1,9,1
1,1,29,3,3,1,0,1,6,0
0,0,11,2,1,0,0,1,7,1
1,1,30,3,5,6,0,1,7,0
1,1,19,2,0,0,0,1,9,1
0,1,78,5,19,16,0,1,10,1
1,0,102,11,6,6,0,1,12,0
1,0,94,9,3,4,0,1,32,1
1,1,12,1,1,0,0,1,10,1
0,0,83,9,5,5,0,1,78,3
1,1,26,2,5,4,0,1,10,2
0,0,28,2,3,5,0,1,6,1
1,1,83,7,5,21,0,1,51,4
0,0,47,4,6,3,0,1,7,0
1,0,32,4,2,1,0,1,13,1
0,0,38,2,3,2,0,1,12,0
1,1,21,2,1,2,0,1,2,0
1,1,67,5,1,5,0,1,17,2
1,0,56,5,11,1,0,1,13,0
1,0,68,8,7,5,0,1,11,1
1,1,21,2,2,3,0,1,13,1
1,1,81,13,9,4,0,1,6,1
0,0,22,2,4,0,0,1,13,0
0,0,73,6,6,7,0,1,11,1
0,0,35,2,1,3,0,1,9,1
0,1,40,4,10,1,0,1,11,1
0,1,26,4,2,1,0,1,64,3
0,0,64,12,1,0,0,1,23,1
0,0,7,1,2,0,0,1,8,0
1,0,20,2,3,0,0,1,5,0
0,0,33,2,1,1,0,1,25,2
0,0,43,2,9,7,0,1,14,1
1,0,10,1,1,2,0,1,19,1
0,0,38,2,10,7,0,1,12,1
0,1,15,1,2,6,0,1,9,1
0,1,35,6,2,2,0,1,26,2
1,0,59,5,10,0,0,1,11,0
0,1,18,3,0,1,0,1,53,2
1,1,32,3,3,6,0,1,8,0
0,1,34,4,3,0,0,1,7,0
1,1,24,2,1,2,0,1,11,1
0,0,13,1,4,0,0,1,8,0
1,1,19,3,0,1,0,1,7,1
0,0,16,3,0,0,0,1,12,0
1,1,21,4,2,0,0,1,3,1
1,1,41,6,3,2,0,1,20,0
1,1,12,3,0,1,0,1,12,1
0,1,10,1,1,0,0,1,6,1
0,0,28,1,2,1,0,1,31,3
0,0,45,5,1,3,0,1,8,1
0,0,11,1,2,0,0,1,9,1
1,0,33,1,7,0,0,1,12,1
1,0,37,6,1,3,0,1,24,2
1,1,27,2,2,6,0,1,5,1
0,1,25,2,4,0,0,1,19,2
1,1,84,7,6,3,0,1,14,1
0,0,42,4,3,4,0,1,7,0
1,1,38,1,3,0,0,1,7,0
0,1,14,3,1,0,0,1,8,1
1,0,66,5,5,6,0,1,13,1
0,0,26,2,3,0,0,1,44,4
0,0,11,1,4,6,0,1,11,1
0,0,15,1,0,1,0,1,4,0
0,0,12,2,1,0,0,1,10,1
0,0,17,3,1,2,0,1,12,1
1,0,18,2,2,2,0,1,8,1
1,0,48,9,2,2,0,1,24,1
0,1,27,1,5,0,0,1,30,1
0,1,17,2,2,0,0,1,5,1
0,0,17,2,2,0,0,1,9,2
1,1,41,5,6,6,0,1,5,1
0,0,43,4,5,5,0,1,12,1
0,1,33,3,3,12,0,1,14,0
1,1,18,1,2,2,0,1,9,1
0,0,9,1,0,1,0,1,6,1
1,1,69,4,13,6,0,1,21,1
0,1,12,2,1,0,0,1,8,1
0,0,18,2,1,0,0,1,7,0
0,1,9,1,1,0,0,1,7,1
0,1,26,2,2,3,0,1,5,1
0,1,39,4,4,4,0,1,37,2
1,1,103,7,12,18,0,1,34,1
1,1,34,1,7,6,0,1,8,1
1,0,39,10,2,0,0,1,6,0
1,0,67,4,3,28,0,1,13,1
0,1,29,1,3,0,0,1,11,1
1,1,46,5,3,13,0,1,11,1
1,1,42,6,5,0,0,1,23,1
0,1,23,4,2,1,0,1,55,8
0,0,33,5,3,4,0,1,11,0
1,1,35,3,3,4,0,1,7,1
0,1,37,3,13,2,0,1,12,0
1,1,37,7,3,0,0,1,11,1
0,1,26,2,2,3,0,1,44,3
1,1,6,1,0,0,0,1,6,1
0,1,25,2,0,6,0,1,9,1
1,1,11,2,1,0,0,1,8,1
0,1,13,1,2,2,0,1,15,2
1,1,22,1,6,0,0,1,9,0
0,0,29,4,3,0,0,1,7,1
1,1,31,3,2,5,0,1,5,0
0,1,21,3,1,1,0,1,8,1
0,0,38,2,3,2,0,1,8,1
1,1,52,3,9,7,0,1,10,1
0,1,82,1,17,16,0,1,13,1
1,1,8,1,2,1,0,1,22,1
1,1,12,2,1,0,0,1,11,1
0,0,66,6,7,0,0,1,9,0
0,1,23,2,1,3,0,1,14,1
1,1,71,10,10,10,0,1,6,0
1,1,103,7,12,7,0,1,10,0
0,0,54,7,5,4,0,1,9,1
0,0,98,7,6,3,0,1,52,4
0,1,16,1,3,4,0,1,16,0
0,0,18,3,1,0,0,1,6,1
1,0,108,13,10,3,0,1,14,1
1,0,29,3,5,1,0,1,11,1
1,0,15,3,0,0,0,1,14,0
0,0,17,3,0,3,0,1,10,1
0,0,51,5,3,3,0,1,59,6
1,0,25,3,1,3,0,1,13,1
1,1,78,2,14,1,0,1,50,0
0,1,18,2,1,1,0,1,8,1
0,0,12,2,1,0,0,1,9,1
1,1,29,5,1,0,0,1,9,1
1,1,18,2,1,0,0,1,6,1
0,1,16,2,2,0,0,1,28,2
0,0,62,4,10,5,0,1,10,0
1,1,33,3,4,5,0,1,9,1
1,0,76,6,1,15,0,1,9,1
1,1,61,8,1,26,0,1,16,1
0,0,27,3,5,3,0,1,30,1
0,0,10,1,0,0,0,1,18,1
1,1,60,6,5,7,0,1,37,0
1,0,25,2,2,0,0,1,9,1
0,0,23,2,5,3,0,1,8,1
0,0,15,2,1,1,0,1,6,0
1,0,19,2,1,1,0,1,11,0
1,1,35,3,5,2,0,1,7,1
0,1,22,2,6,3,0,1,10,1
0,1,19,2,3,2,0,1,17,1
0,0,54,1,2,3,0,1,8,0
1,1,28,5,0,3,0,1,6,0
0,0,16,2,2,0,0,1,8,0
0,1,16,3,4,0,0,1,12,1
0,1,21,2,2,1,0,1,17,0
1,0,44,3,6,13,0,1,9,1
1,1,105,6,10,27,0,1,8,0
0,1,55,6,7,6,0,1,14,1
0,0,32,5,2,0,0,1,34,1
1,0,62,8,4,2,0,1,13,1
0,0,28,3,3,1,0,1,7,1
0,1,46,9,2,1,0,1,10,1
1,0,59,5,8,4,0,1,5,1
0,0,33,3,3,0,0,1,58,2
0,1,11,2,1,1,0,1,9,1
1,0,18,1,3,0,0,1,12,1
0,0,19,4,1,1,0,1,8,1
0,1,42,2,8,2,0,1,64,5
1,0,34,3,3,1,0,1,13,0
1,0,48,6,1,9,0,1,8,1
1,0,58,7,3,2,0,1,11,1
0,0,31,4,2,2,0,1,13,1
1,1,24,2,2,1,0,1,9,2
0,1,77,6,9,4,0,1,7,1
0,1,20,2,2,0,0,1,6,1
0,1,68,9,1,18,0,1,40,2
1,1,50,5,5,4,0,1,54,1
0,0,25,1,4,8,0,1,8,1
0,0,17,3,3,0,0,1,13,1
0,0,12,1,2,1,0,1,11,1
0,0,16,1,0,0,0,1,12,1
1,1,25,6,1,1,0,1,9,1
0,0,94,13,2,11,0,1,8,1
0,0,21,3,2,2,0,1,8,1
1,0,45,3,4,3,0,1,9,1
0,1,25,1,2,7,0,1,16,2
0,0,48,7,6,1,0,1,8,0
0,1,17,2,2,1,0,1,7,0
0,0,29,2,3,0,0,1,15,1
0,0,46,5,5,3,0,1,52,3
0,0,35,7,2,1,0,1,8,1
0,0,10,1,2,0,0,1,14,1
1,1,34,3,7,5,0,1,26,1
1,1,204,1,14,2,0,1,7,0
0,1,22,2,4,1,0,1,28,3
0,0,16,2,2,2,0,1,12,2
0,1,30,2,4,2,0,1,5,1
0,0,13,2,1,0,0,1,7,1
0,1,35,3,3,3,0,1,98,3
0,0,74,3,8,6,0,1,3,0
0,0,51,4,7,4,0,1,13,1
0,0,14,4,0,0,0,1,5,1
1,1,23,4,3,0,0,1,11,1
0,0,48,6,3,0,0,1,9,1
1,1,37,4,3,2,0,1,48,7
0,0,15,3,0,1,0,1,4,0
0,0,46,7,2,5,0,1,14,1
0,0,32,3,4,0,0,1,10,1
1,1,13,1,1,1,0,1,9,0
1,1,78,6,11,4,0,1,14,1
1,1,10,1,3,0,0,1,5,0
1,1,24,4,3,2,0,1,7,1
1,1,18,2,0,3,0,1,8,1
0,0,6,1,0,0,0,1,4,0
1,1,7,1,1,0,0,1,8,1
0,0,17,3,1,0,0,1,25,2
1,1,26,3,2,2,0,1,7,0
1,0,156,12,15,17,0,1,11,2
1,0,20,2,0,3,0,1,5,1
0,0,18,3,1,1,0,1,7,0
0,0,9,1,1,1,0,1,8,1
0,1,26,2,2,1,0,1,10,1
1,1,87,4,7,4,0,1,21,1
0,1,29,1,3,0,0,1,39,3
1,1,11,1,1,0,0,1,22,2
0,1,109,6,22,7,0,1,14,0
1,1,21,4,1,0,0,1,26,1
0,0,64,7,9,8,0,1,6,1
0,0,10,1,1,0,0,1,6,0
0,0,45,2,9,1,0,1,10,0
1,0,61,10,2,19,0,1,9,1
0,1,13,2,2,0,0,1,7,1
0,0,16,1,1,1,0,1,13,1
1,1,122,11,14,20,0,1,12,1
1,0,44,4,3,3,0,1,16,2
1,0,102,10,12,3,0,1,18,1
0,0,16,1,2,6,0,1,13,1
1,1,18,1,5,0,0,1,15,1
0,1,24,3,3,2,0,1,6,1
0,0,41,7,1,4,0,1,6,0
1,1,93,5,6,9,0,1,7,0
1,1,114,7,10,5,0,1,19,2
0,0,23,3,0,1,0,1,17,0
0,0,9,1,4,0,0,1,2,0
0,0,9,2,1,0,0,1,1,0
0,0,38,1,7,9,0,1,34,0
1,0,21,3,1,0,0,1,7,1
0,1,88,3,3,12,0,1,31,1
0,0,29,4,3,3,0,1,14,1
1,1,51,3,8,7,0,1,9,0
1,1,18,2,4,3,0,1,20,1
0,0,24,4,4,1,0,1,9,1
1,0,27,3,2,2,0,1,11,1
0,1,21,2,1,0,0,1,21,1
1,0,94,6,10,6,0,1,7,1
1,0,72,4,12,4,0,1,30,1
1,0,79,15,1,1,0,1,7,0
0,1,80,7,4,31,0,1,35,2
0,0,60,4,3,11,0,1,9,0
0,1,13,2,1,0,0,1,16,2
1,0,12,2,1,0,0,1,14,1
0,0,21,3,1,0,0,1,29,2
0,0,13,1,1,0,0,1,4,0
1,1,24,4,1,2,0,1,48,6
1,0,18,2,2,1,0,1,6,0
1,1,75,9,2,7,0,1,32,2
0,1,20,2,2,0,0,1,9,0
0,1,35,3,1,1,0,1,13,1
0,0,17,2,4,2,0,1,7,0
1,1,12,2,1,0,0,1,6,1
0,0,86,10,7,12,0,1,76,1
1,1,8,1,0,0,0,1,10,1
1,1,84,4,8,24,0,1,34,0
1,1,67,9,6,8,0,1,4,1
0,0,16,2,2,1,0,1,5,1
0,0,25,3,2,0,0,1,5,1
1,1,31,2,3,5,0,1,7,1
1,1,18,2,5,3,0,1,7,1
1,1,27,2,2,1,0,1,12,1
1,0,10,1,2,0,0,1,5,0
0,0,43,2,6,4,0,1,3,0
0,0,148,16,3,18,0,1,12,0
1,0,23,2,3,1,0,1,8,1
1,0,18,4,1,0,0,1,9,0
1,0,100,13,7,5,0,1,15,1
1,0,42,6,5,1,0,1,8,0
0,0,47,4,8,4,0,1,10,1
0,1,17,2,2,2,0,1,24,2
0,0,19,4,0,1,0,1,27,2
1,1,64,1,4,21,0,1,8,1
1,1,225,1,14,23,0,1,8,0
0,0,20,3,1,0,0,1,10,1
0,0,88,4,16,9,0,1,12,4
1,0,27,1,3,8,0,1,5,1
0,0,12,1,2,2,0,1,10,1
0,0,12,1,3,0,0,1,5,1
0,0,96,11,9,4,0,1,9,0
0,1,14,3,3,1,0,1,11,1
0,1,25,3,1,0,0,1,15,1
1,1,62,11,4,0,0,1,26,1
0,0,13,1,3,1,0,1,8,0
1,1,26,2,2,2,0,1,11,1
0,1,15,3,1,2,0,1,48,2
0,0,71,6,11,3,0,1,10,0
1,1,128,6,10,16,0,1,32,1
1,0,15,1,1,0,0,1,9,2
1,1,140,13,17,17,0,1,6,1
0,0,13,1,3,0,0,1,9,1
0,0,16,1,6,0,0,1,16,1
1,1,126,10,8,4,0,1,29,0
1,1,30,3,1,4,0,1,10,1
1,1,25,2,5,2,0,1,15,1
0,0,16,1,1,1,0,1,15,1
1,0,140,6,7,29,0,1,9,1
1,1,39,2,1,0,0,1,7,1
1,0,21,2,1,2,0,1,12,0
0,0,15,2,1,0,0,1,8,0
0,0,30,4,3,1,0,1,23,1
1,0,96,13,9,2,0,1,32,2
1,0,119,18,9,3,0,1,66,5
0,1,55,5,4,4,0,1,20,2
0,0,65,4,4,8,0,1,14,1
1,1,26,3,1,2,0,1,3,0
0,0,64,4,6,17,0,1,7,1
0,0,35,5,5,1,0,1,27,1
1,1,10,1,1,1,0,1,7,1
0,0,24,2,4,1,0,1,15,1
1,1,33,2,2,1,0,1,20,0
0,1,6,1,1,0,0,1,9,1
1,0,36,3,2,2,0,1,10,1
1,1,18,1,1,0,0,1,29,3
1,0,38,3,6,5,0,1,19,2
1,0,91,6,11,21,0,1,10,0
1,1,41,2,1,7,0,1,8,0
0,0,22,2,1,2,0,1,4,1
0,1,24,2,1,1,0,1,8,0
0,0,68,7,8,8,0,1,13,1
1,0,33,2,6,1,0,1,9,1
1,1,94,8,11,15,0,1,15,1
0,1,61,5,8,4,0,1,6,1
1,1,72,5,7,13,0,1,3,0
1,0,46,7,2,0,0,1,34,3
1,1,38,3,1,9,0,1,8,1
0,0,139,9,15,17,0,1,22,2
1,1,9,2,0,0,0,1,6,0
1,1,19,1,5,3,0,1,6,0
1,0,114,14,5,26,0,1,7,0
1,1,40,4,6,3,0,1,6,1
1,1,134,11,9,25,0,1,8,3
1,1,8,1,0,0,0,1,7,0
0,0,16,2,0,4,0,1,5,1
0,0,97,11,8,2,0,1,16,1
0,1,25,2,2,2,0,1,16,1
1,0,28,2,0,1,0,1,4,1
0,0,44,5,1,4,0,1,18,2
1,0,25,3,2,1,0,1,16,1
1,0,16,2,2,0,0,1,11,2
0,0,25,4,1,0,0,1,11,1
1,1,11,1,2,0,0,1,8,0
0,1,24,2,1,2,0,1,48,3
1,0,15,2,1,0,0,1,7,0
1,0,24,2,6,2,0,1,33,3
0,1,21,1,2,0,0,1,50,0
0,0,20,2,2,2,0,1,9,1
0,0,12,2,2,0,0,1,12,2
0,0,16,2,3,2,0,1,12,0
1,0,23,3,4,4,0,1,5,0
1,1,77,13,4,0,0,1,5,1
0,1,43,6,2,1,0,1,13,1
0,0,35,5,5,0,0,1,8,1
0,1,39,5,2,1,0,1,12,0
0,0,25,2,1,2,0,1,46,3
0,1,12,2,0,0,0,1,10,1
1,0,27,3,4,0,0,1,13,1
1,1,19,1,4,1,0,1,6,1
0,0,79,9,12,1,0,1,8,1
1,1,154,2,23,25,0,1,11,0
0,1,12,2,0,1,0,1,11,1
0,0,79,3,9,4,0,1,8,1
1,0,9,1,1,0,0,1,13,1
0,0,11,1,4,1,0,1,11,1
1,0,7,1,2,1,0,1,12,1
0,1,15,1,4,1,0,1,6,1
0,0,8,1,0,0,0,1,5,0
1,1,29,6,2,10,0,1,6,0
0,1,16,1,1,1,0,1,12,1
1,0,57,4,6,4,0,1,11,1
0,0,17,3,1,1,0,1,12,1
0,0,20,3,1,2,0,1,12,1
0,1,6,1,0,0,0,1,10,0
0,0,6,1,1,1,0,1,7,1
0,0,25,1,0,1,0,1,9,1
1,0,21,2,4,0,0,1,8,1
1,0,41,4,4,3,0,1,39,2
1,0,84,6,9,16,0,1,5,1
1,1,166,16,12,21,0,1,19,1
1,0,10,1,0,4,0,1,6,0
1,1,9,1,1,0,0,1,9,1
0,0,88,6,6,17,0,1,11,1
0,1,38,5,1,11,0,1,10,0
1,0,14,2,2,0,0,1,4,1
1,1,13,1,1,0,0,1,21,2
0,0,13,1,3,1,0,1,9,1
1,1,11,1,1,0,0,1,17,1
1,1,11,2,1,0,0,1,9,0
0,0,45,4,3,2,0,1,12,1
1,0,72,7,4,9,0,1,11,1
0,0,30,3,4,2,0,1,6,0
1,1,87,6,7,2,0,1,10,1
1,1,59,6,4,2,0,1,21,2
1,0,16,2,4,0,0,1,8,1
1,1,13,1,3,0,0,1,8,1
0,0,8,1,1,0,0,1,1,0
1,1,16,2,2,1,0,1,8,1
1,0,73,6,6,8,0,1,6,1
1,0,33,4,4,3,0,1,10,1
1,1,96,2,20,0,0,1,10,1
0,0,13,2,1,0,0,1,12,0
1,0,29,3,0,7,0,1,28,0
1,0,141,15,10,8,0,1,13,1
1,1,26,2,1,1,0,1,6,0
0,1,27,3,3,2,0,1,51,2
1,0,7,1,1,1,0,1,15,1
0,1,9,1,1,0,0,1,5,0
1,1,43,7,5,1,0,1,17,2
0,1,17,1,3,2,0,1,42,8
1,1,31,4,4,0,0,1,14,2
1,0,213,14,21,3,0,1,14,0
1,0,141,16,10,15,0,1,11,1
0,0,88,12,3,5,0,1,10,0
0,0,27,6,0,0,0,1,25,1
0,0,23,2,3,1,0,1,9,0
1,1,22,3,2,5,0,1,11,1
1,1,123,9,11,17,0,1,7,1
0,0,35,6,1,7,0,1,9,0
1,0,34,4,2,0,0,1,24,0
0,0,46,2,3,0,0,1,5,0
1,1,12,1,3,1,0,1,11,1
1,1,12,1,2,0,0,1,5,1
0,1,17,1,5,0,0,1,8,0
1,0,153,4,4,5,0,1,34,6
0,0,50,6,3,2,0,1,37,2
0,0,74,8,6,12,0,1,7,1
1,1,14,3,1,0,0,1,8,1
1,1,17,2,1,1,0,1,15,1
1,1,57,3,3,3,0,1,5,1
0,1,34,4,5,0,0,1,14,1
1,0,54,5,4,7,0,1,8,1
1,0,76,13,2,19,0,1,43,5
0,1,17,1,6,1,0,1,17,1
0,0,68,7,3,12,0,1,51,1
0,0,8,1,1,0,0,1,14,0
0,1,71,6,13,6,0,1,54,6
1,1,13,2,2,0,0,1,32,3
1,1,70,7,2,3,0,1,9,1
0,0,15,1,0,0,0,1,5,0
0,0,41,4,6,4,0,1,9,1
1,1,10,1,1,1,0,1,22,2
1,1,17,3,2,1,0,1,8,2
0,1,60,5,9,8,0,1,5,0
1,0,24,1,3,4,0,1,5,1
0,1,44,3,7,3,0,1,7,1
1,0,23,2,2,6,0,1,12,0
0,1,21,3,1,0,0,1,22,2
0,0,22,2,5,1,0,1,14,3
0,0,17,1,1,4,0,1,8,1
0,0,25,2,1,2,0,1,29,1
0,0,20,2,3,0,0,1,44,3
1,1,97,12,9,1,0,1,19,1
1,1,74,4,7,2,0,1,11,1
0,0,72,7,10,5,0,1,38,3
0,0,18,2,0,1,0,1,4,0
1,1,63,4,7,12,0,1,4,0
0,0,40,3,3,0,0,1,6,0
0,1,24,3,3,0,0,1,6,1
0,0,87,5,10,1,0,1,29,0
1,1,191,15,13,14,0,1,28,0
0,0,41,4,7,1,0,1,46,1
0,0,50,6,3,4,0,1,43,3
0,1,13,1,2,0,0,1,37,2
0,1,14,2,3,1,0,1,61,1
0,0,26,4,3,3,0,1,11,1
0,0,61,4,8,6,0,1,13,2
1,1,17,2,2,0,0,1,6,1
1,1,8,1,0,1,0,1,10,1
0,0,39,3,4,2,0,1,12,0
0,0,24,3,2,0,0,1,29,1
0,1,60,3,16,0,0,1,6,0
0,0,62,4,4,6,0,1,55,1
1,1,20,3,2,0,0,1,14,1
0,1,36,2,2,4,0,1,10,1
0,0,10,1,0,1,0,1,7,0
0,1,25,1,5,1,0,1,16,0
1,1,41,3,7,5,0,1,23,2
0,0,109,7,19,18,0,1,5,0
1,1,36,3,4,3,0,1,10,1
0,1,27,3,1,0,0,1,11,1
0,0,8,1,1,0,0,1,45,5
1,0,152,12,17,8,0,1,17,0
0,0,21,3,2,0,0,1,3,1
1,0,15,2,1,0,0,1,12,1
1,1,42,5,6,7,0,1,29,2
1,0,62,6,3,1,0,1,9,1
1,1,33,5,3,2,0,1,6,1
1,1,69,7,7,6,0,1,30,2
0,1,30,3,2,1,0,1,25,2
0,0,47,4,3,0,0,1,17,2
0,0,32,6,1,2,0,1,7,1
1,1,92,4,6,14,0,1,7,0
0,1,53,2,22,4,0,1,5,1
0,0,12,2,1,0,0,1,6,1
0,0,60,1,2,0,0,1,25,2
0,1,11,1,3,1,0,1,16,1
0,0,15,2,1,0,0,1,4,1
0,0,11,2,1,0,0,1,17,2
1,1,42,4,2,2,0,1,23,1
1,1,10,1,1,0,0,1,33,2
1,1,208,1,10,5,0,1,7,0
0,1,31,1,1,4,0,1,26,3
0,1,75,7,9,9,0,1,15,1
1,0,134,7,9,29,0,1,26,2
1,1,21,2,2,4,0,1,4,0
1,0,11,3,1,0,0,1,5,1
0,0,124,12,8,11,0,1,16,1
1,0,18,5,0,0,0,1,3,0
1,0,24,4,2,0,0,1,12,1
0,0,14,2,1,0,0,1,15,2
0,1,25,1,8,0,0,1,9,2
1,1,40,1,5,5,0,1,2,0
0,1,36,3,3,6,0,1,14,1
1,1,42,1,13,2,0,1,10,1
1,1,69,5,7,4,0,1,12,0
1,1,101,7,9,11,0,1,9,0
1,1,31,2,5,6,0,1,16,1
0,0,30,5,2,0,0,1,5,0
1,0,73,6,10,0,0,1,8,1
0,0,105,13,5,13,0,1,3,1
0,0,15,1,3,0,0,1,11,0
1,1,36,2,1,4,0,1,9,2
1,1,23,4,1,1,0,1,9,1
1,1,9,1,1,0,0,1,17,1
0,1,12,1,1,0,0,1,9,1
0,1,43,2,6,10,0,1,6,0
0,0,61,6,6,0,0,1,26,4
0,0,35,4,3,0,0,1,7,1
0,1,13,3,1,0,0,1,10,1
1,1,25,3,2,0,0,1,9,1
1,0,35,5,0,7,0,1,17,0
1,0,18,3,1,0,0,1,3,0
0,1,110,8,7,25,0,1,30,1
1,1,17,1,6,4,0,1,8,1
0,0,64,3,9,1,0,1,23,3
1,0,46,3,5,1,0,1,15,0
1,1,4,1,0,0,0,1,2,0
1,1,10,2,0,1,0,1,6,0
0,0,21,4,1,0,0,1,9,2
1,0,61,4,3,3,0,1,15,1
1,0,54,12,2,0,0,1,15,0
1,1,30,1,7,4,0,1,8,0
0,1,9,1,1,0,0,1,8,1
1,1,14,1,2,2,0,1,7,0
1,0,18,2,2,0,0,1,7,1
0,1,32,5,3,0,0,1,10,0
1,0,30,2,4,2,0,1,6,0
1,0,68,5,8,10,0,1,11,2
1,1,91,2,12,3,0,1,4,0
0,1,22,3,1,0,0,1,23,2
0,0,7,2,0,0,0,1,11,1
0,1,68,3,8,31,0,1,19,0
0,0,21,1,2,6,0,1,11,2
0,1,13,1,1,0,0,1,18,1
0,0,14,1,2,0,0,1,11,1
1,1,21,3,0,0,0,1,20,1
0,0,25,6,1,0,0,1,6,1
1,1,67,6,9,4,0,1,9,1
1,1,33,3,5,2,0,1,11,0
0,1,33,4,3,1,0,1,14,1
1,0,188,11,13,4,0,1,5,0
1,1,61,9,5,0,0,1,8,1
1,0,45,2,12,3,0,1,10,1
1,1,13,2,1,0,0,1,38,2
1,1,96,12,5,2,0,1,14,1
1,1,10,1,1,1,0,1,6,0
1,1,21,3,4,0,0,1,4,1
1,1,12,1,1,1,0,1,30,2
1,0,37,6,4,0,0,1,31,2
1,1,65,6,4,16,0,1,69,6
0,0,15,3,0,0,0,1,7,1
1,1,70,9,8,0,0,1,7,1
0,1,55,6,8,8,0,1,7,1
0,1,14,1,2,1,0,1,17,2
0,0,68,9,8,3,0,1,68,5
0,0,30,6,2,1,0,1,7,1
1,0,22,4,0,0,0,1,11,1
1,0,26,2,3,2,0,1,24,1
1,1,11,1,0,0,0,1,6,1
0,0,13,1,4,0,0,1,66,0
1,1,31,4,0,7,0,1,20,1
0,0,94,10,13,0,0,1,4,1
0,0,32,2,8,9,0,1,12,1
0,1,16,2,2,0,0,1,9,1
1,0,10,2,1,0,0,1,18,1
0,1,27,2,3,1,0,1,34,2
1,0,64,5,6,2,0,1,11,1
0,0,25,3,2,1,0,1,23,2
0,0,13,2,1,0,0,1,5,1
0,1,30,2,3,0,0,1,10,1
1,1,9,1,1,0,0,1,5,1
1,0,23,4,0,1,0,1,14,2
1,0,9,1,2,0,0,1,6,1
0,1,6,1,1,0,0,1,12,1
1,0,130,10,8,5,0,1,4,1
0,1,25,1,10,4,0,1,21,4
1,1,12,1,0,4,0,1,8,0
0,0,66,9,7,9,0,1,8,1
0,0,35,3,7,6,0,1,19,3
0,1,45,4,4,4,0,1,11,0
0,0,12,1,2,0,0,1,27,0
1,0,99,12,7,6,0,1,21,2
1,1,24,6,1,2,0,1,15,1
1,0,45,4,1,4,0,1,8,1
1,0,36,3,1,3,0,1,9,1
1,0,45,3,1,3,0,1,1,0
1,1,34,2,1,1,0,1,7,1
0,0,30,1,9,3,0,1,31,0
0,1,34,1,3,4,0,1,17,0
0,1,42,3,7,1,0,1,11,1
1,1,30,4,3,2,0,1,15,3
1,1,25,3,6,1,0,1,13,1
1,1,31,2,2,1,0,1,6,0
0,1,32,2,3,1,0,1,20,0
0,0,18,2,2,0,0,1,11,1
1,0,41,7,0,0,0,1,12,1
1,0,17,2,2,5,0,1,3,0
0,0,24,1,7,0,0,1,8,0
0,0,14,2,0,3,0,1,10,0
1,1,19,2,6,1,0,1,10,1
0,1,7,1,3,0,0,1,12,1
0,0,37,2,2,19,0,1,13,1
0,0,24,1,5,2,0,1,2,0
1,0,75,10,7,5,0,1,12,1
1,1,10,1,1,0,0,1,9,0
1,1,43,4,2,5,0,1,9,0
1,1,40,1,0,1,0,1,8,0
1,0,76,5,7,6,0,1,9,1
1,1,17,2,0,0,0,1,12,1
1,1,64,5,8,16,0,1,65,6
0,1,20,2,3,2,0,1,9,0
0,0,15,1,2,0,0,1,14,0
1,1,86,1,7,0,0,1,3,0
1,1,26,1,3,2,0,1,44,4
1,1,59,8,5,3,0,1,16,1
1,1,77,11,2,0,0,1,6,1
0,1,29,3,4,2,0,1,6,0
1,0,66,7,7,1,0,1,31,2
1,0,9,1,2,0,0,1,8,1
1,0,26,5,1,0,0,1,8,1
1,1,27,3,2,5,0,1,6,0
1,0,39,3,14,14,0,1,8,1
1,0,73,9,3,9,0,1,18,3
1,1,137,16,2,25,0,1,9,0
1,1,41,5,8,5,0,1,17,1
0,1,53,6,3,8,0,1,8,1
1,1,11,2,0,0,0,1,6,0
1,0,10,2,0,0,0,1,6,0
0,0,14,1,2,4,0,1,11,1
1,0,15,3,1,0,0,1,3,1
1,1,46,2,1,13,0,1,6,1
0,1,9,1,2,0,0,1,23,3
1,1,28,2,4,0,0,1,3,0
0,0,39,4,11,0,0,1,11,1
1,1,71,4,7,0,0,1,6,0
1,1,71,8,4,14,0,1,9,0
0,1,64,8,4,1,0,1,16,1
1,1,74,10,9,1,0,1,8,1
0,0,7,1,3,0,0,1,20,2
0,1,34,1,5,6,0,1,28,1
0,1,60,7,6,4,0,1,29,5
1,0,50,3,5,9,0,1,7,0
1,0,62,11,1,10,0,1,8,1
0,0,21,3,4,2,0,1,10,1
1,1,35,3,5,0,0,1,6,0
1,1,62,5,15,5,0,1,9,1
0,1,33,5,2,1,0,1,8,1
1,1,43,1,2,12,0,1,6,0
0,1,27,3,0,0,0,1,7,1
1,1,49,3,4,4,0,1,22,2
0,0,6,1,2,1,0,1,20,0
1,0,56,3,9,2,0,1,8,1
0,0,20,2,3,1,0,1,5,1
0,1,15,2,0,1,0,1,28,0
0,0,52,8,1,0,0,1,4,0
1,0,143,14,10,20,0,1,8,1
0,1,15,1,3,0,0,1,9,1
0,1,19,1,1,2,0,1,6,1
0,0,54,4,3,8,0,1,11,1
0,1,7,1,2,0,0,1,8,0
0,1,10,1,1,0,0,1,14,2
1,1,31,3,0,2,0,1,5,0
1,1,84,4,7,6,0,1,14,1
1,0,88,9,3,5,0,1,27,1
0,1,18,2,0,0,0,1,6,0
0,1,24,3,2,2,0,1,11,1
1,1,37,4,2,1,0,1,15,0
0,0,20,2,1,0,0,1,45,0
1,0,6,1,1,0,0,1,15,2
1,0,40,4,1,1,0,1,9,1
1,0,46,1,7,5,0,1,8,0
1,1,13,2,1,1,0,1,31,1
0,1,9,1,0,0,0,1,8,1
0,0,14,2,1,0,0,1,13,1
0,1,20,2,7,0,0,1,23,1
0,0,30,6,1,5,0,1,10,0
1,1,14,2,0,0,0,1,5,1
0,0,42,3,6,2,0,1,13,0
1,1,91,8,7,0,0,1,32,2
1,1,16,2,1,0,0,1,6,0
1,0,140,18,8,26,0,1,21,1
1,1,95,9,10,14,0,1,6,1
1,0,18,4,1,2,0,1,6,1
0,1,12,1,2,1,0,1,6,1
0,0,15,1,2,2,0,1,8,1
0,0,47,3,1,16,0,1,9,0
0,1,34,3,5,3,0,1,9,1
1,0,62,3,5,0,0,1,10,1
1,0,66,12,2,11,0,1,7,1
1,0,35,5,2,0,0,1,3,1
0,0,16,2,1,0,0,1,7,1
1,1,13,2,0,1,0,1,11,1
0,1,22,1,5,3,0,1,11,1
0,1,23,3,2,5,0,1,27,1
0,1,32,1,5,1,0,1,22,1
0,0,18,1,1,1,0,1,11,1
1,1,51,7,4,2,0,1,9,1
0,0,25,4,2,2,0,1,8,1
0,0,28,2,8,5,0,1,12,1
0,0,20,4,0,0,0,1,25,2
0,0,33,3,4,1,0,1,57,2
1,0,5,1,2,0,0,1,8,0
1,0,33,2,6,0,0,1,9,1
1,0,20,4,1,1,0,1,14,0
0,0,13,2,1,1,0,1,15,0
0,0,60,10,3,3,0,1,17,1
1,0,27,4,2,0,0,1,11,1
0,0,20,1,2,5,0,1,5,1
0,0,54,6,3,2,0,1,13,1
1,1,36,1,10,7,0,1,11,1
0,1,33,3,2,4,0,1,33,2
1,0,24,2,2,1,0,1,7,1
0,0,11,1,3,0,0,1,7,1
1,0,54,6,5,4,0,1,18,1
0,1,30,5,4,0,0,1,9,1
0,1,28,4,1,1,0,1,22,4
1,1,19,3,1,0,0,1,66,5
0,1,28,2,9,1,0,1,23,2
1,1,87,12,3,16,0,1,9,1
1,0,12,2,2,0,0,1,8,1
1,1,15,2,2,1,0,1,6,1
1,1,56,2,10,9,0,1,11,1
0,1,61,7,6,7,0,1,8,0
1,0,32,3,3,6,0,1,21,2
0,0,63,5,3,1,0,1,22,1
0,0,30,4,3,4,0,1,39,2
1,1,20,2,0,1,0,1,15,0
0,1,9,1,0,0,0,1,6,0
0,0,30,4,4,0,0,1,6,0
0,0,32,5,1,1,0,1,11,1
1,0,103,1,12,0,0,1,9,1
0,0,17,2,2,0,0,1,12,1
1,0,14,2,1,0,0,1,15,1
0,0,33,3,3,4,0,1,3,0
0,0,11,1,1,0,0,1,11,1
1,1,85,8,5,11,0,1,6,1
1,0,90,11,9,3,0,1,9,1
1,1,116,8,7,5,0,1,46,7
0,0,10,1,1,0,0,1,13,1
1,0,23,4,1,0,0,1,9,0
0,0,20,2,2,4,0,1,4,0
1,0,83,4,7,5,0,1,14,1
0,1,11,1,1,2,0,1,6,1
0,1,30,5,2,1,0,1,55,2
1,1,23,2,2,1,0,1,6,1
1,0,100,14,7,0,0,1,7,1
0,1,8,1,0,0,0,1,16,2
1,1,23,2,2,2,0,1,13,2
1,1,32,6,2,0,0,1,19,2
0,0,28,2,5,5,0,1,13,1
1,0,17,4,1,0,0,1,12,1
1,1,52,5,3,1,0,1,5,1
1,0,57,5,8,1,0,1,6,1
1,1,29,3,1,2,0,1,8,1
1,1,50,10,2,6,0,1,8,1
0,0,17,3,2,4,0,1,7,1
1,1,25,4,0,0,0,1,14,1
0,0,82,7,9,0,0,1,8,1
1,1,62,5,7,2,0,1,43,4
1,1,8,1,1,1,0,1,5,1
0,1,28,4,0,6,0,1,23,2
1,0,48,3,2,14,0,1,33,4
1,1,68,5,5,4,0,1,10,1
1,1,12,1,1,0,0,1,24,1
0,0,33,1,7,2,0,1,21,1
0,0,17,3,2,1,0,1,4,1
1,0,46,7,3,1,0,1,6,1
0,0,97,4,12,21,0,1,11,0
1,0,45,5,7,2,0,1,10,1
0,1,15,1,2,2,0,1,4,1
1,0,13,2,0,0,0,1,13,1
1,1,12,2,1,0,0,1,40,1
0,0,9,1,1,3,0,1,4,1
1,1,107,7,8,7,0,1,17,1
1,1,32,4,1,3,0,1,6,1
0,0,9,1,0,4,0,1,17,0
0,0,33,5,3,2,0,1,15,0
0,1,87,1,5,1,0,1,8,0
1,1,97,10,5,11,0,1,29,2
0,1,11,1,3,2,0,1,7,1
1,1,30,7,0,1,0,1,9,0
1,1,55,6,1,3,0,1,11,1
0,0,29,1,6,6,0,1,3,0
0,1,22,2,3,2,0,1,63,2
0,1,50,4,5,2,0,1,63,4
0,1,54,4,9,2,0,1,18,1
1,0,28,3,10,0,0,1,8,1
0,0,74,5,5,0,0,1,13,1
0,0,14,1,3,0,0,1,11,1
1,0,31,1,1,0,0,1,6,0
0,0,16,2,0,1,0,1,8,0
1,0,99,9,8,22,0,1,18,0
0,0,14,2,1,0,0,1,29,0
0,0,47,7,2,2,0,1,6,0
0,0,12,3,1,0,0,1,10,0
0,0,57,5,3,26,0,1,6,0
0,0,19,4,0,0,0,1,20,1
1,0,48,6,6,1,0,1,11,1
1,1,20,3,1,0,0,1,16,1
0,1,28,4,2,1,0,1,8,1
1,1,104,10,4,10,0,1,23,1
1,1,40,3,1,1,0,1,12,1
0,1,7,1,0,0,0,1,8,0
1,1,32,3,2,0,0,1,9,1
1,0,27,3,5,3,0,1,10,1
1,1,11,1,1,0,0,1,14,1
0,0,12,1,0,0,0,1,14,1
0,1,45,3,3,7,0,1,29,1
1,1,15,3,1,1,0,1,13,1
0,0,13,2,0,0,0,1,7,1
0,1,37,3,5,5,0,1,11,0
0,1,19,1,5,1,0,1,21,2
0,0,19,3,1,0,0,1,15,2
0,1,13,1,3,0,0,1,70,3
1,1,33,5,2,0,0,1,12,1
1,1,93,10,3,4,0,1,15,0
1,0,39,2,5,5,0,1,11,1
0,0,20,3,2,6,0,1,7,1
1,0,7,1,0,0,0,1,6,1
1,1,30,1,5,2,0,1,7,1
1,0,109,11,24,8,0,1,8,1
0,1,19,2,2,1,0,1,7,1
1,1,89,7,8,3,0,1,17,3
1,1,16,3,2,0,0,1,8,1
0,0,21,1,2,11,0,1,16,1
0,1,20,2,2,1,0,1,7,0
0,1,17,3,1,0,0,1,23,2
0,0,16,3,1,1,0,1,42,2
0,0,35,1,10,0,0,1,7,1
1,0,16,2,1,2,0,1,16,1
0,0,17,2,6,0,0,1,6,1
0,0,104,11,7,24,0,1,7,0
0,1,11,1,1,0,0,1,8,0
0,1,29,3,5,0,0,1,50,3
1,0,27,3,3,0,0,1,12,1
1,1,11,2,2,0,0,1,16,1
1,1,17,1,3,0,0,1,17,1
0,1,8,1,0,0,0,1,18,0
1,0,88,9,10,12,0,1,5,1
0,1,38,5,5,2,0,1,7,0
0,0,45,3,5,12,0,1,8,1
0,0,59,9,4,0,0,1,30,3
0,0,29,2,6,2,0,1,7,0
0,1,21,2,1,2,0,1,13,1
0,0,64,7,3,6,0,1,11,1
1,0,34,3,3,6,0,1,9,1
1,1,16,3,0,0,0,1,37,3
1,1,22,2,1,1,0,1,7,1
1,0,97,10,5,0,0,1,35,0
0,1,23,3,1,3,0,1,36,1
1,1,44,6,6,3,0,1,30,3
0,1,38,4,1,1,0,1,20,1
0,0,20,2,2,8,0,1,12,0
0,0,79,6,6,0,0,1,6,1
0,0,57,1,7,1,0,1,11,1
1,1,14,2,0,0,0,1,12,1
0,1,25,3,2,1,0,1,9,1
1,1,14,2,3,2,0,1,3,0
0,1,16,1,4,2,0,1,17,3
1,1,17,2,1,0,0,1,11,1
0,0,91,7,8,16,0,1,16,1
1,1,35,5,3,0,0,1,9,1
0,0,6,1,1,0,0,1,24,1
0,0,52,6,0,13,0,1,16,1
1,1,14,1,1,0,0,1,9,1
0,0,103,5,4,12,0,1,5,1
1,1,72,8,3,0,0,1,7,0
0,1,32,3,2,0,0,1,57,6
1,0,37,2,10,0,0,1,4,0
0,0,11,1,1,1,0,1,6,0
1,1,45,3,2,3,0,1,8,3
1,1,72,6,6,0,0,1,18,1
0,0,10,1,2,0,0,1,17,2
1,0,26,4,3,1,0,1,8,0
0,1,18,2,2,0,0,1,16,2
0,1,23,1,2,4,0,1,8,1
0,1,26,2,2,4,0,1,23,3
0,1,59,5,6,6,0,1,10,1
0,0,118,9,10,25,0,1,9,0
0,0,9,2,1,0,0,1,14,1
0,0,51,4,3,0,0,1,5,0
1,0,19,2,3,0,0,1,35,1
1,0,88,6,2,4,0,1,15,1
0,1,29,3,2,1,0,1,9,1
0,0,10,1,3,0,0,1,7,1
1,0,61,3,8,6,0,1,6,1
0,1,18,3,2,3,0,1,28,4
0,1,29,1,1,1,0,1,8,0
1,0,7,1,4,0,0,1,5,1
1,1,20,2,1,0,0,1,11,0
0,1,19,2,0,0,0,1,17,0
0,0,51,5,5,4,0,1,12,1
1,1,14,2,1,0,0,1,10,1
1,0,50,3,6,0,0,1,14,0
1,0,9,2,0,0,0,1,10,1
0,1,45,4,4,3,0,1,10,1
1,1,34,5,2,1,0,1,13,0
1,1,48,3,2,7,0,1,10,2
0,0,19,1,2,2,0,1,3,0
0,1,18,2,2,0,0,1,9,1
0,1,8,1,1,0,0,1,14,1
1,0,88,16,3,13,0,1,15,0
0,1,17,3,1,0,0,1,42,3
0,1,4,1,1,0,0,1,10,1
0,0,11,1,2,0,0,1,3,0
1,0,48,7,1,4,0,1,9,0
0,1,62,4,7,5,0,1,29,1
1,1,51,4,9,5,0,1,23,2
0,1,22,2,1,2,0,1,63,4
1,0,8,1,1,1,0,1,6,1
0,0,37,4,2,2,0,1,9,1
1,1,13,2,2,0,0,1,9,1
1,0,48,4,5,2,0,1,5,0
0,1,16,2,1,3,0,1,51,4
0,1,41,2,3,8,0,1,7,1
1,1,11,1,1,1,0,1,3,0
0,0,66,3,6,1,0,1,22,0
1,1,21,3,3,4,0,1,9,1
1,0,9,1,2,0,0,1,6,1
0,1,19,2,1,0,0,1,17,0
0,0,88,6,3,28,0,1,14,0
1,0,39,4,6,3,0,1,3,0
1,1,69,7,7,7,0,1,7,0
1,0,11,2,2,0,0,1,20,1
1,1,62,4,5,0,0,1,48,1
1,0,41,4,3,8,0,1,9,1
0,1,7,1,1,0,0,1,9,1
0,1,7,1,1,0,0,1,8,0
0,1,55,3,10,2,0,1,17,1
1,1,42,5,3,12,0,1,15,1
0,1,13,1,3,0,0,1,31,2
1,1,98,9,8,7,0,1,16,1
0,1,18,1,2,2,0,1,27,2
1,1,59,5,6,9,0,1,7,1
1,0,22,2,2,0,0,1,6,1
0,0,40,1,7,0,0,1,44,0
0,1,9,1,0,1,0,1,21,0
1,1,24,4,0,0,0,1,14,2
1,1,16,2,1,3,0,1,11,1
1,0,88,9,4,4,0,1,5,1
1,0,14,2,1,1,0,1,22,0
0,0,22,3,2,2,0,1,6,1
1,0,42,3,2,1,0,1,14,1
0,0,20,1,1,1,0,1,6,0
1,1,32,3,1,5,0,1,11,0
1,0,60,3,3,12,0,1,19,1
1,0,38,2,5,3,0,1,5,1
1,1,25,3,2,1,0,1,79,6
0,0,37,4,2,7,0,1,10,1
0,0,76,2,8,12,0,1,5,2
0,1,42,3,7,1,0,1,7,0
0,0,13,1,1,0,0,1,9,1
0,0,10,2,0,0,0,1,12,1
1,1,13,2,1,0,0,1,39,3
1,1,31,4,2,3,0,1,12,0
1,0,21,2,0,1,0,1,7,1
0,1,11,1,1,1,0,1,16,1
1,0,24,3,1,1,0,1,11,1
0,0,113,11,4,13,0,1,11,1
0,0,44,4,1,3,0,1,12,1
0,0,23,3,1,2,0,1,8,1
0,1,17,2,1,1,0,1,4,1
1,1,32,1,6,1,0,1,16,3
1,1,50,3,9,7,0,1,67,4
1,1,50,6,3,9,0,1,17,1
0,1,19,2,0,2,0,1,25,2
0,0,32,5,2,2,0,1,12,1
0,0,30,3,3,3,0,1,7,1
0,0,59,5,5,5,0,1,4,1
0,1,10,2,0,0,0,1,17,1
0,0,21,2,2,1,0,1,9,1
0,1,33,2,3,2,0,1,58,2
1,0,92,11,5,4,0,1,40,3
0,0,17,2,2,0,0,1,6,0
0,0,14,1,1,1,0,1,20,1
0,1,12,1,4,0,0,1,23,2
1,0,9,1,2,2,0,1,8,1
1,1,12,1,0,0,0,1,5,1
1,0,14,2,1,0,0,1,7,1
0,0,20,2,1,2,0,1,5,1
1,1,11,2,0,0,0,1,7,0
0,1,16,2,1,1,0,1,8,0
1,1,18,3,1,1,0,1,4,1
0,0,45,4,2,0,0,1,34,5
1,0,60,1,8,16,0,1,6,1
0,1,22,1,3,5,0,1,10,0
0,1,51,4,3,7,0,1,5,1
1,1,138,10,13,19,0,1,19,1
1,1,74,15,1,2,0,1,13,1
1,1,15,2,2,0,0,1,6,1
0,0,46,6,2,8,0,1,10,1
0,1,15,1,2,0,0,1,10,1
0,1,22,1,5,1,0,1,10,0
1,1,21,3,2,0,0,1,8,1
0,0,9,1,2,2,0,1,39,4
0,0,86,5,16,6,0,1,11,3
1,1,15,1,6,4,0,1,7,0
1,1,10,1,1,3,0,1,10,1
0,1,40,3,3,2,0,1,11,1
1,1,15,3,0,0,0,1,11,1
0,0,19,2,1,2,0,1,8,0
0,1,75,6,8,0,0,1,13,0
1,1,11,1,1,1,0,1,10,1
1,1,12,2,1,0,0,1,12,1
0,1,37,4,4,3,0,1,6,1
0,1,6,1,1,1,0,1,8,0
0,1,16,3,4,0,0,1,72,5
1,0,26,2,2,1,0,1,10,0
0,0,36,4,1,3,0,1,7,1
0,0,23,4,1,2,0,1,10,1
1,1,14,1,0,1,0,1,7,1
0,1,7,1,2,2,0,1,3,0
0,0,52,1,5,2,0,1,4,0
0,1,25,2,4,0,0,1,4,0
1,1,33,4,4,0,0,1,27,0
1,1,61,4,10,2,0,1,8,0
0,0,46,5,2,3,0,1,11,1
1,1,68,5,10,1,0,1,21,2
0,0,13,3,1,0,0,1,3,0
0,0,10,1,2,1,0,1,7,0
0,1,26,3,1,2,0,1,5,0
1,0,17,4,1,0,0,1,8,1
0,1,30,3,3,0,0,1,2,0
1,0,99,8,11,2,0,1,15,2
1,0,86,7,7,14,0,1,15,0
0,0,16,2,1,1,0,1,11,0
0,0,42,1,11,3,0,1,8,1
0,0,10,1,0,1,0,1,1,0
1,0,40,3,3,3,0,1,14,1
0,0,44,1,0,0,0,1,16,1
0,0,29,4,5,2,0,1,33,3
1,0,96,9,15,4,0,1,6,0
1,1,76,3,10,2,0,1,27,4
1,1,25,4,1,7,0,1,27,0
1,0,73,3,9,6,0,1,29,2
1,1,10,1,3,2,0,1,6,1
1,1,10,1,1,1,0,1,17,1
0,0,48,4,14,0,0,1,4,0
1,0,153,12,17,7,0,1,17,1
1,1,58,3,10,3,0,1,28,2
0,0,26,2,2,0,0,1,9,1
1,1,28,2,7,0,0,1,5,1
1,1,16,1,1,5,0,1,35,2
1,1,35,3,2,0,0,1,12,0
1,0,14,2,1,1,0,1,8,1
0,1,22,2,2,0,0,1,11,1
1,1,44,3,4,7,0,1,10,0
0,0,43,4,1,2,0,1,23,1
1,0,17,2,3,0,0,1,8,0
1,1,41,3,6,4,0,1,9,1
0,1,10,1,3,0,0,1,13,1
0,1,52,3,2,6,0,1,8,1
0,1,19,2,0,1,0,1,15,1
0,1,22,2,3,4,0,1,68,4
1,1,36,1,4,0,0,1,48,0
0,0,50,4,10,14,0,1,9,0
0,0,17,2,0,1,0,1,8,1
0,1,34,4,3,1,0,1,7,1
0,1,9,1,1,0,0,1,4,0
1,0,82,4,8,2,0,1,8,1
1,1,71,2,17,2,0,1,16,1
1,1,60,8,3,7,0,1,7,1
1,1,134,20,0,11,0,1,9,0
1,1,43,3,1,2,0,1,10,0
0,1,29,1,3,9,0,1,7,1
1,0,15,3,1,0,0,1,8,1
1,1,22,2,2,0,0,1,7,1
0,0,30,2,2,0,0,1,31,0
1,0,10,1,3,0,0,1,5,1
0,1,28,4,3,3,0,1,14,1
1,1,57,6,2,5,0,1,13,0
1,1,15,1,5,0,0,1,8,2
1,0,49,4,6,4,0,1,6,1
0,1,21,2,1,2,0,1,44,3
1,1,17,2,4,2,0,1,5,1
1,1,45,3,4,2,0,1,7,1
1,1,27,3,0,5,0,1,7,0
0,0,12,1,7,0,0,1,8,1
0,1,18,3,0,0,0,1,40,2
0,1,32,4,2,3,0,1,1,0
0,0,20,1,3,0,0,1,13,1
0,1,7,1,2,0,0,1,18,1
1,0,24,3,4,0,0,1,9,1
0,0,31,5,1,4,0,1,25,2
1,1,14,1,5,0,0,1,40,1
1,1,115,9,18,26,0,1,34,3
1,0,105,6,15,34,0,1,17,2
1,1,15,1,3,1,0,1,13,2
1,0,19,2,2,0,0,1,3,0
0,1,8,1,1,0,0,1,9,1
1,1,27,1,5,5,0,1,7,0
0,1,17,2,1,0,0,1,22,2
0,1,8,1,1,2,0,1,2,0
0,0,112,5,13,0,0,1,11,1
0,0,14,1,1,0,0,1,36,2
0,0,14,2,1,0,0,1,4,1
1,1,25,5,0,0,0,1,29,0
0,0,58,4,10,8,0,1,13,1
1,0,8,1,1,0,0,1,6,0
1,0,15,1,3,1,0,1,20,1
1,1,45,4,5,6,0,1,6,1
0,0,20,1,2,1,0,1,6,1
1,1,24,3,2,0,0,1,58,1
1,1,14,1,4,0,0,1,17,1
0,0,12,1,1,0,0,1,23,0
0,1,16,2,1,0,0,1,12,0
0,0,29,3,4,2,0,1,4,0
1,1,28,3,5,5,0,1,11,2
1,1,24,2,2,1,0,1,3,1
0,1,45,4,7,0,0,1,8,0
0,0,19,2,3,0,0,1,15,1
1,1,29,4,4,1,0,1,10,0
0,0,39,3,1,3,0,1,7,1
1,1,50,5,7,2,0,1,8,1
0,1,23,2,4,3,0,1,18,0
0,1,28,1,2,6,0,1,41,3
1,0,31,5,3,5,0,1,12,1
0,0,18,3,1,0,0,1,23,0
0,0,43,3,3,3,0,1,8,0
1,1,24,1,11,1,0,1,9,1
0,0,10,1,3,0,0,1,3,1
0,0,12,1,1,0,0,1,18,1
1,0,122,9,11,4,0,1,5,1
0,1,20,2,0,4,0,1,16,1
1,0,51,3,8,4,0,1,4,0
0,0,108,1,8,1,0,1,9,0
0,1,14,1,3,2,0,1,12,1
1,1,50,5,6,5,0,1,8,1
1,0,35,3,2,2,0,1,7,1
0,1,36,3,3,4,0,1,19,1
1,1,27,3,7,8,0,1,8,0
0,1,13,3,0,1,0,1,11,0
1,1,12,1,2,0,0,1,10,1
0,0,16,4,0,3,0,1,20,0
0,0,6,2,0,0,0,1,17,2
1,0,19,1,4,0,0,1,6,1
0,0,11,1,1,0,0,1,11,1
0,0,57,5,2,7,0,1,9,1
1,1,115,11,6,8,0,1,26,0
0,1,14,2,1,1,0,1,8,1
0,1,91,10,8,11,0,1,6,1
1,1,18,1,1,0,0,1,5,1
0,0,32,4,0,1,0,1,7,0
0,0,11,2,1,1,0,1,23,2
1,1,34,3,5,0,0,1,12,1
1,1,21,3,1,0,0,1,8,1
1,0,34,2,2,9,0,1,3,0
0,0,51,4,8,2,0,1,17,1
0,0,35,3,1,0,0,1,7,1
0,1,25,1,7,5,0,1,29,2
0,0,18,3,2,0,0,1,13,2
0,1,20,2,1,2,0,1,20,2
1,1,19,3,0,3,0,1,22,2
0,1,7,1,1,0,0,1,19,2
1,1,61,4,3,3,0,1,13,0
1,1,18,1,3,3,0,1,8,1
0,0,13,2,2,2,0,1,10,0
1,1,72,6,7,7,0,1,6,1
0,1,13,1,3,0,0,1,6,1
1,0,29,3,0,1,0,1,4,1
0,0,20,4,2,0,0,1,37,0
0,1,31,4,1,2,0,1,11,1
0,1,44,4,1,3,0,1,7,1
1,1,59,6,4,4,0,1,11,0
1,0,23,2,3,0,0,1,11,1
1,1,60,7,5,17,0,1,5,1
1,0,38,1,0,0,0,1,8,0
0,0,18,2,2,2,0,1,9,1
1,0,88,6,19,21,0,1,6,0
0,1,27,2,3,1,0,1,8,0
1,0,39,2,5,0,0,1,11,1
1,0,41,2,6,1,0,1,6,1
1,0,45,6,3,2,0,1,7,0
0,1,6,1,0,2,0,1,7,1
1,1,58,6,12,10,0,1,5,0
0,0,27,3,4,0,0,1,16,0
0,0,14,3,0,0,0,1,29,0
1,1,18,1,6,0,0,1,11,2
1,1,46,5,4,2,0,1,6,0
0,0,45,7,2,0,0,1,7,0
1,1,20,2,2,2,0,1,6,0
1,1,128,8,6,7,0,1,14,0
0,0,10,1,2,1,0,1,8,0
1,1,13,2,0,1,0,1,13,2
0,0,43,1,3,0,0,1,7,0
1,1,64,6,7,4,0,1,52,3
0,1,59,1,10,8,0,1,7,0
0,0,37,6,2,3,0,1,21,1
1,1,18,2,1,0,0,1,35,2
0,0,24,2,2,0,0,1,14,1
1,1,53,1,11,14,0,1,3,0
1,0,59,7,2,12,0,1,6,0
1,1,134,9,8,12,0,1,28,1
1,1,85,9,5,1,0,1,45,2
1,1,43,6,3,0,0,1,7,1
0,1,21,2,2,0,0,1,10,1
0,1,28,4,1,3,0,1,36,2
1,1,23,2,3,1,0,1,4,1
0,1,28,5,1,1,0,1,26,2
0,1,15,2,2,0,0,1,5,0
0,0,21,3,3,1,0,1,5,0
0,1,37,3,3,8,0,1,4,0
0,1,26,5,0,0,0,1,11,1
0,0,31,2,2,2,0,1,21,2
1,0,27,4,2,3,0,1,7,0
1,0,34,2,0,2,0,1,9,1
1,0,8,1,1,1,0,1,5,1
1,0,66,6,7,6,0,1,5,0
0,0,79,11,2,2,0,1,47,1
0,1,13,1,3,2,0,1,10,1
1,0,99,7,15,13,0,1,9,1
0,0,7,2,0,0,0,1,14,2
1,0,98,7,9,11,0,1,6,0
0,0,7,1,1,1,0,1,3,0
0,1,35,2,9,0,0,1,3,0
1,0,28,1,9,0,0,1,3,0
0,0,10,2,0,0,0,1,9,1
0,1,15,2,2,1,0,1,4,1
0,1,9,1,2,0,0,1,9,0
1,1,37,5,3,0,0,1,10,1
1,0,60,6,4,6,0,1,13,1
0,0,16,3,2,0,0,1,12,1
0,0,10,1,1,1,0,1,8,1
1,0,136,12,15,2,0,1,11,1
0,1,20,2,2,0,0,1,12,1
0,1,90,8,12,4,0,1,21,1
1,1,25,2,8,3,0,1,17,1
0,1,5,1,0,0,0,1,3,1
0,1,8,1,2,1,0,1,5,0
1,1,13,1,1,1,0,1,11,1
0,0,57,7,12,5,0,1,12,1
0,0,28,2,2,1,0,1,12,1
1,0,106,9,10,11,0,1,7,0
1,0,36,2,4,9,0,1,7,1
1,0,43,5,3,6,0,1,10,0
1,0,17,3,1,1,0,1,17,2
0,1,16,3,1,0,0,1,23,2
1,0,109,8,4,69,0,1,47,2
1,1,15,2,1,3,0,1,22,1
1,0,25,3,2,0,0,1,10,1
0,0,9,1,2,0,0,1,5,1
1,1,16,4,0,0,0,1,7,0
1,1,19,4,1,0,0,1,24,2
0,0,36,2,4,3,0,1,17,2
1,0,32,2,6,0,0,1,14,0
0,0,11,1,2,2,0,1,34,0
0,1,17,2,2,5,0,1,5,1
1,1,16,2,4,3,0,1,10,1
0,0,10,1,1,1,0,1,11,1
1,0,7,1,1,0,0,1,8,0
0,1,13,2,1,0,0,1,5,1
0,0,39,1,1,2,0,1,7,0
0,1,11,2,3,0,0,1,13,0
0,1,21,1,4,0,0,1,22,1
1,1,31,4,4,2,0,1,39,2
0,0,20,4,4,3,0,1,6,1
0,1,10,1,0,1,0,1,21,1
1,1,93,7,4,8,0,1,12,1
0,1,20,3,2,3,0,1,8,0
1,0,31,5,1,1,0,1,11,0
1,0,13,2,2,1,0,1,3,0
0,0,13,1,4,0,0,1,8,1
0,0,29,4,4,0,0,1,11,1
1,0,14,1,4,1,0,1,10,1
0,0,39,3,6,5,0,1,10,0
0,0,13,2,1,1,0,1,7,1
1,1,54,8,2,0,0,1,8,1
0,1,28,5,1,7,0,1,16,1
0,0,40,4,4,10,0,1,20,0
0,0,13,2,0,0,0,1,27,1
1,0,10,1,2,1,0,1,7,1
0,0,17,3,1,0,0,1,13,1
0,0,105,7,5,11,0,1,8,1
1,1,50,10,0,2,0,1,9,1
0,0,19,1,0,4,0,1,65,5
1,0,109,19,13,5,0,1,41,2
1,0,53,8,4,1,0,1,9,1
1,1,36,5,2,3,0,1,10,0
0,0,24,2,2,4,0,1,12,1
1,0,22,4,3,0,0,1,6,0
0,0,18,3,1,2,0,1,18,0
1,0,15,1,0,7,0,1,8,1
0,0,10,1,2,0,0,1,6,1
0,0,24,4,1,4,0,1,9,1
0,1,20,1,3,2,0,1,25,3
0,0,38,3,3,1,0,1,6,0
1,1,10,1,1,0,0,1,11,1
1,1,91,16,5,3,0,1,10,0
1,0,12,1,1,1,0,1,22,5
1,1,49,5,2,2,0,1,16,1
0,0,34,3,6,3,0,1,11,0
0,0,15,1,6,0,0,1,11,1
1,1,11,1,1,0,0,1,8,1
1,1,96,9,12,1,0,1,7,1
0,1,18,3,0,0,0,1,6,1
1,1,27,2,5,1,0,1,7,0
1,0,32,2,2,2,0,1,17,1
0,0,11,1,1,0,0,1,5,1
1,1,19,2,1,1,0,1,20,1
0,0,30,3,0,2,0,1,24,2
0,0,24,2,1,2,0,1,2,0
0,0,12,1,1,1,0,1,6,1
1,1,21,1,2,8,0,1,12,0
0,1,25,3,3,2,0,1,32,2
1,1,11,1,1,0,0,1,11,1
1,1,14,3,0,1,0,1,5,1
0,0,6,1,2,2,0,1,11,1
0,0,33,3,2,2,0,1,8,1
1,1,16,2,1,1,0,1,9,1
0,0,8,1,1,1,0,1,4,0
0,0,38,2,2,8,0,1,7,1
0,1,40,4,1,1,0,1,12,1
1,1,23,3,0,2,0,1,7,1
0,1,11,2,1,0,0,1,9,1
0,0,22,3,1,1,0,1,7,1
0,0,18,4,1,0,0,1,38,2
0,0,31,3,3,0,0,1,13,1
1,0,15,3,0,0,0,1,8,1
0,0,24,1,0,6,0,1,8,1
1,0,46,3,1,0,0,1,22,1
0,0,68,7,1,3,0,1,13,0
0,1,13,1,3,0,0,1,13,1
1,1,22,2,0,1,0,1,9,1
1,1,51,8,4,2,0,1,43,1
1,1,49,2,4,0,0,1,11,1
1,1,13,2,1,1,0,1,13,1
0,0,17,1,1,0,0,1,11,1
1,1,21,4,2,1,0,1,21,2
0,0,28,3,4,3,0,1,11,1
1,0,29,5,2,1,0,1,23,1
0,0,35,5,3,0,0,1,16,1
0,1,30,3,1,4,0,1,29,1
0,1,58,4,6,1,0,1,10,1
0,0,5,1,0,0,0,1,14,1
0,1,33,3,2,6,0,1,10,0
0,0,77,7,10,11,0,1,4,0
1,1,10,1,1,0,0,1,8,0
0,1,14,1,2,1,0,1,11,0
1,0,23,1,5,3,0,1,12,0
1,1,5,1,0,0,0,1,11,1
1,1,29,3,4,7,0,1,8,0
0,1,14,1,2,1,0,1,14,2
0,0,48,6,4,2,0,1,26,1
1,0,8,2,0,0,0,1,7,0
1,0,13,3,0,1,0,1,17,1
0,0,17,2,1,2,0,1,8,0
0,0,18,3,1,2,0,1,7,1
0,0,27,2,4,3,0,1,5,0
0,1,77,7,4,2,0,1,14,1
0,0,49,6,4,1,0,1,7,1
0,1,46,3,7,7,0,1,5,1
0,1,10,1,3,0,0,1,8,1
0,0,25,2,2,1,0,1,7,0
1,1,11,3,0,0,0,1,8,1
0,1,8,1,0,0,0,1,16,1
0,1,44,7,1,1,0,1,54,4
0,0,7,2,0,0,0,1,18,1
1,1,30,3,2,0,0,1,12,1
0,0,23,3,1,2,0,1,5,1
0,0,16,2,3,1,0,1,2,0
1,1,77,7,5,2,0,1,7,1
1,1,12,2,0,0,0,1,2,0
0,1,7,1,1,0,0,1,5,0
1,1,120,13,14,12,0,1,47,4
1,0,64,4,7,4,0,1,11,1
1,1,51,12,2,1,0,1,11,1
1,1,15,2,1,1,0,1,7,1
0,1,67,5,10,7,0,1,29,3
0,1,16,3,3,0,0,1,19,1
0,1,125,16,13,17,0,1,13,0
0,0,35,3,2,3,0,1,12,1
1,0,24,3,4,1,0,1,11,1
0,0,50,3,2,13,0,1,15,0
1,1,107,2,1,11,0,1,15,0
1,0,27,2,2,7,0,1,7,1
0,1,47,3,6,6,0,1,8,1
0,0,51,5,8,3,0,1,18,0
1,1,13,2,2,1,0,1,10,1
1,0,29,2,2,1,0,1,10,1
0,0,65,7,4,21,0,1,6,1
1,1,99,5,5,13,0,1,11,0
0,0,8,1,0,1,0,1,9,1
1,1,15,3,1,2,0,1,11,0
0,0,8,1,1,0,0,1,6,1
0,0,54,13,3,0,0,1,10,1
0,0,21,4,1,0,0,1,8,1
0,1,41,3,0,7,0,1,5,1
0,0,16,3,1,2,0,1,12,1
1,0,19,1,3,0,0,1,9,1
1,0,153,13,9,9,0,1,10,1
1,0,14,3,1,1,0,1,8,1
0,1,58,4,5,4,0,1,34,1
0,1,26,2,5,0,0,1,6,1
1,1,10,1,2,0,0,1,10,1
0,1,17,1,4,0,0,1,12,1
1,1,22,3,2,5,0,1,11,1
1,1,49,4,3,3,0,1,10,1
0,1,48,3,4,2,0,1,18,1
1,1,80,4,13,2,0,1,10,1
0,0,50,7,3,1,0,1,13,1
0,1,19,3,1,0,0,1,9,0
1,1,46,7,5,6,0,1,11,0
1,1,98,12,6,4,0,1,5,1
1,1,53,2,5,0,0,1,22,0
1,1,49,1,2,0,0,1,15,0
1,1,49,2,6,9,0,1,23,3
0,0,8,1,1,0,0,1,3,0
0,1,20,2,2,1,0,1,5,1
1,0,13,3,0,0,0,1,11,0
1,1,22,2,1,1,0,1,8,1
0,1,60,2,3,4,0,1,13,1
1,1,31,3,3,1,0,1,9,1
1,0,22,3,3,0,0,1,10,1
1,0,47,11,0,1,0,1,11,0
0,0,24,3,3,0,0,1,14,2
1,1,35,2,4,6,0,1,16,1
0,1,7,1,0,0,0,1,5,0
0,0,33,2,1,7,0,1,19,1
1,1,54,5,7,4,0,1,9,0
1,0,14,2,2,3,0,1,12,0
1,1,39,3,5,2,0,1,8,3
0,0,75,4,8,12,0,1,27,2
0,0,33,2,14,2,0,1,14,1
0,0,38,2,4,6,0,1,12,1
0,1,75,2,15,7,0,1,47,5
1,0,12,2,0,0,0,1,5,1
0,0,8,1,0,0,0,1,5,1
0,0,45,1,6,0,0,1,41,2
0,0,14,2,1,2,0,1,10,1
0,1,6,1,0,0,0,1,15,1
1,1,25,3,2,1,0,1,6,0
1,1,24,4,2,2,0,1,7,1
1,0,20,2,2,1,0,1,7,1
0,0,8,1,0,0,0,1,4,0
0,0,15,3,1,0,0,1,8,1
0,1,20,2,1,6,0,1,8,1
0,0,40,1,9,10,0,1,4,0
1,1,31,4,2,0,0,1,26,1
0,1,48,6,5,14,0,1,47,1
0,1,63,4,4,0,0,1,16,1
1,1,101,9,5,7,0,1,2,0
1,0,47,2,3,4,0,1,10,1
0,1,17,2,2,1,0,1,10,0
0,0,24,3,5,0,0,1,11,1
0,0,14,2,1,0,0,1,10,1
1,0,22,3,2,0,0,1,7,1
1,1,100,9,5,7,0,1,9,1
1,0,16,3,2,0,0,1,7,0
1,0,19,3,3,0,0,1,7,1
0,0,56,8,4,2,0,1,10,1
1,1,15,2,1,0,0,1,18,2
1,0,56,10,4,9,0,1,5,1
1,0,36,7,1,0,0,1,31,2
1,1,110,1,7,0,0,1,8,0
1,1,24,2,4,1,0,1,12,1
0,1,13,1,2,0,0,1,23,1
1,1,18,1,3,4,0,1,12,1
0,0,33,4,3,2,0,1,13,1
0,0,26,4,2,3,0,1,11,0
1,1,44,2,8,0,0,1,21,0
1,0,94,11,9,8,0,1,8,1
1,1,49,4,5,1,0,1,15,1
1,0,88,9,3,8,0,1,8,0
1,1,6,1,0,0,0,1,7,1
0,0,47,7,4,2,0,1,66,9
0,1,31,1,1,1,0,1,45,3
1,1,20,1,8,7,0,1,7,1
1,0,29,3,4,3,0,1,37,3
1,0,111,8,15,11,0,1,4,1
0,0,13,2,3,1,0,1,5,1
0,1,12,2,0,0,0,1,12,1
1,1,15,1,0,2,0,1,11,0
1,1,123,10,5,14,0,1,7,0
0,0,26,2,3,8,0,1,5,1
0,0,44,3,6,11,0,1,77,14
1,1,115,11,9,7,0,1,5,1
1,1,62,8,4,7,0,1,4,0
1,1,34,2,6,0,0,1,23,2
0,0,10,3,0,0,0,1,5,0
1,1,35,4,4,5,0,1,6,1
1,1,12,2,1,0,0,1,10,1
0,1,30,4,3,1,0,1,9,1
0,0,20,1,2,2,0,1,5,1
0,0,49,3,5,4,0,1,11,0
1,1,20,2,3,5,0,1,13,0
0,0,14,1,1,2,0,1,10,1
1,1,6,1,0,0,0,1,9,0
1,1,43,3,2,0,0,1,4,0
1,0,29,2,7,3,0,1,5,1
1,0,138,20,13,7,0,1,17,1
1,1,106,10,9,29,0,1,3,0
1,1,57,4,1,19,0,1,20,1
1,0,15,2,0,1,0,1,14,1
1,1,101,10,15,4,0,1,17,0
1,0,60,8,2,7,0,1,7,0
0,1,61,8,7,7,0,1,34,3
0,1,12,1,1,0,0,1,9,1
1,0,122,12,5,8,0,1,24,1
1,0,52,3,3,0,0,1,9,1
0,0,14,1,1,3,0,1,20,0
1,0,17,1,3,2,0,1,10,1
1,0,9,1,2,0,0,1,17,2
0,1,18,4,1,0,0,1,10,0
1,1,20,1,2,4,0,1,8,1
0,0,18,2,1,1,0,1,5,0
1,1,67,4,8,7,0,1,66,6
1,1,15,1,0,2,0,1,12,0
0,1,38,3,2,7,0,1,10,1
1,0,84,4,10,1,0,1,10,1
1,0,35,3,1,3,0,1,9,1
0,0,27,4,2,0,0,1,7,1
0,1,32,4,3,1,0,1,26,1
0,0,9,1,1,0,0,1,7,1
1,1,43,3,3,5,0,1,6,1
0,0,23,2,1,1,0,1,15,0
0,1,8,1,2,0,0,1,6,0
0,0,53,4,4,5,0,1,9,1
0,1,25,3,3,2,0,1,10,1
1,1,90,5,5,4,0,1,9,1
0,0,34,4,3,2,0,1,12,1
1,0,105,9,8,3,0,1,7,0
1,1,8,2,2,0,0,1,8,1
0,0,33,5,5,1,0,1,44,3
1,0,21,3,3,7,0,1,8,0
0,0,25,5,1,0,0,1,18,1
1,1,143,10,9,0,0,1,42,2
0,0,16,1,6,0,0,1,4,1
1,1,23,1,4,2,0,1,9,1
1,1,58,4,6,13,0,1,19,3
1,1,19,2,0,3,0,1,13,1
0,1,26,2,6,3,0,1,15,1
0,1,20,2,2,1,0,1,11,0
0,0,15,3,1,0,0,1,21,1
0,0,25,2,1,2,0,1,5,0
1,0,77,4,5,21,0,1,9,1
1,0,12,2,0,0,0,1,5,1
1,1,11,2,0,0,0,1,3,0
1,1,19,1,1,0,0,1,3,0
0,1,76,9,2,5,0,1,8,1
0,0,9,1,1,2,0,1,3,0
0,1,19,1,2,0,0,1,4,0
1,1,14,2,1,0,0,1,27,3
0,0,36,5,3,0,0,1,13,1
0,0,15,2,0,0,0,1,19,0
1,0,123,7,19,4,0,1,34,2
0,1,15,3,0,0,0,1,33,1
0,0,23,2,3,1,0,1,29,1
0,0,30,3,2,2,0,1,30,2
0,0,14,1,4,0,0,1,8,1
1,0,11,2,0,3,0,1,16,2
1,1,9,2,0,0,0,1,10,2
0,1,25,3,1,2,0,1,10,0
1,0,25,6,1,0,0,1,9,1
0,1,78,1,10,0,0,1,45,2
0,1,22,3,2,0,0,1,8,1
1,1,73,5,5,9,0,1,7,1
1,0,87,5,7,13,0,1,12,2
1,1,34,2,2,7,0,1,12,0
0,0,25,4,3,4,0,1,43,1
1,0,25,5,1,4,0,1,9,1
1,0,45,2,6,2,0,1,9,0
1,1,7,1,0,0,0,1,10,0
0,0,16,4,1,0,0,1,4,1
1,0,12,2,1,0,0,1,25,1
1,0,16,2,4,0,0,1,49,4
0,1,27,3,5,4,0,1,28,1
1,0,64,8,2,5,0,1,4,0
0,0,87,5,2,15,0,1,11,1
0,1,29,1,5,0,0,1,13,1
0,0,27,4,3,0,0,1,8,1
1,0,36,5,2,10,0,1,7,1
1,1,23,1,3,0,0,1,34,2
0,1,34,2,5,1,0,1,13,1
1,1,67,6,5,12,0,1,33,1
0,0,14,1,0,0,0,1,9,1
0,0,59,8,3,0,0,1,32,1
0,1,54,5,4,3,0,1,3,0
0,1,31,1,4,1,0,1,4,1
0,1,20,2,2,0,0,1,8,0
0,1,15,1,2,0,0,1,19,1
0,0,14,1,4,0,0,1,17,2
1,0,75,3,7,0,0,1,41,3
1,0,86,8,6,10,0,1,11,1
1,1,20,3,1,0,0,1,10,1
1,1,23,3,2,1,0,1,17,1
0,1,132,15,23,4,0,1,9,1
0,1,17,3,0,0,0,1,13,1
0,0,7,1,1,2,0,1,14,1
1,1,112,13,6,7,0,1,3,0
1,0,26,4,2,2,0,1,19,3
0,1,60,6,1,0,0,1,8,0
1,1,20,3,1,0,0,1,13,0
1,1,23,4,2,1,0,1,11,0
0,0,26,2,3,3,0,1,7,0
0,0,54,5,7,0,0,1,16,0
1,1,30,5,1,6,0,1,11,0
0,1,7,1,0,0,0,1,10,1
0,0,100,4,14,6,0,1,16,2
1,1,10,1,2,0,0,1,35,2
1,0,30,2,5,7,0,1,8,1
1,1,20,1,5,4,0,1,8,1
1,1,82,2,6,3,0,1,11,1
1,1,26,3,3,4,0,1,8,1
0,0,17,4,1,0,0,1,31,1
1,1,26,4,3,0,0,1,11,1
0,0,22,3,1,0,0,1,17,2
0,0,54,1,13,2,0,1,2,0
1,1,62,8,6,4,0,1,21,1
0,0,22,3,3,0,0,1,36,1
1,1,33,7,4,1,0,1,14,2
1,1,20,3,0,3,0,1,7,0
0,1,29,2,4,4,0,1,4,0
0,0,9,1,3,1,0,1,8,0
1,0,61,5,9,4,0,1,8,1
0,1,24,1,2,1,0,1,7,1
0,0,75,14,7,0,0,1,7,0
0,0,12,2,1,1,0,1,18,1
0,0,17,1,5,4,0,1,3,0
0,1,12,2,0,3,0,1,8,1
0,1,41,3,1,4,0,1,5,0
1,0,49,4,5,2,0,1,9,1
0,0,7,1,1,1,0,1,6,0
0,0,17,2,1,0,0,1,19,1
0,1,30,2,3,0,0,1,13,0
0,0,29,3,1,5,0,1,16,1
1,0,37,5,6,0,0,1,59,4
1,0,63,7,6,1,0,1,12,1
1,1,30,2,2,0,0,1,8,1
1,1,42,2,1,10,0,1,19,1
0,0,81,15,7,0,0,1,10,1
1,1,45,5,4,6,0,1,7,1
0,0,46,3,9,1,0,1,7,0
1,0,48,1,1,0,0,1,5,1
1,1,22,2,3,2,0,1,10,1
1,1,19,2,3,2,0,1,15,0
0,0,50,1,2,23,0,1,10,1
1,1,46,2,7,0,0,1,11,1
1,1,33,4,6,2,0,1,21,2
0,1,23,1,3,0,0,1,22,4
0,0,37,4,2,0,0,1,8,1
1,0,8,2,0,0,0,1,4,0
1,1,46,6,4,3,0,1,19,0
1,0,37,2,7,3,0,1,12,1
1,1,41,4,3,6,0,1,9,1
1,0,103,8,6,9,0,1,6,1
1,1,51,6,4,0,0,1,8,1
1,0,31,5,1,0,0,1,14,1
0,0,53,5,1,13,0,1,47,4
1,1,11,2,1,0,0,1,7,0
1,1,72,10,5,13,0,1,32,2
0,1,19,3,3,1,0,1,9,0
0,0,22,3,3,1,0,1,8,1
1,1,48,3,2,6,0,1,7,1
1,0,13,2,2,1,0,1,21,2
0,0,27,3,2,1,0,1,11,1
0,0,29,4,1,2,0,1,8,1
0,0,41,4,4,0,0,1,5,1
0,0,49,1,4,6,0,1,4,0
1,1,83,11,4,15,0,1,5,0
1,0,46,2,18,3,0,1,12,1
0,1,29,3,1,2,0,1,6,1
1,1,45,2,8,0,0,1,21,0
0,0,56,6,4,7,0,1,11,1
1,0,71,7,6,1,0,1,13,1
0,0,14,2,3,0,0,1,11,1
0,1,103,4,11,1,0,1,14,1
0,1,16,2,2,0,0,1,44,3
1,0,19,4,2,0,0,1,11,1
0,1,16,3,1,1,0,1,15,1
0,1,9,1,1,1,0,1,7,1
0,1,37,4,4,3,0,1,7,1
0,1,22,3,1,1,0,1,9,1
1,1,42,5,3,2,0,1,7,1
1,0,121,12,10,36,0,1,30,3
1,1,35,2,5,1,0,1,4,1
1,1,33,1,7,7,0,1,3,0
1,1,60,8,6,10,0,1,30,2
0,0,31,3,4,0,0,1,11,1
1,0,16,2,2,0,0,1,10,1
1,1,116,7,20,9,0,1,10,0
0,0,11,2,1,0,0,1,7,1
1,1,82,8,8,2,0,1,9,1
1,0,77,8,10,2,0,1,24,2
0,1,16,2,1,1,0,1,10,1
1,1,36,2,4,0,0,1,12,1
1,0,114,10,11,8,0,1,30,2
1,1,40,5,4,7,0,1,5,0
1,0,26,3,3,1,0,1,5,1
1,1,71,11,4,5,0,1,6,0
0,0,10,1,1,0,0,1,8,1
0,0,8,1,0,0,0,1,13,1
1,1,136,9,7,0,0,1,34,2
1,1,11,1,2,2,0,1,11,1
0,0,71,1,6,23,0,1,4,1
0,1,18,2,2,0,0,1,8,1
1,1,21,2,5,0,0,1,19,3
0,0,12,2,0,0,0,1,5,0
1,0,50,6,0,19,0,1,7,0
0,1,16,2,2,2,0,1,9,0
1,1,34,2,10,6,0,1,5,1
0,1,29,4,3,0,0,1,10,0
1,0,36,6,1,2,0,1,11,1
0,0,28,3,4,2,0,1,10,1
0,0,35,3,4,0,0,1,7,1
1,0,33,7,3,5,0,1,5,1
1,1,128,9,8,8,0,1,67,3
0,0,123,2,19,0,0,1,15,1
0,0,98,1,2,0,0,1,7,0
1,0,39,7,1,6,0,1,5,0
1,0,51,5,1,5,0,1,18,1
1,1,89,9,16,6,0,1,15,2
0,0,15,1,2,1,0,1,8,1
1,0,48,2,7,10,0,1,30,1
0,0,11,2,0,0,0,1,16,3
1,0,12,1,1,0,0,1,6,1
1,0,36,5,1,0,0,1,5,0
1,1,129,7,3,12,0,1,9,1
1,0,20,2,4,0,0,1,13,1
1,0,15,3,0,1,0,1,27,2
1,1,21,4,1,2,0,1,6,0
0,0,62,7,4,2,0,1,15,0
1,0,57,6,3,14,0,1,8,1
1,1,61,2,3,1,0,1,7,0
0,0,15,2,0,2,0,1,8,1
1,1,29,1,2,1,0,1,7,0
0,0,7,1,0,0,0,1,6,1
0,0,137,1,2,71,0,1,7,0
0,0,35,4,2,0,0,1,18,1
1,1,32,1,3,0,0,1,40,0
1,1,94,11,14,0,0,1,54,1
1,0,9,1,1,0,0,1,10,1
0,0,35,3,2,1,0,1,7,1
0,1,43,1,0,1,0,1,8,0
1,0,33,4,6,0,0,1,6,0
1,1,88,8,10,11,0,1,6,1
0,1,18,2,4,0,0,1,6,0
1,1,32,3,3,4,0,1,8,0
1,1,25,1,8,4,0,1,3,0
0,0,20,2,5,0,0,1,8,0
0,0,13,2,2,1,0,1,3,0
0,1,15,3,1,2,0,1,6,0
0,0,16,2,1,0,0,1,3,0
1,1,29,2,3,1,0,1,6,1
0,1,11,1,0,0,0,1,6,0
0,0,15,3,1,0,0,1,19,1
0,0,29,3,2,1,0,1,17,1
1,1,32,3,2,0,0,1,8,1
0,0,18,2,2,3,0,1,36,2
0,0,5,1,0,0,0,1,3,1
0,0,48,3,10,0,0,1,6,0
1,1,20,4,1,0,0,1,30,1
1,1,29,6,2,0,0,1,12,1
0,0,38,4,5,1,0,1,7,1
1,1,70,5,12,3,0,1,12,0
0,1,15,2,1,2,0,1,7,0
0,1,19,2,4,4,0,1,16,1
0,0,20,2,3,0,0,1,5,0
0,1,69,3,3,8,0,1,10,0
0,0,13,2,3,0,0,1,23,1
1,1,18,2,1,0,0,1,10,0
0,0,22,2,1,2,0,1,5,0
1,1,34,5,4,5,0,1,7,1
1,0,61,3,3,33,0,1,19,2
1,0,62,5,6,7,0,1,9,1
1,1,12,2,1,0,0,1,41,2
0,0,53,3,9,2,0,1,6,1
1,1,7,2,0,0,0,1,9,1
0,1,62,3,8,2,0,1,8,0
0,0,21,2,4,0,0,1,49,4
0,1,28,1,7,0,0,1,22,1
0,0,18,3,0,0,0,1,7,1
1,1,16,1,4,0,0,1,3,1
1,0,62,9,4,6,0,1,8,1
1,1,78,7,7,8,0,1,19,1
1,0,15,1,4,4,0,1,9,0
1,1,73,5,7,2,0,1,14,2
0,1,15,1,3,0,0,1,8,1
0,0,10,1,1,1,0,1,8,0
0,0,15,3,0,0,0,1,4,1
0,1,13,1,4,0,0,1,8,1
1,1,12,1,1,0,0,1,3,0
0,0,88,8,4,3,0,1,11,0
0,0,26,2,3,1,0,1,17,1
0,0,78,7,6,13,0,1,9,0
1,1,32,3,5,4,0,1,25,2
1,0,22,3,4,0,0,1,20,2
1,0,9,1,2,1,0,1,10,2
0,1,63,3,10,3,0,1,4,0
1,1,62,4,10,1,0,1,6,1
1,0,148,15,12,2,0,1,10,1
0,1,18,2,4,0,0,1,15,1
0,0,15,2,1,1,0,1,4,1
0,0,90,12,9,2,0,1,44,1
0,0,49,4,4,1,0,1,15,1
0,0,17,1,2,0,0,1,4,0
1,1,18,1,3,5,0,1,20,2
1,1,25,2,3,1,0,1,9,1
0,1,13,3,1,0,0,1,23,0
0,0,58,9,4,1,0,1,9,1
0,0,15,3,1,0,0,1,7,0
0,0,14,1,2,4,0,1,7,1
0,1,6,1,0,0,0,1,16,0
1,1,10,1,1,0,0,1,29,4
1,0,47,6,2,1,0,1,6,1
0,0,9,1,1,0,0,1,19,1
1,1,23,4,2,0,0,1,19,0
0,0,35,5,3,6,0,1,7,1
1,1,41,6,2,1,0,1,17,1
0,0,25,2,3,3,0,1,7,1
1,1,37,3,2,2,0,1,9,1
0,0,48,5,7,4,0,1,4,0
0,0,27,2,3,3,0,1,10,1
0,1,29,2,1,1,0,1,33,3
0,0,44,1,8,0,0,1,9,1
1,0,34,2,5,3,0,1,9,1
0,1,14,1,4,2,0,1,11,1
1,1,43,3,2,2,0,1,30,2
0,0,49,3,4,3,0,1,41,5
1,1,23,3,3,0,0,1,13,1
1,0,43,4,4,2,0,1,10,1
1,0,26,5,2,0,0,1,9,0
0,0,41,1,7,0,0,1,10,0
0,0,14,1,4,0,0,1,9,1
0,0,14,1,2,0,0,1,32,3
0,0,38,4,4,5,0,1,10,0
0,0,25,4,1,9,0,1,11,0
0,0,11,1,3,0,0,1,23,2
1,1,13,1,2,0,0,1,6,1
0,0,9,1,2,0,0,1,10,1
0,0,8,1,3,1,0,1,3,1
0,1,16,1,3,0,0,1,10,0
1,1,11,3,0,1,0,1,26,4
1,1,56,10,2,1,0,1,5,1
0,1,40,6,3,0,0,1,55,3
1,0,42,5,7,0,0,1,10,1
0,0,42,4,3,3,0,1,11,1
0,0,27,1,4,0,0,1,14,1
1,1,67,3,5,9,0,1,13,1
0,0,17,3,0,2,0,1,13,1
1,1,49,2,6,11,0,1,14,1
0,1,10,2,0,1,0,1,14,1
0,1,39,5,3,5,0,1,56,4
0,1,32,4,3,0,0,1,32,1
1,0,9,1,1,0,0,1,42,3
1,0,21,4,2,4,0,1,7,1
0,1,11,1,3,2,0,1,13,2
1,1,16,1,3,1,0,1,6,0
1,1,81,9,6,10,0,1,10,1
1,1,119,15,8,6,0,1,23,0
1,1,23,2,2,4,0,1,13,0
1,0,38,4,2,2,0,1,16,0
0,1,13,1,3,1,0,1,7,1
0,0,38,3,5,0,0,1,54,3
0,0,24,2,3,3,0,1,13,1
0,0,17,1,6,4,0,1,13,0
0,1,74,6,7,9,0,1,4,0
0,1,5,1,1,0,0,1,16,1
1,1,38,3,1,4,0,1,45,3
0,0,20,1,2,7,0,1,11,1
0,0,48,6,4,1,0,1,5,1
0,1,66,8,6,8,0,1,29,2
1,0,96,9,6,0,0,1,8,1
0,1,17,1,1,1,0,1,4,0
1,0,97,15,3,9,0,1,25,1
0,0,37,4,6,3,0,1,19,1
1,1,59,3,6,0,0,1,19,1
1,1,12,1,2,0,0,1,18,2
0,0,24,2,4,1,0,1,7,0
1,0,42,6,3,4,0,1,4,0
0,0,16,1,3,3,0,1,8,1
0,0,13,1,2,0,0,1,7,1
0,0,35,1,1,12,0,1,11,0
0,0,15,2,2,2,0,1,11,0
1,1,56,1,0,4,0,1,7,0
0,1,8,1,2,1,0,1,45,4
1,0,36,3,0,4,0,1,11,1
1,1,51,4,4,3,0,1,12,1
1,1,128,6,12,4,0,1,9,1
1,1,13,2,2,1,0,1,3,0
1,1,7,1,2,0,0,1,12,1
1,1,100,3,8,40,0,1,10,2
1,1,21,2,0,1,0,1,21,1
0,0,18,2,1,0,0,1,17,0
1,0,61,6,2,6,0,1,9,0
1,1,13,3,1,0,0,1,10,0
1,1,24,1,6,7,0,1,12,1
1,0,51,6,3,5,0,1,12,2
1,1,19,2,2,0,0,1,12,1
0,1,67,1,4,0,0,1,6,0
1,1,70,8,5,6,0,1,7,1
0,0,22,2,2,5,0,1,7,0
0,0,30,3,0,2,0,1,12,1
0,1,30,1,1,18,0,1,11,0
1,1,24,2,3,0,0,1,14,1
0,0,15,1,1,2,0,1,20,1
0,0,29,1,1,0,0,1,5,0
0,0,44,2,11,10,0,1,8,1
0,1,28,1,0,0,0,1,16,0
1,0,16,3,2,0,0,1,10,0
0,1,15,1,3,1,0,1,7,1
0,0,20,2,3,0,0,1,1,0
0,1,13,1,2,2,0,1,7,0
1,0,8,1,0,0,0,1,8,0
1,1,11,2,0,0,0,1,25,4
0,0,67,6,5,2,0,1,95,5
0,1,11,1,4,0,0,1,7,0
0,0,16,2,2,1,0,1,9,1
0,0,64,8,10,1,0,1,12,1
0,0,35,4,5,0,0,1,4,1
0,0,49,8,9,1,0,1,26,1
1,1,41,1,7,0,0,1,13,1
0,0,31,3,4,1,0,1,8,2
1,0,75,6,4,15,0,1,9,0
0,1,45,4,6,3,0,1,10,1
0,1,13,1,1,1,0,1,5,0
1,1,13,1,0,0,0,1,33,2
0,0,13,2,1,1,0,1,21,1
0,0,83,11,7,9,0,1,6,1
1,1,107,1,11,26,0,1,5,1
1,0,30,2,1,7,0,1,8,0
1,1,15,1,2,0,0,1,18,2
1,1,131,18,10,9,0,1,10,1
0,0,8,2,1,4,0,1,3,1
0,0,15,1,7,0,0,1,43,4
1,0,117,7,9,1,0,1,12,0
1,1,37,3,4,1,0,1,28,2
1,0,70,9,4,3,0,1,18,1
1,1,14,2,1,2,0,1,8,1
0,0,29,1,8,7,0,1,10,1
0,0,18,2,2,0,0,1,10,1
0,0,166,20,8,22,0,1,19,0
1,1,48,5,4,0,0,1,9,1
0,0,48,3,7,8,0,1,9,1
0,0,11,2,0,2,0,1,9,1
0,0,45,4,2,13,0,1,34,1
0,0,11,1,2,0,0,1,8,1
0,0,66,10,2,6,0,1,10,0
1,1,53,6,2,1,0,1,18,2
0,0,100,10,9,11,0,1,9,1
0,1,11,1,3,0,0,1,6,1
0,0,9,1,4,0,0,1,9,1
0,0,52,5,5,1,0,1,29,3
0,1,20,1,1,1,0,1,8,1
1,0,151,15,11,21,0,1,10,1
0,0,35,3,1,4,0,1,11,1
0,0,13,2,1,0,0,1,13,1
1,1,74,2,15,1,0,1,5,1
1,1,49,6,5,0,0,1,11,0
1,0,30,3,3,1,0,1,14,1
0,0,23,3,3,1,0,1,36,3
0,0,20,2,2,2,0,1,8,0
0,1,7,1,1,0,0,1,5,1
1,0,59,4,4,10,0,1,26,1
1,0,54,4,8,13,0,1,60,4
0,0,41,2,7,9,0,1,5,1
0,0,19,3,4,0,0,1,36,4
1,1,52,2,0,20,0,1,13,1
0,0,9,1,2,0,0,1,10,1
0,0,17,2,3,1,0,1,11,0
1,0,149,10,10,39,0,1,11,1
0,0,40,2,8,1,0,1,5,1
0,0,13,1,2,1,0,1,4,1
0,1,12,2,1,1,0,1,22,2
1,1,32,2,4,7,0,1,6,1
0,1,25,1,0,3,0,1,9,0
0,1,28,1,2,0,0,1,72,5
0,0,11,1,2,3,0,1,4,1
0,1,28,1,3,2,0,1,8,1
0,0,47,8,3,5,0,1,9,0
1,1,34,1,0,5,0,1,6,0
1,0,22,4,3,0,0,1,6,0
0,0,27,4,1,2,0,1,8,1
0,1,17,1,3,1,0,1,6,1
1,0,56,3,8,2,0,1,3,0
0,1,80,9,9,1,0,1,24,2
0,1,28,2,6,1,0,1,8,1
0,1,10,2,0,0,0,1,10,1
1,1,62,6,5,9,0,1,54,1
0,0,12,1,1,2,0,1,5,1
1,0,65,10,1,3,0,1,7,1
0,1,13,2,1,3,0,1,13,1
0,0,61,7,3,0,0,1,14,1
0,0,37,4,6,0,0,1,7,0
0,0,19,3,1,4,0,1,18,3
0,0,13,1,0,1,0,1,15,1
0,1,17,1,2,2,0,1,14,3
0,1,17,1,3,2,0,1,13,0
1,1,18,1,2,0,0,1,7,0
1,0,8,1,2,0,0,1,3,0
1,0,34,4,2,2,0,1,28,1
0,1,59,8,8,2,0,1,7,1
0,1,28,1,2,3,0,1,6,1
0,1,49,5,4,4,0,1,22,2
1,0,43,7,3,2,0,1,15,0
0,1,28,4,1,2,0,1,6,0
0,1,28,1,5,1,0,1,5,0
0,0,34,1,5,1,0,1,16,2
0,0,26,4,1,0,0,1,13,1
0,0,50,4,7,0,0,1,9,0
1,0,255,1,13,17,0,1,8,0
1,1,56,8,2,3,0,1,7,1
1,0,20,3,1,1,0,1,7,0
0,0,14,2,1,0,0,1,7,0
1,1,46,4,5,9,0,1,10,0
1,0,29,3,5,0,0,1,23,1
0,0,43,5,3,1,0,1,4,0
0,0,65,4,6,18,0,1,5,0
0,1,48,2,6,8,0,1,30,2
0,0,21,4,1,0,0,1,21,1
1,0,32,2,5,4,0,1,10,1
0,0,48,2,3,14,0,1,38,2
0,0,56,11,2,0,0,1,8,1
1,1,15,1,4,0,0,1,7,1
1,1,27,2,4,4,0,1,23,1
0,0,99,16,4,14,0,1,9,1
0,0,23,3,2,1,0,1,26,4
1,1,30,2,3,1,0,1,21,1
0,1,9,1,0,0,0,1,8,0
1,0,51,7,4,0,0,1,6,1
1,0,46,3,12,0,0,1,14,1
1,0,26,4,1,2,0,1,8,1
1,1,8,1,1,0,0,1,18,1
0,1,44,4,3,1,0,1,51,2
0,0,13,2,1,2,0,1,13,2
0,1,35,4,6,0,0,1,5,1
0,0,7,1,2,2,0,1,16,1
0,0,9,2,1,0,0,1,13,1
0,1,25,4,2,2,0,1,8,1
0,0,26,4,3,4,0,1,9,1
1,0,135,21,4,21,0,1,7,0
0,0,95,1,6,5,0,1,8,0
0,1,46,6,7,8,0,1,54,3
1,0,16,2,2,0,0,1,3,0
0,1,61,4,4,6,0,1,9,0
0,1,8,1,0,0,0,1,20,3
0,1,17,1,3,0,0,1,14,1
1,1,111,5,5,11,0,1,23,0
1,1,32,1,3,0,0,1,5,0
0,1,6,1,0,0,0,1,5,1
0,0,23,1,7,3,0,1,17,2
1,0,22,2,0,1,0,1,20,2
0,1,25,2,1,2,0,1,47,3
0,0,37,4,3,1,0,1,20,1
0,0,42,4,3,3,0,1,10,1
0,1,15,2,1,0,0,1,8,1
0,0,15,2,3,0,0,1,21,1
0,1,14,2,1,0,0,1,15,1
1,1,33,2,5,1,0,1,21,2
1,1,19,1,7,0,0,1,11,1
1,0,37,3,0,2,0,1,31,0
0,0,137,9,9,29,0,1,8,1
1,1,82,1,15,1,0,1,3,0
1,1,17,3,2,0,0,1,8,0
1,1,46,4,2,18,0,1,7,1
0,0,84,7,2,2,0,1,22,0
0,0,112,8,10,0,0,1,18,1
0,1,32,3,9,3,0,1,45,5
0,1,52,4,4,3,0,1,9,1
0,1,38,2,4,2,0,1,47,0
0,1,26,5,2,3,0,1,8,1
0,1,15,2,2,0,0,1,9,0
1,0,27,3,0,0,0,1,20,0
1,0,69,4,14,6,0,1,7,1
0,1,19,1,2,2,0,1,7,1
1,0,51,4,8,1,0,1,34,2
0,1,6,1,0,0,0,1,9,1
0,1,13,1,1,4,0,1,6,0
1,1,17,2,2,0,0,1,9,1
0,1,24,4,3,0,0,1,24,2
0,1,24,3,0,1,0,1,12,1
0,1,24,1,6,2,0,1,15,1
1,0,17,3,0,3,0,1,26,2
0,0,15,1,1,1,0,1,8,1
0,0,40,4,3,1,0,1,7,1
1,1,25,1,5,1,0,1,5,1
1,0,90,8,9,6,0,1,7,1
1,0,24,1,1,0,0,1,7,0
0,0,67,1,11,16,0,1,10,1
1,1,34,2,6,2,0,1,25,3
0,0,26,2,4,0,0,1,4,1
0,1,37,5,2,1,0,1,36,2
0,0,64,5,7,8,0,1,8,1
1,1,20,2,2,0,0,1,9,1
1,1,8,1,0,0,0,1,14,1
0,1,19,2,1,2,0,1,61,3
0,1,22,2,2,5,0,1,3,0
0,1,35,2,5,7,0,1,23,4
0,0,57,11,2,2,0,1,13,1
1,0,23,1,3,2,0,1,15,1
1,0,42,2,5,2,0,1,4,0
0,0,13,2,2,2,0,1,11,1
1,1,50,3,6,12,0,1,16,1
1,1,68,1,14,9,0,1,3,0
0,0,29,3,4,1,0,1,12,1
0,0,50,5,4,2,0,1,12,1
0,1,19,2,1,2,0,1,16,1
1,1,10,1,4,0,0,1,9,1
1,0,23,2,1,2,0,1,9,1
1,1,45,4,14,1,0,1,11,1
0,0,32,4,1,0,0,1,20,0
1,0,71,9,7,10,0,1,23,1
1,0,13,1,3,1,0,1,4,0
0,1,14,2,2,2,0,1,5,1
0,0,32,3,4,2,0,1,18,2
0,0,22,3,1,0,0,1,13,0
1,1,14,2,1,0,0,1,6,0
1,1,89,4,7,0,0,1,33,2
0,0,23,2,0,1,0,1,11,1
0,1,27,1,1,2,0,1,18,0
0,1,65,9,2,6,0,1,75,4
0,1,34,1,4,1,0,1,20,1
0,1,25,5,2,2,0,1,31,2
1,0,76,10,6,0,0,1,3,0
0,0,29,2,2,2,0,1,13,1
0,1,88,5,7,7,0,1,51,4
1,1,11,1,1,2,0,1,14,2
0,0,20,1,6,0,0,1,9,1
1,0,71,8,4,5,0,1,8,1
0,0,12,1,2,1,0,1,16,1
0,1,10,1,2,3,0,1,15,0
0,0,30,6,1,3,0,1,15,1
0,0,93,11,7,3,0,1,16,1
1,0,36,5,2,2,0,1,5,1
1,1,10,1,1,0,0,1,11,0
1,1,39,2,4,0,0,1,32,1
0,0,20,1,2,0,0,1,11,0
0,0,65,4,11,3,0,1,8,1
0,0,42,4,5,12,0,1,12,0
0,0,11,2,0,0,0,1,4,0
1,0,33,2,5,2,0,1,9,1
0,0,18,3,1,0,0,1,14,1
0,1,94,1,6,8,0,1,22,4
0,0,57,2,11,1,0,1,4,0
0,1,10,1,1,0,0,1,23,4
1,1,93,11,6,7,0,1,29,0
1,0,32,2,2,3,0,1,7,0
0,0,8,1,1,0,0,1,12,4
0,0,31,4,2,0,0,1,12,1
1,0,94,6,9,7,0,1,20,0
0,1,21,2,3,0,0,1,8,1
1,1,15,2,1,0,0,1,11,1
0,0,9,2,0,0,0,1,21,0
0,1,29,3,4,2,0,1,64,2
0,1,74,8,10,0,0,1,20,1
1,1,10,1,1,0,0,1,5,1
1,1,58,6,4,6,0,1,64,0
1,0,10,1,1,0,0,1,7,1
0,1,55,1,3,2,0,1,7,0
0,1,41,3,2,4,0,1,11,1
0,0,46,7,0,3,0,1,27,2
0,0,22,4,0,3,0,1,8,0
0,0,30,6,2,0,0,1,10,0
0,1,34,2,7,2,0,1,12,0
1,1,19,3,2,0,0,1,17,1
0,0,45,5,5,0,0,1,8,0
0,0,5,1,0,0,0,1,35,4
0,0,35,4,4,0,0,1,12,1
1,0,23,3,1,2,0,1,9,0
0,0,31,7,0,3,0,1,9,1
1,0,39,3,6,0,0,1,7,0
1,1,33,3,5,0,0,1,17,2
0,0,28,3,4,0,0,1,10,1
1,1,146,7,9,11,0,1,8,0
0,0,7,1,0,1,0,1,30,2
1,1,29,2,3,3,0,1,7,1
1,1,16,2,3,1,0,1,6,1
1,1,93,6,15,8,0,1,12,1
1,0,33,3,2,9,0,1,5,0
1,1,47,8,2,11,0,1,15,1
1,1,9,1,1,0,0,1,12,1
0,0,15,2,3,0,0,1,7,1
0,1,13,1,3,0,0,1,5,1
0,0,25,2,1,5,0,1,6,0
1,0,54,3,7,0,0,1,29,2
1,0,8,1,1,0,0,1,6,1
1,0,39,4,3,3,0,1,4,1
1,1,50,5,8,3,0,1,4,1
0,0,8,1,2,0,0,1,8,1
0,1,16,2,3,2,0,1,4,1
0,0,12,1,1,4,0,1,8,1
1,0,48,6,3,2,0,1,10,1
1,1,12,2,1,0,0,1,40,1
1,0,17,2,2,1,0,1,5,1
0,1,27,3,2,4,0,1,9,1
0,0,30,7,3,6,0,1,7,1
0,1,12,1,1,2,0,1,15,2
1,1,10,1,0,1,0,1,12,1
0,0,46,5,5,3,0,1,6,0
0,0,19,3,1,2,0,1,7,1
0,0,7,1,1,1,0,1,44,1
1,0,84,7,8,1,0,1,10,1
1,1,47,2,5,12,0,1,12,0
1,1,18,2,0,1,0,1,14,3
1,0,47,3,4,8,0,1,24,1
0,1,10,1,0,3,0,1,7,1
1,0,30,3,3,2,0,1,6,0
0,0,24,3,2,0,0,1,33,2
0,1,34,3,2,2,0,1,5,0
1,1,15,2,1,1,0,1,10,1
0,1,18,1,3,3,0,1,6,0
1,0,76,5,12,1,0,1,11,0
0,0,6,1,1,2,0,1,6,0
0,0,56,7,2,4,0,1,6,0
0,0,86,1,11,5,0,1,23,0
1,0,76,7,2,7,0,1,8,1
1,0,83,14,5,1,0,1,9,1
1,1,37,3,5,1,0,1,5,1
0,0,12,2,1,1,0,1,8,1
0,0,83,10,6,8,0,1,13,1
1,1,16,2,2,0,0,1,7,1
1,1,11,2,3,1,0,1,4,1
1,1,67,10,1,8,0,1,15,1
1,1,36,3,1,5,0,1,9,0
1,0,11,1,1,1,0,1,6,0
0,1,13,1,1,2,0,1,9,1
0,0,55,3,12,0,0,1,12,1
0,1,12,2,2,0,0,1,8,1
0,1,77,9,6,4,0,1,8,1
1,0,39,4,4,1,0,1,12,1
1,1,74,5,2,5,0,1,4,1
1,0,156,10,6,8,0,1,13,1
1,1,66,6,5,18,0,1,19,0
0,1,23,4,2,4,0,1,19,1
1,0,11,2,1,0,0,1,10,1
0,0,17,3,1,0,0,1,28,3
1,1,11,2,1,1,0,1,10,1
0,0,33,3,8,5,0,1,8,1
1,0,114,3,11,15,0,1,4,0
1,1,24,3,2,2,0,1,7,1
0,0,13,1,1,1,0,1,18,1
1,1,10,1,1,0,0,1,7,1
1,1,19,4,2,0,0,1,27,2
1,0,18,2,1,0,0,1,5,1
1,1,17,3,4,0,0,1,8,0
0,0,15,2,0,0,0,1,34,3
0,1,21,3,2,0,0,1,10,0
1,1,53,3,8,2,0,1,6,1
1,1,7,1,1,0,0,1,6,0
0,1,54,6,4,2,0,1,18,1
1,1,195,1,9,1,0,1,7,0
1,1,26,4,0,4,0,1,7,0
0,1,10,3,0,0,0,1,5,1
1,1,9,1,2,0,0,1,5,1
0,1,19,3,2,1,0,1,15,2
0,1,20,2,0,4,0,1,27,2
0,0,29,5,3,6,0,1,5,0
0,0,12,1,1,0,0,1,28,2
1,1,7,1,1,0,0,1,9,1
0,0,64,10,3,15,0,1,3,1
1,1,14,1,0,5,0,1,13,0
0,1,20,3,0,2,0,1,11,1
0,1,46,3,5,3,0,1,34,1
0,1,10,3,1,0,0,1,11,1
0,0,27,3,1,1,0,1,13,2
0,0,13,1,2,0,0,1,12,0
1,0,44,6,2,2,0,1,6,1
1,1,11,1,1,0,0,1,19,1
1,0,7,1,2,2,0,1,5,0
1,0,26,5,2,0,0,1,6,0
0,0,15,2,3,0,0,1,42,2
0,0,10,1,2,0,0,1,11,1
0,1,25,3,3,0,0,1,45,3
0,0,46,6,4,0,0,1,45,1
0,1,10,1,2,0,0,1,14,0
1,1,21,4,1,1,0,1,6,1
1,0,25,1,3,3,0,1,11,1
0,1,30,3,1,1,0,1,10,0
1,0,30,6,0,2,0,1,22,2
1,0,27,2,3,2,0,1,15,1
0,1,22,2,6,2,0,1,7,1
0,1,9,1,0,0,0,1,68,4
1,0,44,7,3,3,0,1,12,1
0,0,17,3,1,5,0,1,7,0
1,1,7,1,0,0,0,1,20,1
1,1,46,4,10,1,0,1,11,1
0,1,56,3,4,6,0,1,11,1
0,0,19,2,0,1,0,1,6,0
1,0,21,2,2,7,0,1,7,0
0,0,11,1,2,0,0,1,13,1
1,0,26,2,2,1,0,1,5,0
0,0,39,5,7,0,0,1,13,2
1,1,31,2,6,2,0,1,7,1
0,1,15,2,2,0,0,1,8,0
0,1,30,3,3,2,0,1,6,1
0,0,46,9,3,3,0,1,7,1
1,1,81,6,14,15,0,1,41,2
0,1,59,1,3,33,0,1,9,0
0,0,72,7,5,6,0,1,5,0
0,0,36,3,3,1,0,1,5,1
0,1,37,3,6,4,0,1,4,1
1,1,10,2,1,1,0,1,6,1
0,0,41,3,2,3,0,1,2,0
1,1,23,3,1,4,0,1,4,0
0,1,14,2,1,0,0,1,19,1
0,0,14,3,0,0,0,1,9,1
0,0,47,7,6,3,0,1,7,1
0,1,32,5,3,1,0,1,10,0
1,0,19,2,0,3,0,1,16,0
1,0,52,4,4,5,0,1,11,1
0,1,11,1,1,3,0,1,4,0
1,0,59,11,3,2,0,1,22,1
0,1,26,3,3,0,0,1,6,1
1,1,51,3,8,0,0,1,9,1
0,0,33,6,1,0,0,1,12,1
0,0,35,3,4,0,0,1,18,1
0,0,10,2,0,1,0,1,8,0
1,1,65,9,8,13,0,1,35,3
0,0,18,2,2,0,0,1,9,1
0,1,14,2,1,0,0,1,13,2
1,0,19,2,4,2,0,1,23,1
0,0,70,6,8,5,0,1,10,0
1,1,14,2,1,0,0,1,8,1
0,0,36,2,6,1,0,1,17,0
0,1,9,1,0,0,0,1,5,1
1,1,26,3,3,0,0,1,13,1
0,1,41,5,1,1,0,1,6,1
1,1,18,3,2,1,0,1,5,1
1,0,25,2,1,2,0,1,2,0
0,1,19,3,2,0,0,1,11,0
1,1,11,1,3,0,0,1,10,1
0,1,14,1,2,0,0,1,7,1
1,1,48,4,5,8,0,1,9,1
0,1,14,2,1,0,0,1,33,3
1,1,98,10,6,7,0,1,10,0
1,1,51,5,6,3,0,1,12,1
0,1,36,5,1,0,0,1,7,1
1,1,51,4,3,3,0,1,19,0
0,1,11,2,1,0,0,1,14,5
0,1,15,2,1,0,0,1,5,0
1,1,65,9,1,34,0,1,15,0
1,1,56,3,4,2,0,1,14,0
1,1,32,1,2,0,0,1,60,1
0,1,24,1,6,2,0,1,13,1
1,1,9,1,0,0,0,1,3,0
0,1,21,2,5,0,0,1,5,1
0,0,26,3,4,3,0,1,4,1
0,0,74,8,4,9,0,1,4,0
1,0,68,2,0,4,0,1,7,1
1,1,76,10,1,32,0,1,8,1
0,0,42,2,3,4,0,1,4,1
1,0,24,2,1,0,0,1,12,1
0,0,58,4,8,0,0,1,8,0
1,1,44,7,2,3,0,1,14,1
0,0,39,1,2,1,0,1,7,0
1,1,124,13,9,13,0,1,13,1
1,0,21,4,1,1,0,1,11,1
0,1,9,1,1,0,0,1,11,1
1,0,66,13,1,31,0,1,14,1
0,1,37,2,8,0,0,1,10,1
1,0,106,10,8,0,0,1,10,1
1,1,40,4,1,2,0,1,11,0
0,0,20,1,4,3,0,1,41,5
0,1,14,1,5,1,0,1,71,3
0,0,25,4,1,0,0,1,14,1
1,0,13,2,1,0,0,1,5,1
0,1,32,5,2,4,0,1,17,2
0,1,14,2,1,1,0,1,34,4
1,0,48,4,4,9,0,1,15,1
0,1,26,5,2,0,0,1,11,2
0,0,45,6,1,6,0,1,15,0
1,0,9,1,1,0,0,1,14,1
0,1,25,1,3,1,0,1,8,1
0,0,14,1,1,1,0,1,12,1
0,0,122,3,7,31,0,1,21,0
0,0,21,2,2,0,0,1,8,1
0,1,17,3,2,0,0,1,5,0
1,1,29,4,1,0,0,1,15,1
1,1,44,6,4,1,0,1,16,1
0,0,43,3,3,7,0,1,13,0
1,0,46,5,2,6,0,1,8,1
0,0,13,1,2,0,0,1,6,1
1,1,15,1,0,0,0,1,8,1
1,1,91,10,7,0,0,1,16,1
0,0,76,10,6,2,0,1,7,0
1,1,130,5,13,38,0,1,11,0
0,0,69,6,10,4,0,1,15,0
1,1,25,5,0,0,0,1,17,1
0,0,41,6,3,1,0,1,11,1
0,1,88,10,11,2,0,1,3,0
1,0,25,2,1,2,0,1,5,0
1,1,14,3,1,0,0,1,4,1
1,0,32,3,1,3,0,1,7,1
1,0,26,5,1,0,0,1,17,0
0,0,8,1,1,2,0,1,4,0
1,1,38,2,4,8,0,1,8,0
1,1,31,4,3,0,0,1,9,0
1,1,64,5,6,3,0,1,8,1
0,1,15,1,1,0,0,1,11,1
0,1,10,1,1,0,0,1,8,1
1,0,14,1,2,0,0,1,8,1
0,0,19,2,2,0,0,1,50,4
0,0,13,3,1,0,0,1,35,2
0,1,4,1,0,0,0,1,6,1
0,1,4,1,0,0,0,1,17,1
1,1,12,2,2,0,0,1,23,2
1,1,106,19,1,18,0,1,8,1
1,1,120,12,9,5,0,1,8,1
0,0,9,2,0,0,0,1,8,1
0,0,118,11,10,9,0,1,27,2
0,1,11,2,1,0,0,1,12,1
0,0,31,3,2,0,0,1,13,1
0,0,12,2,1,0,0,1,11,1
1,1,43,3,5,2,0,1,20,0
0,0,57,4,6,3,0,1,17,1
0,0,70,8,5,22,0,1,6,1
1,1,74,6,6,13,0,1,27,0
1,0,56,2,4,5,0,1,11,0
1,0,18,2,1,0,0,1,7,1
1,1,37,5,2,9,0,1,3,0
1,1,8,2,0,0,0,1,9,1
0,0,65,9,6,6,0,1,4,1
1,1,13,1,2,0,0,1,38,4
0,1,74,1,2,0,0,1,7,0
0,0,16,3,0,0,0,1,54,4
0,0,13,2,2,0,0,1,14,1
0,0,10,2,1,0,0,1,13,2
1,0,33,3,3,3,0,1,6,1
0,0,32,2,4,0,0,1,41,2
0,1,10,2,0,0,0,1,5,1
1,1,40,3,9,2,0,1,6,1
1,1,44,3,2,4,0,1,7,0
1,1,36,3,4,5,0,1,9,1
0,0,18,2,3,1,0,1,7,0
0,1,12,2,1,0,0,1,11,1
0,0,8,1,0,0,0,1,10,1
1,0,66,5,5,1,0,1,10,0
0,1,21,2,3,1,0,1,8,1
0,1,20,2,4,0,0,1,13,2
1,1,144,10,7,6,0,1,7,1
0,0,29,5,2,0,0,1,11,0
1,0,41,5,5,7,0,1,7,0
0,0,15,1,2,3,0,1,31,1
1,1,59,6,4,20,0,1,30,3
0,0,5,1,0,0,0,1,14,1
0,0,54,5,5,1,0,1,26,1
1,1,16,1,2,0,0,1,8,1
1,1,9,2,2,0,0,1,11,1
1,1,15,3,1,0,0,1,22,1
1,1,9,1,1,0,0,1,6,1
1,0,76,5,9,10,0,1,7,0
0,1,11,2,1,0,0,1,9,1
1,1,48,2,2,12,0,1,4,1
1,0,27,3,5,0,0,1,7,1
0,1,34,3,3,0,0,1,11,1
1,1,58,6,5,1,0,1,12,1
1,1,15,2,0,0,0,1,7,1
1,0,130,12,17,14,0,1,9,1
1,0,60,7,6,2,0,1,8,0
1,0,18,4,0,4,0,1,9,0
0,0,13,1,4,0,0,1,4,1
0,1,13,1,2,0,0,1,21,0
0,0,41,3,3,4,0,1,7,0
0,1,21,3,2,1,0,1,12,2
1,1,96,6,1,13,0,1,75,1
1,1,10,2,0,0,0,1,21,2
0,1,20,2,0,1,0,1,16,1
1,0,118,3,9,6,0,1,20,1
0,0,20,2,1,3,0,1,8,0
0,1,47,3,4,6,0,1,9,1
1,1,60,5,3,7,0,1,8,1
0,1,10,1,1,2,0,1,10,1
1,1,44,4,2,7,0,1,48,5
1,1,30,1,5,2,0,1,12,1
1,1,7,1,0,0,0,1,7,0
0,0,100,11,2,18,0,1,7,0
0,0,32,2,7,5,0,1,12,1
1,1,13,2,0,1,0,1,11,1
1,0,13,1,4,1,0,1,10,1
0,1,40,1,2,0,0,1,32,2
0,0,25,2,6,3,0,1,48,1
0,1,16,3,0,0,0,1,43,2
1,0,33,3,7,4,0,1,9,1
1,0,23,3,2,4,0,1,28,1
1,0,23,3,1,2,0,1,7,1
0,0,16,1,4,0,0,1,11,1
1,0,14,3,0,2,0,1,8,1
0,1,14,3,0,0,0,1,14,1
0,0,53,1,6,0,0,1,33,0
0,0,7,1,2,0,0,1,7,1
1,0,13,2,0,0,0,1,16,1
1,0,22,3,2,2,0,1,14,1
0,1,8,1,1,0,0,1,4,0
0,0,8,1,3,2,0,1,10,1
0,0,47,1,3,26,0,1,12,1
0,1,12,1,8,0,0,1,15,3
1,1,20,4,0,0,0,1,6,1
1,0,53,7,2,3,0,1,8,1
0,1,9,1,1,1,0,1,26,1
1,1,61,7,9,7,0,1,6,1
1,1,9,1,4,0,0,1,7,1
0,0,72,13,6,11,0,1,24,2
0,1,18,1,4,0,0,1,9,1
0,0,15,3,0,1,0,1,8,1
1,1,9,1,2,0,0,1,10,1
0,1,20,3,1,0,0,1,7,1
1,1,58,3,5,0,0,1,11,0
0,0,30,1,6,6,0,1,6,1
0,0,136,12,12,0,0,1,19,0
1,1,36,3,1,1,0,1,29,2
1,0,67,3,11,3,0,1,6,2
0,1,13,1,2,2,0,1,18,0
0,1,16,1,2,3,0,1,21,2
1,0,119,3,8,13,0,1,24,1
0,0,14,1,2,0,0,1,40,4
0,0,35,3,3,15,0,1,11,1
1,0,54,5,6,0,0,1,9,1
0,0,17,2,2,1,0,1,44,7
0,1,11,2,1,0,0,1,2,0
0,1,11,1,2,0,0,1,13,0
1,0,13,4,0,0,0,1,8,0
1,0,83,10,9,10,0,1,19,2
1,1,53,3,11,7,0,1,39,4
0,0,69,7,8,5,0,1,9,1
1,0,19,2,2,0,0,1,7,1
1,0,60,4,3,3,0,1,8,1
0,1,18,2,3,0,0,1,27,1
1,1,43,6,4,0,0,1,39,2
0,0,9,1,0,0,0,1,6,1
0,0,17,2,0,0,0,1,17,1
0,0,21,2,2,1,0,1,13,1
0,1,65,7,8,5,0,1,30,2
0,0,56,4,3,2,0,1,2,0
0,1,19,3,1,1,0,1,9,1
0,1,88,5,12,9,0,1,3,0
1,0,27,5,2,1,0,1,13,1
1,0,103,7,14,11,0,1,7,1
0,0,61,1,14,1,0,1,13,1
1,1,62,2,1,5,0,1,9,1
1,1,22,1,2,7,0,1,11,1
0,0,66,5,3,7,0,1,15,1
0,0,50,4,3,3,0,1,8,1
0,1,40,4,3,12,0,1,3,0
0,0,11,2,3,1,0,1,13,0
0,0,68,5,3,4,0,1,7,0
1,1,18,3,0,2,0,1,16,0
1,1,56,5,9,1,0,1,39,4
0,0,16,2,2,2,0,1,4,0
0,0,12,1,2,1,0,1,6,1
1,0,92,8,8,10,0,1,8,1
1,1,69,9,3,24,0,1,6,1
0,0,14,2,1,0,0,1,7,0
0,0,44,7,3,0,0,1,10,1
1,1,37,3,1,2,0,1,9,0
0,0,14,4,0,2,0,1,26,3
1,0,59,5,5,4,0,1,5,1
0,1,28,4,1,4,0,1,17,1
1,0,22,5,1,1,0,1,7,0
1,1,40,1,12,2,0,1,14,3
0,1,10,1,2,0,0,1,30,0
1,1,29,3,3,2,0,1,4,1
0,0,35,4,4,0,0,1,46,1
1,1,271,1,7,11,0,1,8,0
0,1,39,3,5,2,0,1,6,1
0,1,22,1,2,7,0,1,12,1
1,1,143,10,14,12,0,1,10,1
0,1,14,2,0,1,0,1,6,1
0,1,40,1,7,1,0,1,5,1
1,0,19,1,4,6,0,1,8,0
1,1,31,5,0,4,0,1,9,0
0,0,16,1,0,10,0,1,6,1
0,0,79,4,8,7,0,1,14,1
0,0,11,1,0,0,0,1,10,2
1,1,27,2,2,1,0,1,20,0
0,0,11,1,1,0,0,1,79,2
0,1,19,2,4,1,0,1,47,5
1,1,54,7,5,0,0,1,14,2
0,0,14,2,2,1,0,1,24,1
0,0,24,2,5,2,0,1,9,1
0,1,59,4,9,14,0,1,78,11
1,1,15,2,0,1,0,1,4,0
1,1,17,2,1,0,0,1,15,1
0,0,13,2,0,0,0,1,12,1
1,1,62,9,3,12,0,1,8,0
0,1,15,2,2,0,0,1,36,3
0,0,21,2,2,1,0,1,12,0
0,0,9,1,2,0,0,1,12,1
0,0,55,1,9,0,0,1,15,1
1,0,33,3,6,0,0,1,12,1
0,0,10,1,0,0,0,1,6,1
1,0,119,5,19,13,0,1,5,1
1,0,10,2,0,1,0,1,6,0
0,0,52,7,2,5,0,1,10,1
1,1,44,5,3,6,0,1,11,0
1,0,30,4,3,2,0,1,9,1
0,1,66,7,6,3,0,1,65,2
1,1,19,3,0,0,0,1,15,1
0,0,13,1,2,0,0,1,12,0
0,1,10,2,0,0,0,1,6,0
1,0,11,1,1,0,0,1,38,2
1,1,45,4,6,2,0,1,7,1
1,1,15,2,0,1,0,1,11,0
1,0,113,17,7,3,0,1,10,0
0,0,16,2,3,0,0,1,7,1
0,1,65,6,6,0,0,1,29,2
0,0,25,2,4,2,0,1,7,0
1,1,22,5,0,0,0,1,18,1
1,1,22,1,9,0,0,1,6,1
1,1,81,7,4,8,0,1,7,0
1,0,55,4,3,3,0,1,8,0
0,1,27,4,4,4,0,1,5,1
0,1,22,2,2,2,0,1,21,2
0,1,14,1,0,2,0,1,5,0
0,0,12,1,2,0,0,1,49,2
1,0,24,3,3,0,0,1,20,0
0,0,36,3,7,4,0,1,9,1
1,0,24,2,3,0,0,1,7,1
0,1,11,2,1,1,0,1,52,3
0,0,7,1,1,0,0,1,7,0
0,1,24,2,1,2,0,1,4,0
1,1,132,10,12,16,0,1,3,0
0,0,7,1,0,0,0,1,8,1
0,1,56,2,6,5,0,1,18,1
0,1,44,3,7,8,0,1,4,1
1,1,29,2,0,5,0,1,11,1
0,1,37,3,5,5,0,1,74,0
1,1,12,1,2,2,0,1,26,1
1,1,16,1,1,1,0,1,13,1
0,0,49,1,6,3,0,1,9,0
1,1,42,3,2,3,0,1,16,1
0,1,34,4,2,5,0,1,17,1
0,0,34,6,1,0,0,1,13,1
0,0,43,2,4,2,0,1,9,0
0,0,51,5,9,9,0,1,6,0
0,0,77,4,6,5,0,1,13,1
0,1,81,6,11,4,0,1,7,1
1,1,13,1,2,2,0,1,8,1
0,1,12,2,1,0,0,1,16,1
1,1,25,4,0,0,0,1,8,0
0,1,21,3,1,5,0,1,6,0
0,1,23,1,5,0,0,1,52,8
0,1,23,2,3,2,0,1,12,1
0,0,60,5,4,5,0,1,18,2
1,0,40,3,2,0,0,1,16,1
0,0,33,1,2,5,0,1,8,2
1,1,31,2,3,6,0,1,7,1
1,1,17,1,0,0,0,1,16,1
0,1,47,3,12,2,0,1,15,0
0,0,12,2,1,0,0,1,16,3
1,0,16,2,1,1,0,1,7,1
1,1,8,1,1,0,0,1,12,1
0,0,29,3,1,1,0,1,6,1
0,1,31,3,2,1,0,1,5,0
0,0,35,7,0,6,0,1,22,2
0,0,17,2,1,3,0,1,13,1
1,0,69,5,7,7,0,1,12,1
1,1,67,6,1,4,0,1,10,1
0,1,19,3,1,3,0,1,11,1
0,0,48,7,3,1,0,1,8,1
1,0,56,1,11,14,0,1,3,0
0,1,8,2,1,0,0,1,62,3
0,1,32,5,4,1,0,1,11,1
0,1,83,8,3,4,0,1,12,0
0,0,38,4,3,5,0,1,12,1
1,0,62,12,8,16,0,1,17,1
0,1,23,1,7,0,0,1,42,0
0,0,59,7,7,0,0,1,8,1
1,1,64,1,1,1,0,1,7,0
0,0,46,1,6,9,0,1,17,1
1,1,20,1,5,1,0,1,6,1
1,1,9,2,0,0,0,1,3,1
0,1,19,2,0,2,0,1,31,1
0,1,39,5,5,0,0,1,25,0
1,0,68,2,11,0,0,1,58,2
0,0,117,5,8,16,0,1,13,1
1,0,25,5,1,0,0,1,17,1
1,0,6,1,0,0,0,1,17,0
1,1,7,1,1,0,0,1,17,1
1,1,18,1,1,4,0,1,4,1
0,0,44,3,5,1,0,1,10,1
1,0,30,2,6,0,0,1,18,1
1,1,79,9,16,9,0,1,9,1
0,1,22,2,2,3,0,1,13,1
0,1,26,2,4,5,0,1,11,0
0,0,79,7,4,4,0,1,73,5
0,0,52,6,5,0,0,1,17,2
0,0,57,7,1,8,0,1,10,1
0,1,7,1,0,0,0,1,11,3
1,0,31,2,2,3,0,1,5,0
0,1,27,4,5,0,0,1,20,2
0,0,11,1,1,2,0,1,5,0
0,0,43,2,7,0,0,1,22,2
0,0,21,3,2,1,0,1,32,2
0,1,16,1,3,0,0,1,9,1
1,1,72,5,8,1,0,1,3,1
0,0,22,3,2,11,0,1,6,1
0,1,28,6,1,0,0,1,9,0
1,0,22,3,5,1,0,1,47,4
0,0,76,5,9,12,0,1,4,0
0,1,56,6,8,0,0,1,29,3
1,0,89,16,4,12,0,1,3,0
0,1,13,1,1,0,0,1,5,1
1,0,149,17,4,1,0,1,24,2
1,1,80,1,2,2,0,1,7,0
0,1,24,1,3,6,0,1,7,1
0,0,19,3,2,4,0,1,8,1
1,0,52,5,10,1,0,1,27,1
0,0,15,2,2,0,0,1,8,0
0,0,24,4,1,0,0,1,10,1
1,0,20,3,1,0,0,1,11,1
0,1,74,6,4,17,0,1,67,3
0,0,23,2,3,5,0,1,12,1
1,1,7,1,1,0,0,1,5,0
0,0,73,13,1,12,0,1,8,1
1,0,77,6,9,9,0,1,7,0
0,0,40,1,3,1,0,1,7,0
0,0,23,2,4,3,0,1,57,2
0,0,27,1,7,2,0,1,9,0
0,0,60,5,7,8,0,1,8,0
1,1,22,1,1,1,0,1,9,1
1,0,81,7,6,8,0,1,7,1
0,0,67,11,4,1,0,1,38,3
0,0,43,3,2,1,0,1,7,0
0,0,37,2,8,10,0,1,8,1
1,0,12,2,1,0,0,1,14,3
0,1,25,2,3,0,0,1,5,0
0,0,30,3,4,2,0,1,15,1
1,1,18,3,1,0,0,1,22,0
0,1,21,2,2,1,0,1,7,0
1,0,88,11,10,4,0,1,27,2
1,1,69,7,5,3,0,1,25,1
1,0,84,4,9,12,0,1,11,0
0,1,12,1,1,0,0,1,46,3
0,1,21,3,2,2,0,1,41,3
0,1,15,2,1,0,0,1,28,0
0,0,30,5,2,4,0,1,8,1
0,1,10,1,1,0,0,1,11,0
1,1,6,1,0,0,0,1,11,0
1,1,15,1,1,3,0,1,3,1
1,1,42,2,5,0,0,1,14,1
1,0,22,2,0,2,0,1,12,1
0,0,7,1,0,1,0,1,6,1
0,0,13,1,0,4,0,1,5,2
0,0,20,2,5,1,0,1,11,1
0,1,19,1,3,2,0,1,46,1
1,0,25,1,5,0,0,1,7,0
1,0,90,6,15,9,0,1,8,1
1,1,44,5,6,3,0,1,27,1
1,0,57,3,4,5,0,1,12,0
0,0,28,3,2,1,0,1,43,3
0,0,9,1,3,0,0,1,6,0
1,1,56,1,4,7,0,1,5,0
0,1,19,1,2,0,0,1,15,1
1,1,28,2,2,3,0,1,11,1
1,1,116,1,13,22,0,1,8,1
1,1,15,3,0,0,0,1,16,2
1,0,38,2,2,9,0,1,12,1
0,0,34,4,2,1,0,1,18,0
1,1,30,1,2,3,0,1,47,3
0,1,20,1,5,4,0,1,8,1
0,1,16,4,0,0,0,1,12,0
0,0,56,7,5,1,0,1,42,2
0,0,15,3,0,1,0,1,20,1
1,1,102,8,13,10,0,1,8,1
1,0,74,7,5,10,0,1,4,1
1,1,7,1,0,1,0,1,15,1
0,0,31,3,3,0,0,1,12,0
1,0,34,3,4,1,0,1,6,0
0,0,8,1,2,1,0,1,3,0
0,0,17,2,1,0,0,1,5,1
1,1,109,7,8,8,0,1,26,1
0,1,16,1,3,0,0,1,39,1
0,1,7,1,1,0,0,1,10,0
1,1,20,2,2,2,0,1,12,1
1,0,33,6,2,0,0,1,12,1
0,1,9,1,2,0,0,1,8,1
1,0,116,13,7,1,0,1,12,2
1,0,13,1,4,1,0,1,13,1
1,1,12,2,1,0,0,1,18,1
0,1,12,2,2,0,0,1,14,0
1,1,24,2,6,0,0,1,4,0
1,1,49,3,5,2,0,1,6,0
0,0,58,6,8,3,0,1,3,1
0,1,29,1,7,3,0,1,20,2
1,0,59,8,1,3,0,1,9,1
0,1,50,3,9,14,0,1,6,1
0,0,55,6,2,4,0,1,8,0
0,0,29,6,0,0,0,1,12,0
0,0,10,2,0,0,0,1,13,1
1,1,8,1,1,0,0,1,8,1
0,0,25,2,4,2,0,1,25,3
0,1,41,1,15,7,0,1,5,1
0,0,9,1,2,1,0,1,14,1
1,1,84,1,15,22,0,1,10,1
0,0,25,2,1,3,0,1,16,1
1,1,31,2,1,1,0,1,34,3
0,1,32,3,3,0,0,1,25,2
1,1,38,3,6,1,0,1,9,1
0,0,72,7,4,0,0,1,37,1
0,1,30,4,3,1,0,1,11,1
1,1,12,2,1,0,0,1,16,1
1,1,43,5,6,4,0,1,9,1
1,1,14,1,2,1,0,1,12,0
1,1,46,4,6,6,0,1,11,0
0,0,37,3,2,2,0,1,28,0
0,1,12,2,0,0,0,1,28,1
0,0,90,11,9,0,0,1,9,1
1,0,89,8,3,15,0,1,8,1
1,1,22,2,0,1,0,1,14,2
1,0,105,13,5,18,0,1,13,1
1,0,17,2,2,0,0,1,15,1
1,1,91,9,6,6,0,1,11,1
0,1,9,1,0,0,0,1,3,0
0,1,15,2,1,1,0,1,11,0
0,1,28,5,2,4,0,1,13,1
0,0,79,6,6,6,0,1,6,0
1,1,23,3,1,0,0,1,5,0
1,0,69,6,10,5,0,1,11,1
0,0,14,1,3,0,0,1,12,1
0,0,31,2,5,2,0,1,15,1
0,0,57,5,6,4,0,1,8,1
1,0,25,4,0,1,0,1,5,1
1,1,33,5,2,1,0,1,22,2
0,0,48,6,1,6,0,1,10,0
0,0,7,1,1,0,0,1,10,0
0,0,7,1,2,0,0,1,7,1
1,0,35,4,2,1,0,1,8,1
1,1,67,4,8,1,0,1,13,1
1,1,56,8,8,0,0,1,11,1
1,0,50,6,5,8,0,1,13,1
1,1,13,1,3,3,0,1,11,1
0,0,21,1,2,2,0,1,46,4
1,0,59,1,3,1,0,1,29,2
1,0,61,4,12,6,0,1,9,1
1,0,73,3,4,2,0,1,18,1
0,1,13,2,1,1,0,1,15,0
1,1,38,2,7,0,0,1,12,1
0,0,20,1,3,4,0,1,16,2
0,1,61,3,6,8,0,1,11,1
0,1,64,1,12,1,0,1,18,2
0,0,76,9,10,3,0,1,11,0
0,1,111,10,12,5,0,1,10,1
0,1,18,2,2,3,0,1,2,0
1,1,15,2,4,1,0,1,34,1
0,0,37,4,4,1,0,1,10,1
1,0,17,1,2,1,0,1,11,1
0,1,62,5,5,11,0,1,10,1
0,1,16,1,4,5,0,1,3,0
0,1,25,2,3,1,0,1,7,0
1,1,25,4,3,2,0,1,11,1
1,1,19,3,0,2,0,1,7,1
1,1,18,2,1,3,0,1,5,0
1,1,12,1,5,0,0,1,6,1
0,1,19,3,2,1,0,1,6,1
0,1,26,4,2,4,0,1,39,1
0,0,18,1,0,1,0,1,9,1
0,1,10,1,1,0,0,1,8,0
0,1,18,3,1,0,0,1,18,1
1,1,28,3,3,0,0,1,6,0
0,1,42,1,8,2,0,1,36,2
0,0,15,3,0,0,0,1,8,1
1,1,29,2,5,0,0,1,9,0
0,1,38,6,3,0,0,1,6,1
1,1,50,3,1,1,0,1,15,1
0,0,22,2,3,7,0,1,26,2
0,1,104,9,14,7,0,1,41,4
0,1,18,1,3,1,0,1,28,1
0,1,38,4,4,1,0,1,9,1
1,1,10,1,2,0,0,1,19,2
1,1,85,6,9,8,0,1,42,5
1,1,14,1,2,1,0,1,19,2
0,0,45,1,6,6,0,1,7,0
0,0,54,6,7,0,0,1,31,1
0,0,15,1,2,0,0,1,8,1
0,1,37,3,5,7,0,1,12,1
1,0,124,7,18,24,0,1,8,0
1,1,71,2,5,25,0,1,9,1
1,0,118,11,7,16,0,1,12,1
1,1,42,3,3,11,0,1,8,1
0,0,11,1,1,3,0,1,11,1
0,0,46,4,1,1,0,1,11,1
1,1,37,2,11,3,0,1,6,0
0,1,73,1,2,14,0,1,8,0
0,0,12,1,1,0,0,1,8,1
0,1,49,4,6,1,0,1,6,1
1,1,12,2,0,0,0,1,42,4
0,0,23,3,2,4,0,1,5,1
0,0,68,7,7,3,0,1,8,0
0,0,25,3,6,0,0,1,10,2
0,0,31,2,4,4,0,1,4,0
0,1,38,4,4,3,0,1,41,3
0,0,50,2,8,9,0,1,14,1
0,0,26,2,2,7,0,1,22,1
0,0,7,1,0,0,0,1,4,1
0,0,12,1,3,3,0,1,15,2
1,1,53,9,3,6,0,1,7,0
0,0,54,3,9,1,0,1,16,1
1,0,10,1,1,1,0,1,3,0
1,1,15,1,3,2,0,1,49,4
0,1,68,1,2,25,0,1,20,3
1,1,94,6,3,18,0,1,6,1
0,0,33,2,2,1,0,1,7,1
1,1,17,2,3,0,0,1,7,0
1,1,38,6,2,1,0,1,17,2
1,0,89,6,12,17,0,1,6,1
1,1,30,3,2,4,0,1,9,1
0,0,30,2,5,3,0,1,9,1
0,1,27,2,6,2,0,1,4,0
1,1,19,3,5,2,0,1,22,1
1,0,40,4,4,2,0,1,16,0
1,0,50,2,13,4,0,1,6,1
0,1,21,3,1,0,0,1,98,5
0,1,18,3,2,4,0,1,7,1
0,0,24,4,0,1,0,1,12,2
0,1,21,3,3,0,0,1,10,1
0,1,37,3,1,2,0,1,7,1
0,0,8,1,1,0,0,1,8,1
0,0,60,8,3,19,0,1,15,1
1,1,23,3,1,2,0,1,16,1
0,0,62,6,9,10,0,1,3,0
0,1,42,5,2,4,0,1,31,3
0,1,25,4,3,0,0,1,10,1
0,1,29,3,2,0,0,1,40,2
1,1,64,4,8,8,0,1,9,1
0,1,13,1,0,0,0,1,14,0
1,0,19,2,2,1,0,1,3,1
0,0,40,3,2,7,0,1,17,0
0,0,18,2,2,1,0,1,24,1
1,1,77,7,11,1,0,1,4,1
1,1,10,1,3,0,0,1,77,2
0,1,8,1,2,1,0,1,27,1
1,0,56,8,6,3,0,1,6,0
1,0,43,5,3,4,0,1,12,1
1,0,16,2,1,1,0,1,22,2
0,1,16,3,0,0,0,1,7,1
1,1,94,10,7,2,0,1,12,1
1,0,89,10,11,0,0,1,15,1
1,0,15,3,1,0,0,1,20,1
0,1,36,6,4,3,0,1,18,1
1,0,24,4,1,1,0,1,18,1
1,0,75,4,11,2,0,1,16,1
0,0,14,1,1,0,0,1,5,0
1,1,27,5,1,0,0,1,4,1
0,1,14,1,2,2,0,1,9,1
0,0,32,4,3,5,0,1,5,1
1,1,17,2,3,0,0,1,15,1
1,0,6,1,0,0,0,1,21,2
0,1,13,1,4,0,0,1,10,1
1,1,14,1,2,1,0,1,26,2
0,0,129,2,8,79,0,1,11,1
0,1,14,1,3,2,0,1,29,3
1,1,17,2,3,0,0,1,10,1
1,1,40,2,4,3,0,1,12,0
1,1,21,2,4,3,0,1,6,1
0,1,24,4,3,0,0,1,16,0
1,1,47,3,5,9,0,1,16,4
1,1,11,1,1,1,0,1,5,1
1,1,97,9,11,14,0,1,13,0
1,1,45,4,4,6,0,1,4,0
1,0,88,6,13,6,0,1,11,1
0,0,38,2,2,2,0,1,11,1
0,0,30,3,3,0,0,1,6,0
1,1,47,6,4,1,0,1,6,0
0,0,36,7,1,2,0,1,8,0
1,1,33,2,3,4,0,1,5,1
1,0,55,4,1,8,0,1,10,1
0,1,20,4,1,7,0,1,8,1
0,1,38,2,8,1,0,1,6,1
0,1,23,3,1,3,0,1,8,1
0,0,95,1,12,2,0,1,10,1
1,0,84,4,7,1,0,1,9,1
1,0,20,3,1,0,0,1,11,0
0,0,24,2,3,0,0,1,19,1
1,0,49,5,5,9,0,1,8,1
0,0,138,3,5,22,0,1,8,0
1,0,67,9,3,11,0,1,25,1
0,1,21,3,2,3,0,1,12,2
0,0,20,3,4,6,0,1,35,3
0,0,7,1,2,0,0,1,50,5
0,1,16,3,2,0,0,1,16,1
0,0,97,14,9,0,0,1,14,1
1,1,48,5,2,2,0,1,44,4
0,0,85,11,11,0,0,1,5,1
1,1,34,3,2,3,0,1,7,1
1,1,7,1,2,1,0,1,18,1
1,1,51,1,9,0,0,1,11,1
1,0,186,18,5,25,0,1,61,4
1,0,76,8,4,4,0,1,5,1
1,0,27,3,2,3,0,1,15,1
1,0,54,5,4,19,0,1,8,1
1,1,37,3,1,3,0,1,13,1
0,1,42,3,5,0,0,1,8,0
0,0,13,2,0,0,0,1,7,1
0,1,19,3,1,0,0,1,15,1
0,0,11,1,2,0,0,1,30,1
0,1,19,3,2,0,0,1,6,1
0,0,28,2,4,3,0,1,13,1
0,1,12,2,1,0,0,1,26,0
0,1,76,6,7,1,0,1,51,3
0,0,15,2,0,0,0,1,12,1
1,1,47,4,9,2,0,1,5,0
0,1,54,7,4,9,0,1,8,0
0,0,40,5,3,2,0,1,14,1
1,1,111,10,14,17,0,1,24,3
1,1,82,7,7,15,0,1,18,1
1,0,128,7,15,0,0,1,8,1
0,0,38,1,12,4,0,1,11,1
1,0,57,7,4,7,0,1,5,0
1,1,32,3,2,5,0,1,6,1
1,0,16,3,2,0,0,1,14,2
0,1,27,4,2,1,0,1,12,1
1,1,33,2,8,3,0,1,8,1
0,0,12,1,4,4,0,1,27,6
1,1,13,2,2,0,0,1,11,0
1,1,14,2,4,1,0,1,3,0
1,1,48,5,4,6,0,1,11,3
1,1,29,5,3,1,0,1,17,1
1,1,11,1,2,0,0,1,6,0
0,1,36,2,7,0,0,1,13,1
1,1,103,6,23,0,0,1,9,1
0,0,102,3,10,3,0,1,7,1
1,1,67,4,15,1,0,1,22,4
1,0,40,6,2,0,0,1,10,1
1,0,42,3,4,3,0,1,21,1
0,0,29,5,2,0,0,1,10,1
0,1,34,3,7,2,0,1,7,0
0,1,62,4,13,1,0,1,9,0
0,0,25,1,4,1,0,1,13,1
0,0,19,1,5,0,0,1,22,2
0,0,33,2,4,1,0,1,37,1
1,0,107,9,13,11,0,1,14,2
1,1,16,2,1,1,0,1,5,1
0,1,38,5,1,1,0,1,10,0
1,1,65,12,3,0,0,1,24,1
0,1,20,1,1,0,0,1,6,1
1,1,24,3,2,6,0,1,31,2
1,1,13,3,0,1,0,1,11,0
1,1,78,7,7,6,0,1,9,1
0,0,6,1,0,0,0,1,31,1
0,1,20,3,3,0,0,1,13,1
1,1,13,2,3,0,0,1,8,0
1,0,9,1,3,0,0,1,10,0
1,1,84,10,9,0,0,1,23,1
0,0,73,13,2,3,0,1,14,0
0,0,37,3,4,5,0,1,4,1
0,0,14,2,2,0,0,1,4,0
1,1,18,3,1,0,0,1,8,1
0,0,28,2,1,2,0,1,8,1
1,1,15,2,2,0,0,1,10,2
0,0,24,2,1,4,0,1,4,1
1,1,15,2,0,1,0,1,10,2
1,1,16,1,1,1,0,1,11,1
0,1,25,4,4,4,0,1,3,0
0,1,29,2,2,10,0,1,11,1
1,0,16,1,4,2,0,1,9,1
1,0,69,15,3,0,0,1,11,0
1,0,11,1,2,0,0,1,22,0
1,0,83,6,6,5,0,1,8,0
0,1,16,1,3,1,0,1,5,1
1,0,16,1,1,4,0,1,7,1
1,1,59,8,4,3,0,1,18,0
1,1,58,3,13,1,0,1,11,0
0,1,25,2,2,1,0,1,8,1
0,0,68,5,17,4,0,1,10,1
1,1,29,5,3,3,0,1,10,0
1,1,61,7,9,10,0,1,11,0
0,0,13,1,2,4,0,1,7,1
1,0,70,7,3,1,0,1,11,1
0,1,78,10,4,3,0,1,38,4
1,1,68,6,15,6,0,1,8,1
0,0,12,1,4,0,0,1,8,1
1,0,59,5,10,0,0,1,8,1
1,1,168,10,6,17,0,1,27,3
1,1,24,5,1,0,0,1,6,1
0,0,12,2,0,0,0,1,19,2
0,1,21,3,3,0,0,1,8,0
0,0,31,2,1,0,0,1,5,0
0,0,25,2,2,1,0,1,6,1
1,1,37,3,3,4,0,1,8,1
0,1,38,3,3,6,0,1,5,1
0,1,31,3,2,8,0,1,8,0
0,0,28,3,4,3,0,1,8,0
0,0,15,3,0,3,0,1,7,1
1,0,26,3,2,6,0,1,16,1
0,1,20,2,5,5,0,1,29,3
0,1,8,1,0,0,0,1,24,2
1,1,24,3,2,7,0,1,12,1
1,0,86,6,7,17,0,1,5,1
1,0,45,4,2,7,0,1,4,1
1,1,48,6,2,2,0,1,34,0
1,1,51,4,6,5,0,1,6,1
1,1,14,2,2,0,0,1,14,2
0,0,46,3,6,0,0,1,17,0
1,1,32,2,3,6,0,1,6,1
0,1,71,6,6,6,0,1,9,1
1,0,120,7,15,4,0,1,5,1
1,1,40,4,5,9,0,1,13,1
0,0,8,1,1,1,0,1,20,3
0,0,8,1,1,0,0,1,25,3
1,0,116,7,24,7,0,1,34,2
0,1,65,5,7,0,0,1,21,1
1,1,12,1,2,1,0,1,12,1
1,0,10,1,2,2,0,1,17,1
0,1,78,5,6,7,0,1,19,2
0,0,53,6,3,3,0,1,12,1
0,0,65,7,2,20,0,1,8,1
0,1,46,6,5,0,0,1,14,1
1,0,30,2,5,2,0,1,4,0
1,1,19,2,3,1,0,1,11,0
0,0,24,4,1,0,0,1,12,1
1,0,87,16,11,1,0,1,14,1
1,1,31,5,3,4,0,1,7,1
1,1,19,2,2,0,0,1,9,1
1,0,38,2,3,4,0,1,5,1
0,1,52,2,4,6,0,1,51,3
0,0,12,1,2,1,0,1,10,0
0,0,22,3,2,0,0,1,6,0
1,1,49,5,1,2,0,1,11,1
0,0,40,5,3,3,0,1,11,0
1,0,33,5,2,0,0,1,19,1
0,1,42,3,1,10,0,1,14,1
0,0,14,2,1,3,0,1,7,1
0,0,32,5,3,0,0,1,6,0
0,0,27,4,3,0,0,1,21,2
1,1,15,1,1,4,0,1,8,1
0,1,44,6,3,6,0,1,14,0
1,0,33,3,4,3,0,1,6,1
0,1,12,1,1,6,0,1,39,0
0,1,30,2,3,5,0,1,16,0
0,0,81,7,10,1,0,1,10,1
1,0,42,2,3,18,0,1,5,0
1,1,48,11,0,0,0,1,3,1
1,1,23,2,4,2,0,1,6,1
1,1,112,11,11,4,0,1,16,1
1,0,78,1,7,11,0,1,17,1
1,0,16,2,1,1,0,1,9,1
1,1,14,1,2,0,0,1,7,0
0,1,69,1,2,5,0,1,8,0
1,0,60,6,4,0,0,1,11,1
0,0,9,1,3,2,0,1,8,2
0,0,62,6,10,2,0,1,21,2
1,0,6,1,0,0,0,1,9,1
0,1,12,1,0,1,0,1,17,0
0,1,18,1,4,1,0,1,37,3
0,0,12,3,0,1,0,1,8,1
1,1,57,3,7,5,0,1,34,2
1,0,133,17,12,4,0,1,20,1
0,0,16,3,0,0,0,1,25,2
0,1,40,2,2,7,0,1,5,1
0,0,29,3,2,5,0,1,8,1
1,0,86,10,9,10,0,1,8,1
0,0,22,2,3,4,0,1,5,1
0,0,17,1,5,3,0,1,17,2
1,1,19,1,3,8,0,1,9,1
0,0,70,8,5,5,0,1,56,2
0,1,29,5,1,1,0,1,5,1
0,1,33,2,3,5,0,1,27,1
0,1,9,2,1,0,0,1,24,2
1,1,38,3,5,4,0,1,12,1
1,0,45,6,3,1,0,1,42,1
1,0,114,8,10,11,0,1,42,2
0,1,18,2,2,2,0,1,3,1
0,0,31,4,5,6,0,1,41,3
0,1,7,1,1,0,0,1,4,0
0,1,41,4,1,5,0,1,11,0
1,0,74,8,7,2,0,1,28,2
0,0,14,2,1,0,0,1,42,1
1,1,87,5,10,15,0,1,14,1
1,1,8,1,2,1,0,1,11,1
0,1,22,2,4,1,0,1,4,1
1,0,20,1,8,4,0,1,4,0
0,1,55,4,2,6,0,1,8,1
0,0,41,2,4,3,0,1,12,0
0,0,15,1,2,0,0,1,59,4
0,0,12,1,4,1,0,1,11,1
1,0,67,2,5,0,0,1,22,4
1,1,17,1,2,3,0,1,6,1
0,0,62,3,19,11,0,1,18,1
1,1,88,1,4,4,0,1,8,0
1,1,23,4,1,0,0,1,11,0
1,0,121,8,16,5,0,1,14,1
1,1,49,5,8,5,0,1,58,4
0,0,37,3,3,0,0,1,5,0
1,1,50,3,5,7,0,1,41,1
1,0,59,10,1,3,0,1,7,0
0,0,8,1,3,0,0,1,5,0
1,1,24,3,0,1,0,1,7,0
1,1,36,4,1,6,0,1,7,1
1,0,24,3,4,3,0,1,10,1
0,1,13,1,2,1,0,1,14,1
0,1,46,6,1,1,0,1,13,1
1,0,28,2,3,1,0,1,4,1
0,0,72,6,6,2,0,1,59,4
0,1,56,3,6,5,0,1,13,1
1,1,29,4,5,4,0,1,33,2
0,0,18,2,1,1,0,1,11,1
1,0,18,2,1,0,0,1,4,1
0,0,6,1,3,0,0,1,7,0
1,0,13,2,2,1,0,1,23,3
0,1,73,4,10,5,0,1,11,1
0,0,25,3,0,1,0,1,10,0
0,1,20,2,1,1,0,1,26,2
0,0,10,2,0,0,0,1,21,0
1,1,74,8,2,25,0,1,7,0
1,0,36,4,4,3,0,1,10,1
0,0,26,2,2,9,0,1,34,5
0,0,17,2,1,4,0,1,8,1
0,1,72,2,9,0,0,1,43,3
1,1,22,2,1,1,0,1,9,1
1,1,14,1,2,0,0,1,8,1
0,0,13,1,3,3,0,1,3,1
0,0,31,4,3,6,0,1,12,1
0,1,19,3,0,0,0,1,11,1
1,1,52,5,7,0,0,1,12,1
0,0,13,3,0,3,0,1,13,1
1,0,93,16,4,5,0,1,7,1
0,1,22,3,2,4,0,1,6,1
1,0,69,6,0,0,0,1,12,1
1,1,23,2,3,5,0,1,16,1
1,1,27,4,2,0,0,1,32,1
1,0,124,10,9,5,0,1,7,1
0,0,20,3,3,0,0,1,9,1
1,0,15,1,1,3,0,1,11,1
0,1,26,5,1,2,0,1,66,4
1,1,20,2,3,2,0,1,8,1
1,1,29,4,1,2,0,1,8,1
1,0,36,5,2,0,0,1,17,1
0,0,7,1,1,0,0,1,11,1
1,1,90,9,11,9,0,1,12,1
0,1,135,9,19,22,0,1,8,1
0,1,29,6,2,1,0,1,31,1
0,1,10,1,3,4,0,1,44,3
0,0,10,1,4,0,0,1,7,1
0,0,17,3,0,3,0,1,4,1
1,0,13,1,4,0,0,1,9,1
0,1,41,5,4,10,0,1,11,1
1,0,15,1,5,1,0,1,17,2
1,1,80,9,2,5,0,1,4,0
1,1,27,2,4,0,0,1,5,0
1,1,27,3,2,5,0,1,20,1
0,1,18,1,2,1,0,1,14,1
1,1,47,1,2,0,0,1,27,0
1,0,42,5,3,9,0,1,10,1
0,0,20,3,1,0,0,1,20,1
0,0,12,2,1,0,0,1,8,1
0,0,29,1,6,6,0,1,3,0
0,0,12,1,2,2,0,1,8,1
0,1,43,5,6,3,0,1,8,1
0,0,33,2,4,2,0,1,10,1
1,0,58,7,5,2,0,1,16,1
0,0,14,2,1,0,0,1,10,1
1,1,19,1,3,2,0,1,5,1
1,1,14,3,0,1,0,1,7,1
0,0,27,2,4,4,0,1,10,1
0,0,46,4,1,6,0,1,13,3
1,1,62,3,9,10,0,1,4,0
0,0,12,1,3,1,0,1,3,0
0,1,32,4,2,0,0,1,6,1
0,1,22,1,3,3,0,1,5,0
0,1,13,2,2,1,0,1,3,0
1,0,36,3,2,3,0,1,16,2
1,1,9,1,0,0,0,1,10,1
1,1,17,1,5,1,0,1,10,2
1,0,12,2,1,0,0,1,7,0
1,0,111,6,15,0,0,1,10,0
0,0,21,2,2,0,0,1,10,1
0,0,37,1,1,0,0,1,6,0
0,0,23,1,1,0,0,1,10,1
1,0,26,1,3,0,0,1,5,1
1,1,42,5,9,3,0,1,5,1
1,0,81,8,8,11,0,1,12,1
0,1,16,2,0,0,0,1,14,1
0,1,70,5,5,10,0,1,12,1
0,1,48,3,4,0,0,1,10,1
1,1,21,3,3,1,0,1,42,2
0,0,12,2,0,1,0,1,10,1
0,1,36,4,2,0,0,1,39,4
0,0,19,4,1,0,0,1,12,1
0,0,60,3,2,3,0,1,13,1
1,0,37,3,2,0,0,1,3,0
0,1,20,1,4,2,0,1,8,1
0,0,8,1,0,0,0,1,14,2
1,0,62,9,4,9,0,1,12,1
0,1,23,1,7,2,0,1,6,0
0,0,21,1,0,2,0,1,13,1
0,0,39,6,2,0,0,1,22,1
0,0,91,5,12,1,0,1,16,1
0,0,43,4,7,2,0,1,10,0
1,1,15,2,1,0,0,1,9,1
1,1,77,11,5,6,0,1,13,1
1,1,34,2,6,0,0,1,5,0
0,0,97,13,3,13,0,1,14,1
0,0,7,1,3,0,0,1,7,1
0,0,37,4,3,13,0,1,32,0
0,1,42,4,4,7,0,1,52,3
0,0,53,6,0,2,0,1,12,2
0,0,32,2,5,8,0,1,7,1
1,0,55,8,8,0,0,1,8,1
0,1,21,3,2,2,0,1,6,0
1,1,15,2,3,0,0,1,7,0
1,0,109,4,11,2,0,1,9,1
1,0,14,2,1,1,0,1,9,1
0,1,41,6,3,0,0,1,62,5
1,1,20,1,2,0,0,1,14,0
0,0,20,3,1,1,0,1,9,1
1,0,20,2,1,7,0,1,8,1
0,0,43,3,7,9,0,1,4,1
0,0,32,1,6,1,0,1,11,1
1,1,24,4,0,2,0,1,9,1
1,1,13,1,0,2,0,1,8,1
1,1,19,2,3,0,0,1,29,6
0,1,88,8,1,1,0,1,23,2
0,1,14,2,1,1,0,1,32,2
0,0,23,4,2,0,0,1,10,0
0,1,21,1,1,5,0,1,13,2
0,1,105,9,12,4,0,1,6,0
1,0,107,13,5,14,0,1,4,0
1,0,19,4,0,2,0,1,22,2
1,0,43,2,6,0,0,1,6,1
1,1,21,2,1,6,0,1,5,0
1,1,51,7,2,0,0,1,9,0
0,0,7,2,0,0,0,1,18,1
0,0,22,2,3,5,0,1,9,0
1,1,9,1,2,0,0,1,11,1
0,1,29,3,3,1,0,1,3,1
1,0,27,2,7,0,0,1,17,1
0,0,64,6,7,4,0,1,4,1
0,1,27,4,1,0,0,1,17,2
1,0,10,1,2,0,0,1,6,1
1,0,23,1,6,0,0,1,4,1
0,1,94,6,4,10,0,1,28,2
0,0,34,2,7,8,0,1,62,13
0,0,28,2,4,1,0,1,8,0
1,0,66,6,1,5,0,1,23,1
0,1,16,2,1,4,0,1,8,1
1,1,11,1,2,0,0,1,18,2
0,0,164,11,6,39,0,1,5,0
1,1,18,1,0,0,0,1,3,0
1,1,53,5,7,3,0,1,19,1
1,1,18,2,1,2,0,1,12,1
0,0,13,1,2,2,0,1,16,1
0,1,36,4,3,1,0,1,12,1
1,1,31,3,7,0,0,1,11,1
0,0,86,5,9,1,0,1,40,3
0,1,77,5,3,26,0,1,9,0
1,0,25,2,2,0,0,1,5,1
0,0,29,3,2,13,0,1,5,0
0,0,29,1,0,1,0,1,7,0
1,1,59,5,7,4,0,1,11,1
1,0,111,6,7,5,0,1,6,1
0,0,31,1,1,9,0,1,4,1
1,1,65,6,4,9,0,1,11,1
0,1,23,2,3,7,0,1,12,0
1,0,129,13,12,7,0,1,32,4
1,0,20,1,5,5,0,1,11,1
1,1,138,9,6,9,0,1,32,1
0,1,18,1,2,0,0,1,20,1
1,1,42,5,4,1,0,1,39,3
1,1,6,1,0,0,0,1,5,0
0,0,15,2,2,0,0,1,3,1
1,0,74,11,8,0,0,1,6,1
1,0,34,3,5,7,0,1,12,0
0,0,57,8,8,3,0,1,14,0
0,0,23,3,2,3,0,1,12,0
1,1,84,6,4,12,0,1,4,1
0,0,18,2,2,2,0,1,8,1
1,1,112,13,7,15,0,1,11,1
0,0,22,1,7,0,0,1,4,0
1,0,12,2,2,0,0,1,8,1
1,0,112,5,15,8,0,1,39,3
0,0,47,1,4,0,0,1,8,1
1,1,34,3,5,3,0,1,14,2
0,1,12,2,0,4,0,1,13,1
1,0,25,4,0,1,0,1,15,1
0,1,40,3,1,3,0,1,15,1
1,0,98,13,4,3,0,1,8,0
0,0,14,2,3,2,0,1,24,1
0,1,98,5,13,12,0,1,7,1
1,1,33,4,1,12,0,1,10,0
1,1,10,1,0,0,0,1,7,1
1,0,106,8,4,13,0,1,6,1
0,0,53,8,8,4,0,1,12,2
0,1,9,2,0,0,0,1,14,1
1,1,17,1,2,0,0,1,4,0
0,0,17,3,0,0,0,1,14,0
0,0,12,1,3,0,0,1,32,2
0,1,13,1,0,0,0,1,15,0
0,1,17,3,2,2,0,1,10,1
1,0,29,3,2,0,0,1,11,1
1,1,84,8,4,5,0,1,14,1
0,0,20,3,1,0,0,1,28,0
1,1,43,4,3,3,0,1,14,1
0,0,12,2,2,1,0,1,23,1
0,0,9,1,1,0,0,1,8,1
0,0,113,3,6,1,0,1,10,0
1,0,102,11,8,14,0,1,7,1
0,0,18,1,2,1,0,1,15,0
0,0,56,2,12,9,0,1,9,1
1,0,75,12,0,0,0,1,11,0
0,0,9,1,1,0,0,1,13,1
0,1,89,6,10,5,0,1,3,0
0,1,38,7,2,0,0,1,7,1
0,1,17,2,3,1,0,1,20,2
0,0,22,3,1,0,0,1,60,3
1,1,38,4,3,3,0,1,22,1
0,0,36,1,9,1,0,1,29,3
1,1,16,1,4,1,0,1,24,1
0,0,22,1,6,2,0,1,2,0
0,1,14,2,2,1,0,1,24,0
1,0,16,2,1,1,0,1,6,1
1,1,34,4,5,3,0,1,9,0
0,0,22,1,5,8,0,1,6,1
0,1,32,5,2,0,0,1,7,1
1,0,43,6,1,5,0,1,5,0
1,1,54,7,0,1,0,1,12,1
0,0,69,3,10,5,0,1,32,3
1,1,68,5,4,16,0,1,5,0
1,1,34,5,2,3,0,1,32,2
0,0,30,2,4,3,0,1,11,1
1,1,83,3,11,1,0,1,11,1
1,0,71,7,12,6,0,1,13,2
1,0,21,2,0,1,0,1,4,1
1,1,12,1,1,0,0,1,7,0
1,1,31,6,2,0,0,1,10,1
1,0,79,5,6,21,0,1,9,1
0,1,112,6,5,13,0,1,26,3
0,1,12,3,0,0,0,1,7,0
1,0,23,2,3,2,0,1,16,2
0,1,9,2,0,0,0,1,10,1
1,1,20,4,0,0,0,1,8,0
0,0,31,2,2,4,0,1,13,1
0,0,21,3,4,2,0,1,11,1
1,0,50,5,4,10,0,1,2,0
0,0,31,2,4,0,0,1,22,1
1,1,101,7,6,23,0,1,6,0
1,1,27,4,3,2,0,1,15,1
0,0,15,2,1,2,0,1,13,1
0,1,45,1,3,4,0,1,7,0
0,1,10,1,1,0,0,1,12,1
1,1,169,1,13,28,0,1,6,0
0,0,19,1,2,0,0,1,5,1
0,0,22,2,1,2,0,1,5,0
0,0,119,10,10,19,0,1,23,2
1,0,149,17,6,13,0,1,13,1
0,1,21,2,3,0,0,1,26,3
1,0,34,3,4,4,0,1,5,1
0,0,26,3,1,2,0,1,10,1
0,0,36,4,2,3,0,1,11,1
1,1,16,3,2,3,0,1,1,0
1,0,43,5,5,0,0,1,60,4
0,0,14,1,3,0,0,1,6,1
0,0,14,2,0,0,0,1,40,5
1,1,102,9,11,0,0,1,44,3
0,0,10,1,2,2,0,1,5,0
1,0,13,2,2,2,0,1,17,2
1,1,73,8,4,3,0,1,36,0
1,0,9,1,1,1,0,1,13,1
1,1,52,3,4,2,0,1,13,1
0,1,27,3,2,11,0,1,9,1
1,0,22,2,3,1,0,1,8,1
1,0,88,14,9,4,0,1,30,0
1,1,82,10,8,7,0,1,7,0
0,1,11,1,1,1,0,1,10,0
0,0,55,5,7,7,0,1,11,1
1,1,11,2,1,0,0,1,6,1
0,0,13,2,2,0,0,1,22,2
1,0,16,1,2,4,0,1,4,1
1,1,16,3,0,0,0,1,14,1
1,1,35,4,0,4,0,1,24,4
0,0,27,3,2,3,0,1,40,1
0,1,12,1,2,0,0,1,18,1
1,1,17,1,1,1,0,1,12,1
0,0,22,1,8,0,0,1,12,1
0,0,7,2,0,0,0,1,8,1
0,1,44,7,3,1,0,1,19,3
0,0,15,1,5,6,0,1,6,0
0,0,69,6,4,4,0,1,8,1
1,1,30,6,2,4,0,1,10,0
1,1,12,1,4,0,0,1,9,0
1,1,71,3,4,6,0,1,20,2
1,1,11,1,2,0,0,1,7,1
0,0,25,3,1,1,0,1,12,2
1,1,60,8,3,6,0,1,11,1
0,1,67,11,12,1,0,1,6,0
1,1,175,4,7,0,0,1,5,0
0,1,17,2,1,0,0,1,5,0
1,0,87,7,2,8,0,1,11,0
1,0,28,4,1,4,0,1,4,1
0,0,57,5,1,5,0,1,14,1
0,1,13,1,2,0,0,1,15,0
1,0,18,1,3,0,0,1,4,0
0,0,11,1,5,0,0,1,21,1
1,1,12,1,3,3,0,1,4,0
0,0,53,2,7,0,0,1,46,2
1,1,72,12,4,0,0,1,11,1
1,0,28,4,2,0,0,1,12,1
0,1,15,2,2,1,0,1,9,1
1,0,40,3,9,6,0,1,54,2
0,1,50,1,19,1,0,1,7,0
0,1,28,2,5,0,0,1,49,5
1,0,20,6,0,0,0,1,21,2
1,1,94,10,11,2,0,1,6,0
1,1,61,6,1,4,0,1,16,1
0,1,16,3,0,2,0,1,12,0
1,0,219,1,10,44,0,1,6,1
1,0,13,2,1,1,0,1,3,0
1,0,43,4,4,10,0,1,2,0
1,0,104,7,11,1,0,1,8,0
0,1,32,5,2,1,0,1,9,2
1,1,31,3,3,1,0,1,14,1
1,1,12,1,4,1,0,1,3,1
1,1,46,3,8,9,0,1,14,1
0,0,20,2,2,3,0,1,16,2
0,0,15,1,3,0,0,1,8,1
1,0,76,11,6,5,0,1,39,3
0,0,35,5,1,1,0,1,9,0
0,1,23,2,2,1,0,1,7,0
0,0,78,8,9,13,0,1,27,2
1,0,82,9,10,3,0,1,12,1
1,1,25,2,2,6,0,1,17,1
1,1,88,5,7,23,0,1,6,1
0,1,10,1,4,0,0,1,6,0
1,0,19,5,2,1,0,1,10,1
1,1,26,3,3,6,0,1,10,1
1,0,75,7,7,5,0,1,8,0
0,0,124,12,14,11,0,1,39,3
1,1,38,1,5,0,0,1,15,0
1,1,72,6,9,4,0,1,7,1
1,1,52,7,3,6,0,1,10,1
1,0,26,1,3,7,0,1,3,0
0,0,16,2,1,0,0,1,36,0
1,1,99,2,18,22,0,1,13,2
0,1,16,1,2,0,0,1,6,0
1,0,14,1,4,0,0,1,15,1
1,0,113,10,7,13,0,1,5,1
0,0,51,8,4,4,0,1,11,1
1,1,18,2,1,0,0,1,11,1
0,0,29,1,9,0,0,1,8,0
0,0,7,1,2,0,0,1,6,1
0,1,20,2,1,2,0,1,7,1
1,0,84,9,9,9,0,1,16,2
0,1,60,5,6,8,0,1,24,1
0,0,70,5,8,6,0,1,4,1
1,1,20,3,2,0,0,1,6,0
0,1,32,3,6,0,0,1,8,1
0,1,10,1,0,1,0,1,36,3
1,0,49,7,2,4,0,1,6,1
1,0,17,1,3,0,0,1,7,1
0,1,20,1,1,0,0,1,13,1
0,1,45,3,1,24,0,1,4,0
0,1,17,1,2,0,0,1,7,1
0,0,32,4,5,2,0,1,42,3
1,0,15,1,1,1,0,1,12,1
0,1,27,3,5,1,0,1,8,1
0,1,24,1,3,0,0,1,31,2
1,0,20,3,2,0,0,1,5,0
0,0,19,2,4,1,0,1,9,1
0,0,17,2,1,1,0,1,18,1
0,1,17,2,1,0,0,1,9,1
1,0,65,8,6,8,0,1,11,1
0,1,47,7,1,5,0,1,9,0
1,1,54,3,8,11,0,1,15,1
1,1,51,8,4,3,0,1,8,1
1,0,133,9,7,8,0,1,8,1
1,1,15,3,1,0,0,1,5,0
1,1,14,1,2,0,0,1,7,1
0,1,36,5,2,0,0,1,13,0
1,1,27,4,2,0,0,1,31,3
0,1,35,3,2,0,0,1,8,0
0,1,19,1,4,0,0,1,5,1
0,0,81,7,7,6,0,1,15,1
1,1,11,2,0,0,0,1,25,1
0,0,52,2,11,11,0,1,8,0
1,1,26,3,1,5,0,1,15,1
1,1,27,1,2,6,0,1,11,2
0,0,74,12,3,12,0,1,35,0
1,1,62,4,5,7,0,1,61,0
0,0,7,2,0,0,0,1,10,1
1,1,19,2,3,0,0,1,14,1
0,1,30,3,5,2,0,1,33,3
0,1,29,3,6,4,0,1,7,1
0,0,26,1,1,0,0,1,6,0
1,1,37,3,1,3,0,1,44,3
1,1,81,8,13,3,0,1,16,2
0,0,27,5,1,0,0,1,9,1
1,1,12,3,0,1,0,1,4,1
0,1,7,1,2,0,0,1,12,1
0,1,52,1,3,0,0,1,37,1
0,0,17,2,1,1,0,1,12,0
1,1,28,1,1,0,0,1,12,1
1,0,83,9,4,3,0,1,36,0
0,1,24,2,0,2,0,1,4,0
0,0,11,1,2,0,0,1,5,0
1,1,15,2,1,3,0,1,7,1
1,1,9,1,1,3,0,1,7,1
0,1,16,1,0,2,0,1,14,0
1,1,16,2,0,0,0,1,6,1
1,1,26,2,5,2,0,1,7,1
1,0,39,3,4,0,0,1,27,1
1,1,38,4,7,1,0,1,10,1
0,0,45,6,0,2,0,1,48,4
0,0,88,7,11,2,0,1,12,1
0,0,10,1,1,0,0,1,9,0
1,0,110,8,2,15,0,1,24,2
1,1,39,5,3,0,0,1,7,1
0,1,44,3,1,4,0,1,11,1
1,1,27,2,3,7,0,1,7,1
0,0,14,2,2,0,0,1,13,0
0,0,36,6,0,2,0,1,7,1
1,0,20,3,0,0,0,1,8,1
1,1,68,4,12,7,0,1,10,1
0,1,34,3,5,3,0,1,8,1
0,0,28,3,5,3,0,1,6,0
0,1,25,4,2,0,0,1,9,1
1,1,30,5,4,3,0,1,38,2
1,1,262,7,6,11,0,1,21,1
1,1,23,3,3,0,0,1,21,1
0,1,47,4,5,3,0,1,6,1
0,1,29,4,3,0,0,1,10,1
1,1,11,1,3,1,0,1,3,1
1,0,62,8,8,0,0,1,15,1
1,1,78,5,17,11,0,1,10,1
0,1,11,2,1,1,0,1,8,1
0,0,27,4,2,3,0,1,18,0
1,1,48,1,14,0,0,1,7,1
1,1,21,2,2,0,0,1,15,1
0,1,43,2,8,13,0,1,12,1
0,1,14,1,2,6,0,1,2,0
0,0,12,1,2,0,0,1,11,0
1,1,25,3,1,1,0,1,4,1
1,0,25,4,0,6,0,1,10,0
0,0,25,6,1,0,0,1,33,2
0,1,12,1,1,0,0,1,11,1
1,1,14,2,1,0,0,1,35,1
1,1,13,2,1,0,0,1,34,5
0,0,22,3,2,2,0,1,8,1
1,0,36,7,3,2,0,1,7,1
1,0,62,9,4,8,0,1,15,1
1,0,14,1,3,0,0,1,7,1
0,0,24,4,2,5,0,1,34,2
1,0,77,8,9,1,0,1,17,0
0,0,91,16,13,0,0,1,8,1
1,0,66,6,9,12,0,1,17,1
1,0,91,8,9,2,0,1,6,1
1,0,139,28,4,6,0,1,33,1
0,1,13,1,5,1,0,1,6,1
1,1,9,1,1,0,0,1,8,0
0,1,40,4,4,3,0,1,3,1
1,0,57,2,4,7,0,1,10,1
1,1,20,1,1,0,0,1,27,0
0,1,35,3,5,4,0,1,12,0
0,0,35,5,4,1,0,1,11,1
1,1,25,3,1,1,0,1,14,1
1,0,69,6,11,5,0,1,14,1
1,0,83,11,4,12,0,1,13,1
0,0,22,1,5,5,0,1,25,0
0,0,24,1,2,0,0,1,6,1
1,1,34,4,1,1,0,1,21,1
1,0,160,11,5,11,0,1,15,1
0,1,42,1,8,4,0,1,29,1
1,0,13,1,3,0,0,1,8,0
0,1,11,2,0,0,0,1,10,1
0,1,8,1,0,1,0,1,12,2
1,0,66,4,9,16,0,1,7,0
0,0,30,3,1,1,0,1,6,1
0,0,15,2,1,0,0,1,11,0
0,1,19,1,5,1,0,1,5,0
0,1,18,3,1,0,0,1,11,1
1,1,73,5,3,0,0,1,34,2
1,0,13,2,1,0,0,1,26,0
1,1,30,1,5,5,0,1,14,1
0,0,42,1,0,2,0,1,9,1
0,1,91,5,14,8,0,1,26,0
0,0,84,8,3,5,0,1,10,1
1,0,6,1,0,0,0,1,31,0
1,1,136,23,1,26,0,1,7,0
0,0,34,4,2,1,0,1,20,1
0,1,15,3,1,1,0,1,53,4
1,0,38,3,3,8,0,1,6,0
1,1,44,7,2,0,0,1,18,1
1,1,12,1,0,0,0,1,4,1
0,0,79,6,4,0,0,1,5,0
0,0,37,1,6,1,0,1,15,1
1,1,67,6,7,6,0,1,11,0
1,0,25,2,1,10,0,1,22,2
1,0,80,11,7,7,0,1,7,0
0,0,57,6,3,3,0,1,12,1
0,1,52,10,3,4,0,1,7,1
1,1,47,6,3,5,0,1,18,1
0,1,6,1,1,0,0,1,27,4
0,1,21,2,0,1,0,1,2,0
1,1,26,2,2,0,0,1,10,0
1,1,109,5,2,7,0,1,11,1
0,1,25,1,0,4,0,1,9,1
0,1,42,3,3,9,0,1,40,1
0,0,12,2,0,1,0,1,7,0
0,1,43,3,5,0,0,1,9,1
0,0,22,3,1,2,0,1,4,0
0,1,62,3,10,12,0,1,15,0
1,0,67,12,7,0,0,1,8,1
1,0,21,1,1,2,0,1,11,1
1,1,8,1,1,1,0,1,8,1
0,1,13,2,0,0,0,1,16,1
0,1,12,1,3,0,0,1,15,0
0,0,11,2,1,1,0,1,3,1
1,1,26,4,2,0,0,1,9,0
0,1,25,2,1,2,0,1,9,2
0,0,13,1,6,1,0,1,28,1
0,1,45,1,6,0,0,1,43,0
1,1,75,8,5,4,0,1,8,1
0,0,14,2,4,4,0,1,4,0
1,1,17,2,0,1,0,1,7,1
1,0,60,7,1,7,0,1,7,1
1,1,104,13,3,16,0,1,7,0
0,0,24,3,2,2,0,1,14,0
1,1,45,5,2,3,0,1,10,1
0,1,22,1,6,1,0,1,49,0
0,0,25,2,3,0,0,1,16,1
0,0,11,1,1,4,0,1,4,0
0,0,31,2,4,0,0,1,24,2
1,1,26,2,4,2,0,1,10,1
1,1,31,4,1,0,0,1,14,1
0,0,8,1,0,3,0,1,9,0
0,0,9,1,1,1,0,1,10,1
0,1,40,4,10,2,0,1,7,1
1,1,10,2,0,1,0,1,5,0
0,0,15,1,6,1,0,1,4,1
1,1,32,5,4,4,0,1,5,1
0,1,12,1,1,1,0,1,5,0
1,1,19,2,2,3,0,1,13,0
0,0,23,2,1,2,0,1,12,1
1,1,7,1,1,0,0,1,25,6
1,1,120,10,2,7,0,1,12,1
1,1,15,2,2,0,0,1,2,0
0,1,13,1,1,1,0,1,10,1
0,0,49,4,8,5,0,1,16,1
0,1,10,1,2,2,0,1,9,0
1,0,22,2,2,0,0,1,8,1
0,1,28,1,2,2,0,1,58,3
0,0,14,2,1,0,0,1,10,0
1,1,21,3,2,2,0,1,30,2
1,0,30,2,3,2,0,1,13,1
1,1,33,2,5,2,0,1,6,0
0,0,52,3,8,4,0,1,9,0
1,1,53,3,7,10,0,1,11,0
1,0,25,2,4,2,0,1,11,1
1,1,54,2,7,2,0,1,4,1
1,1,8,1,1,1,0,1,5,0
1,1,29,4,7,1,0,1,5,0
0,0,16,3,0,1,0,1,6,0
0,1,26,1,3,0,0,1,41,1
1,0,22,1,4,1,0,1,37,1
1,1,87,12,7,9,0,1,16,0
0,1,44,5,2,0,0,1,10,1
1,1,14,1,4,1,0,1,10,1
0,0,25,3,1,6,0,1,27,1
0,0,15,2,2,0,0,1,4,1
1,1,90,4,4,27,0,1,11,1
1,0,51,9,5,4,0,1,20,1
0,0,13,3,0,0,0,1,59,5
1,0,30,3,2,1,0,1,21,1
0,1,17,3,3,1,0,1,3,0
1,1,27,2,7,0,0,1,12,2
1,1,29,3,3,2,0,1,11,1
0,1,40,2,3,6,0,1,5,1
1,1,24,2,4,0,0,1,4,0
1,0,11,1,3,0,0,1,8,0
1,1,42,4,4,8,0,1,8,0
1,0,61,7,11,3,0,1,12,1
0,0,22,1,6,3,0,1,6,1
1,1,87,7,3,3,0,1,23,3
0,0,8,1,4,0,0,1,3,0
1,0,121,15,9,0,0,1,40,2
1,1,5,1,0,0,0,1,3,0
0,0,51,7,5,1,0,1,10,1
1,1,29,3,1,2,0,1,14,1
0,1,51,4,4,3,0,1,9,0
0,0,22,1,6,4,0,1,10,1
1,0,30,6,1,1,0,1,4,1
1,1,24,1,1,0,0,1,7,0
1,0,61,6,4,2,0,1,9,1
1,0,50,8,1,1,0,1,7,1
1,0,13,2,1,1,0,1,13,1
0,1,13,1,3,2,0,1,12,0
0,0,13,2,1,0,0,1,6,1
1,0,41,3,5,0,0,1,13,1
1,1,15,1,1,4,0,1,6,0
0,0,28,3,3,0,0,1,11,1
0,0,12,2,0,1,0,1,7,1
1,0,32,2,5,16,0,1,6,1
1,0,18,2,1,3,0,1,6,1
0,1,19,3,0,0,0,1,4,1
1,1,87,2,8,2,0,1,7,0
1,1,69,4,7,5,0,1,5,1
0,0,13,1,1,2,0,1,10,0
0,0,18,1,2,6,0,1,32,3
1,1,99,3,17,6,0,1,9,1
0,0,32,3,2,16,0,1,4,0
0,1,14,1,2,1,0,1,22,2
0,0,25,3,2,0,0,1,13,1
1,1,22,2,6,1,0,1,5,1
1,1,59,4,2,0,0,1,11,0
0,0,16,1,3,2,0,1,10,1
0,0,49,1,9,0,0,1,12,1
1,1,23,1,5,1,0,1,9,1
1,0,95,11,6,6,0,1,9,0
1,1,85,6,3,3,0,1,9,1
0,0,19,1,0,4,0,1,11,1
0,0,45,6,4,5,0,1,12,1
0,1,49,5,6,5,0,1,16,2
0,0,18,2,1,0,0,1,7,1
0,0,17,1,3,3,0,1,12,1
1,0,76,8,4,6,0,1,18,1
0,1,20,1,2,1,0,1,4,1
1,0,57,7,4,2,0,1,19,2
0,0,16,2,1,1,0,1,7,1
0,1,16,2,2,3,0,1,14,2
1,0,29,2,3,0,0,1,13,2
0,0,16,1,2,1,0,1,8,1
0,0,18,2,1,2,0,1,12,0
0,0,52,4,5,10,0,1,7,1
1,1,24,5,3,0,0,1,13,1
0,0,9,1,0,0,0,1,5,1
1,1,19,1,1,0,0,1,2,0
1,0,109,2,9,7,0,1,6,1
1,0,77,1,8,5,0,1,36,0
0,0,10,2,0,1,0,1,9,1
1,1,35,2,10,0,0,1,22,3
0,0,36,4,3,1,0,1,17,1
1,1,30,1,2,14,0,1,10,1
0,1,26,2,1,2,0,1,9,2
1,0,56,6,5,0,0,1,9,0
0,0,18,1,3,0,0,1,9,1
1,1,38,4,5,0,0,1,12,1
1,0,59,7,3,23,0,1,12,1
1,1,9,1,2,1,0,1,6,0
1,0,74,11,2,0,0,1,16,0
1,0,16,2,1,0,0,1,9,0
1,1,19,1,5,2,0,1,7,0
1,1,122,9,6,23,0,1,37,3
0,1,92,3,8,7,0,1,17,1
1,1,12,2,1,0,0,1,10,1
1,1,37,1,2,0,0,1,7,1
1,0,48,10,5,0,0,1,5,1
0,0,44,6,5,4,0,1,9,0
0,1,48,1,4,0,0,1,23,2
0,0,8,1,3,1,0,1,33,2
0,1,40,5,1,1,0,1,35,2
1,1,24,1,8,1,0,1,6,0
0,1,101,5,7,16,0,1,9,1
0,0,14,2,0,0,0,1,3,0
0,0,26,3,4,1,0,1,7,0
1,1,88,7,7,10,0,1,35,2
1,0,29,5,2,0,0,1,9,1
1,1,22,3,1,0,0,1,11,1
1,0,10,1,0,1,0,1,7,1
1,0,35,2,2,4,0,1,11,1
1,1,39,3,3,1,0,1,7,1
1,0,66,1,20,3,0,1,4,1
0,0,50,3,7,9,0,1,9,0
0,0,56,2,7,9,0,1,12,1
1,1,19,2,1,2,0,1,10,0
0,1,98,4,4,16,0,1,20,2
0,0,15,1,1,2,0,1,13,1
0,0,40,2,7,6,0,1,37,3
0,0,30,3,5,0,0,1,10,0
0,0,56,10,2,0,0,1,17,0
0,0,11,1,0,0,0,1,17,1
0,0,36,2,12,2,0,1,14,2
0,0,23,3,2,0,0,1,7,1
1,1,12,3,0,0,0,1,11,1
1,1,10,1,2,1,0,1,7,0
0,0,17,4,1,0,0,1,19,1
1,1,39,4,3,6,0,1,21,0
0,0,27,1,3,4,0,1,5,1
1,1,17,3,1,0,0,1,10,1
0,1,7,1,2,0,0,1,12,1
0,0,26,2,4,0,0,1,23,1
1,1,33,4,2,0,0,1,4,1
0,1,66,4,6,0,0,1,61,5
0,1,14,3,0,0,0,1,10,0
0,1,13,1,2,0,0,1,25,1
0,0,19,1,5,3,0,1,12,1
1,0,47,5,2,0,0,1,3,0
0,1,74,4,12,8,0,1,10,1
0,1,34,1,3,0,0,1,33,4
0,1,21,4,0,4,0,1,12,1
0,1,23,2,4,0,0,1,29,0
1,0,84,6,7,5,0,1,12,0
1,1,24,2,5,1,0,1,45,2
1,1,134,25,1,18,0,1,8,1
1,1,36,1,5,10,0,1,19,1
0,0,91,10,4,15,0,1,12,0
0,0,15,2,1,2,0,1,7,1
0,1,9,2,0,0,0,1,8,0
1,0,18,1,3,0,0,1,12,0
1,1,25,4,2,0,0,1,5,1
0,0,40,3,3,3,0,1,21,1
0,1,14,1,3,1,0,1,59,3
0,0,59,5,5,0,0,1,43,1
1,1,30,7,0,1,0,1,31,0
1,0,14,2,2,0,0,1,9,1
0,1,11,1,1,0,0,1,6,0
1,0,48,4,4,5,0,1,6,0
1,1,16,1,4,0,0,1,9,1
0,0,81,8,9,5,0,1,8,2
0,1,13,1,4,0,0,1,14,1
0,0,28,2,5,2,0,1,9,1
0,1,31,2,5,2,0,1,8,1
1,1,14,2,1,0,0,1,7,1
0,1,49,4,2,18,0,1,37,2
0,0,15,1,5,0,0,1,8,2
1,0,46,3,6,0,0,1,28,1
0,0,19,1,5,3,0,1,5,0
1,1,56,6,6,4,0,1,9,1
0,0,11,1,3,1,0,1,9,1
0,0,48,4,3,12,0,1,17,1
0,1,23,2,3,6,0,1,8,0
1,1,53,2,8,8,0,1,7,0
0,0,13,2,2,0,0,1,9,1
0,0,40,1,2,0,0,1,7,0
1,1,24,4,2,0,0,1,7,0
0,0,68,5,12,0,0,1,9,1
0,1,25,3,2,6,0,1,9,4
1,1,89,8,10,0,0,1,8,1
0,0,8,2,1,0,0,1,19,2
0,1,54,5,1,2,0,1,10,1
0,1,48,4,8,1,0,1,5,1
0,0,16,1,2,0,0,1,27,2
0,1,13,2,1,0,0,1,17,1
0,1,24,3,3,0,0,1,6,0
0,0,17,1,3,3,0,1,4,0
0,0,14,2,2,0,0,1,5,0
0,1,13,1,4,0,0,1,12,1
0,0,43,5,2,0,0,1,13,2
1,0,110,11,5,10,0,1,8,0
1,1,42,7,3,1,0,1,8,1
0,0,20,3,2,1,0,1,15,0
1,1,19,2,2,1,0,1,5,1
0,1,7,1,2,0,0,1,12,1
0,1,7,1,2,1,0,1,11,1
1,1,17,3,1,0,0,1,28,6
0,0,35,2,6,4,0,1,4,0
0,0,63,6,4,12,0,1,12,1
0,0,7,2,0,0,0,1,6,1
0,0,26,1,1,7,0,1,9,1
1,0,30,2,2,2,0,1,13,1
1,0,74,5,3,0,0,1,6,1
1,1,94,6,6,1,0,1,7,1
1,0,134,9,13,1,0,1,16,2
1,0,18,2,2,0,0,1,4,1
0,0,50,3,9,0,0,1,4,1
0,0,18,2,1,5,0,1,6,0
1,1,113,12,6,2,0,1,10,0
0,0,15,2,2,0,0,1,7,0
1,0,24,4,3,0,0,1,13,1
0,1,11,2,2,1,0,1,11,2
0,1,25,3,1,4,0,1,5,1
1,1,74,13,8,3,0,1,13,0
1,0,12,2,0,0,0,1,14,0
1,0,24,6,1,0,0,1,6,0
0,0,35,3,3,0,0,1,28,2
0,0,138,10,15,11,0,1,3,0
1,1,93,11,5,18,0,1,8,0
0,0,22,2,4,2,0,1,7,0
1,1,114,1,20,23,0,1,11,1
1,1,90,6,10,11,0,1,9,1
0,0,37,4,3,0,0,1,56,0
0,1,34,2,3,2,0,1,8,0
0,0,39,3,7,1,0,1,14,1
0,1,44,1,5,0,0,1,9,1
1,1,31,3,1,1,0,1,4,1
0,0,12,4,0,0,0,1,3,0
1,0,29,4,4,0,0,1,11,1
0,0,7,1,0,0,0,1,13,1
1,0,60,4,6,2,0,1,10,0
0,1,34,3,4,0,0,1,10,1
0,0,15,2,0,1,0,1,8,1
0,1,56,6,5,0,0,1,63,0
0,0,40,2,7,5,0,1,8,0
0,1,59,5,9,0,0,1,9,1
1,1,42,3,6,3,0,1,15,0
0,1,12,2,0,0,0,1,18,1
1,1,25,2,2,0,0,1,15,1
1,1,123,7,2,48,0,1,4,0
1,0,41,6,2,2,0,1,7,1
1,0,67,7,5,4,0,1,8,0
1,1,21,4,2,0,0,1,14,1
1,0,11,1,1,1,0,1,15,1
1,1,26,3,1,4,0,1,17,2
0,1,14,1,3,0,0,1,30,0
0,0,23,2,4,0,0,1,8,1
1,1,26,5,2,1,0,1,25,1
0,0,71,8,6,10,0,1,12,0
1,1,10,1,0,2,0,1,12,1
0,1,28,1,8,0,0,1,9,1
1,0,24,3,6,0,0,1,19,1
1,0,106,12,8,0,0,1,23,0
1,1,8,1,0,0,0,1,9,1
1,1,22,3,2,0,0,1,77,4
1,1,23,2,2,1,0,1,13,0
0,0,28,1,1,0,0,1,12,1
0,0,34,3,7,0,0,1,10,1
0,0,162,14,14,16,0,1,6,0
0,0,46,6,9,10,0,1,8,1
1,1,45,2,4,0,0,1,30,3
1,1,36,1,2,8,0,1,9,1
1,0,83,4,3,2,0,1,14,0
1,1,33,4,1,2,0,1,18,1
1,1,41,5,2,1,0,1,10,1
0,1,33,4,3,1,0,1,10,1
0,0,16,1,3,1,0,1,60,2
0,0,30,2,1,6,0,1,12,0
0,1,12,1,1,2,0,1,2,0
1,1,41,3,3,2,0,1,6,1
0,0,24,3,0,0,0,1,3,0
1,0,12,1,2,0,0,1,12,1
1,0,66,6,8,10,0,1,17,2
1,1,35,4,4,6,0,1,12,1
0,0,11,3,0,0,0,1,7,0
1,1,25,2,3,2,0,1,6,0
0,0,24,5,0,0,0,1,2,1
1,1,60,7,3,6,0,1,36,1
0,1,30,4,2,0,0,1,16,1
0,0,41,5,1,6,0,1,19,1
1,0,74,1,20,4,0,1,9,0
1,1,36,5,4,5,0,1,8,1
1,1,73,14,6,0,0,1,11,2
1,0,21,3,3,1,0,1,7,1
0,1,26,1,1,0,0,1,9,1
0,0,36,3,0,3,0,1,6,1
1,0,156,13,5,28,0,1,6,0
1,0,62,10,1,10,0,1,14,0
1,1,88,8,14,10,0,1,9,1
0,0,21,3,2,2,0,1,57,16
0,0,12,3,0,2,0,1,10,1
0,0,21,3,2,1,0,1,6,0
0,0,9,1,0,1,0,1,6,1
0,1,10,2,1,0,0,1,15,1
1,1,24,3,2,0,0,1,12,1
0,1,25,1,5,8,0,1,6,0
0,1,37,6,3,1,0,1,7,1
1,1,38,1,6,7,0,1,8,1
0,1,60,6,8,6,0,1,9,1
0,0,39,5,3,4,0,1,35,3
0,0,92,5,7,14,0,1,11,1
0,0,31,2,5,1,0,1,7,1
0,1,25,4,1,7,0,1,11,2
0,0,93,6,15,10,0,1,11,1
0,0,19,1,5,1,0,1,5,1
1,1,80,3,9,1,0,1,9,1
0,0,16,3,1,0,0,1,11,1
0,0,34,3,3,0,0,1,33,0
1,1,14,3,0,0,0,1,12,1
0,0,19,4,1,3,0,1,22,1
1,1,42,5,4,0,0,1,15,1
0,1,10,1,1,1,0,1,8,0
1,0,36,3,6,11,0,1,5,0
0,0,27,3,2,4,0,1,14,0
0,1,20,3,1,0,0,1,5,1
0,0,50,5,11,3,0,1,12,0
1,0,137,9,4,25,8,1,4,1
1,0,29,3,0,4,0,1,17,1
1,0,16,2,1,0,0,1,9,1
0,0,17,1,1,0,0,1,32,1
1,1,18,2,0,1,0,1,8,1
1,1,48,2,5,5,0,1,6,0
1,0,63,5,3,4,0,1,12,0
0,1,54,1,5,0,0,1,7,0
1,0,41,2,7,7,0,1,3,0
0,0,23,1,8,2,0,1,9,0
0,1,16,1,1,1,0,1,8,1
0,0,32,2,3,8,0,1,12,1
0,0,82,8,6,15,0,1,6,1
1,0,14,2,0,1,0,1,11,1
1,1,40,3,3,3,0,1,60,3
1,0,53,6,4,2,0,1,1,0
1,1,37,4,3,0,0,1,25,1
0,0,51,4,6,6,0,1,20,1
0,0,49,6,1,0,0,1,24,0
1,1,9,1,1,0,0,1,6,1
0,1,13,2,2,1,0,1,15,2
0,1,23,4,2,0,0,1,18,1
0,1,19,1,8,1,0,1,90,0
0,1,14,2,1,0,0,1,8,1
1,1,12,1,2,0,0,1,7,1
0,1,31,4,4,5,0,1,66,4
1,1,16,2,5,0,0,1,7,1
0,0,31,5,1,1,0,1,30,2
1,1,54,4,7,3,0,1,12,2
1,0,8,1,1,3,0,1,15,3
0,0,10,1,2,1,0,1,5,1
1,0,29,4,4,2,0,1,7,1
1,0,23,1,7,3,0,1,8,1
0,1,22,2,3,1,0,1,12,1
0,0,8,1,2,3,0,1,9,1
0,0,19,2,0,1,0,1,9,1
1,1,17,1,1,4,0,1,9,1
1,0,37,4,3,7,0,1,6,1
1,1,51,7,2,5,0,1,76,5
1,1,24,3,1,2,0,1,5,1
1,0,42,7,2,6,0,1,10,0
1,1,27,3,3,1,0,1,7,1
0,1,17,2,2,0,0,1,26,2
0,1,23,1,4,5,0,1,24,0
0,0,16,1,0,2,0,1,15,2
1,1,13,1,2,0,0,1,2,0
0,0,24,4,2,1,0,1,8,1
1,1,27,2,4,7,0,1,11,1
0,0,15,1,0,1,0,1,8,0
0,0,52,4,2,2,0,1,4,1
1,1,30,1,3,5,0,1,5,0
1,1,12,1,3,3,0,1,19,1
1,0,115,8,11,26,0,1,15,1
0,1,39,3,4,0,0,1,64,5
0,0,7,1,0,0,0,1,8,1
0,0,56,8,4,3,0,1,53,5
1,1,27,1,8,2,0,1,8,1
0,1,13,1,1,1,0,1,3,0
1,1,67,6,4,2,0,1,12,1
0,0,48,4,5,2,0,1,7,1
1,1,176,13,1,9,0,1,11,1
0,1,86,7,12,0,0,1,9,1
0,1,44,3,6,2,0,1,9,1
0,0,36,5,1,13,0,1,12,1
0,0,58,6,3,4,0,1,19,1
0,1,7,1,3,0,0,1,4,0
0,0,65,9,5,1,0,1,14,1
1,0,64,4,19,6,0,1,11,1
0,1,20,3,2,1,0,1,30,2
1,1,104,5,5,4,0,1,6,1
0,0,14,1,4,1,0,1,8,1
1,1,39,5,3,3,0,1,14,0
0,1,15,2,2,0,0,1,8,0
1,1,71,11,3,0,0,1,19,3
1,1,6,1,4,0,0,1,6,1
1,1,80,3,4,0,0,1,9,0
1,1,51,5,6,1,0,1,38,4
1,1,87,4,14,7,0,1,9,1
0,1,73,5,9,1,0,1,11,0
0,0,22,3,3,1,0,1,5,0
0,0,23,2,5,0,0,1,15,0
0,0,32,4,5,3,0,1,10,1
1,1,52,5,2,2,0,1,22,1
0,1,14,1,1,2,0,1,14,1
0,0,20,3,1,0,0,1,26,2
0,1,41,5,7,3,0,1,4,0
0,1,17,4,0,0,0,1,15,1
1,1,28,3,2,5,0,1,6,1
0,1,36,1,4,6,0,1,77,1
0,0,10,1,1,0,0,1,5,1
1,1,52,5,4,2,0,1,8,1
0,0,61,4,5,6,0,1,34,4
0,0,123,8,15,10,0,1,11,0
1,0,83,11,10,1,0,1,22,1
0,0,124,1,8,6,0,1,6,0
1,1,45,9,2,0,0,1,9,1
0,0,15,3,0,0,0,1,43,5
0,0,7,1,1,0,0,1,11,1
0,0,40,5,2,0,0,1,12,1
0,1,9,1,3,1,0,1,6,1
1,1,19,3,1,1,0,1,27,2
0,0,11,1,2,0,0,1,4,0
0,0,24,3,2,2,0,1,22,0
1,1,12,2,1,0,0,1,23,0
0,0,18,2,4,1,0,1,5,0
1,0,22,4,3,0,0,1,18,1
0,1,9,1,1,0,0,1,6,1
0,1,41,6,2,4,0,1,8,1
0,1,36,2,3,0,0,1,14,1
0,0,52,4,6,0,0,1,14,1
0,0,14,2,1,0,0,1,47,4
1,0,12,3,2,0,0,1,5,1
0,0,39,4,4,5,0,1,10,1
1,0,7,1,0,1,0,1,6,0
0,1,43,4,4,10,0,1,7,1
1,1,17,2,3,0,0,1,14,1
0,0,12,1,2,1,0,1,21,0
0,1,36,1,4,5,0,1,3,0
1,1,37,4,1,0,0,1,37,1
0,0,33,4,4,0,0,1,25,1
1,1,104,6,7,6,0,1,22,4
1,1,38,8,1,3,0,1,7,1
1,1,67,8,9,7,0,1,26,3
0,0,35,3,6,5,0,1,10,1
1,1,10,2,1,0,0,1,9,0
0,0,15,1,2,1,0,1,10,2
1,0,51,5,2,8,0,1,17,1
0,0,35,6,3,0,0,1,12,1
0,1,20,1,3,1,0,1,5,1
1,1,68,6,14,12,0,1,47,5
0,0,19,1,2,0,0,1,19,2
0,1,25,3,1,0,0,1,10,0
0,1,44,1,2,0,0,1,8,0
0,0,56,5,6,7,0,1,57,4
1,0,9,1,0,1,0,1,7,0
1,1,65,6,6,7,0,1,7,1
1,1,48,4,2,1,0,1,5,1
0,1,11,2,1,1,0,1,11,1
1,1,29,4,1,3,0,1,22,2
1,1,18,1,5,0,0,1,8,1
0,0,34,2,2,1,0,1,10,0
0,1,17,2,1,0,0,1,9,0
0,0,57,8,3,0,0,1,43,3
0,1,18,1,2,0,0,1,40,2
0,0,26,3,3,0,0,1,15,1
0,0,15,1,2,0,0,1,10,1
1,1,14,2,0,0,0,1,20,1
0,0,20,2,1,0,0,1,8,1
1,0,47,2,2,0,0,1,17,2
1,1,48,3,3,13,0,1,8,1
1,0,37,2,2,4,0,1,19,1
0,0,21,2,1,2,0,1,4,1
0,0,23,2,2,3,0,1,14,0
0,1,8,1,0,0,0,1,8,0
0,0,9,1,2,0,0,1,6,1
1,1,17,1,3,5,0,1,12,1
0,0,26,3,3,0,0,1,10,1
1,1,61,4,1,2,0,1,14,1
1,1,15,2,1,3,0,1,34,2
0,1,25,3,2,0,0,1,10,1
0,0,44,4,8,3,0,1,6,1
0,0,83,4,12,0,0,1,8,1
1,0,81,15,1,0,0,1,9,1
0,0,54,5,1,3,0,1,21,2
1,1,19,3,0,1,0,1,27,4
1,1,24,2,8,8,0,1,11,0
0,0,8,1,1,0,0,1,15,0
1,1,27,4,1,3,0,1,7,1
1,1,45,2,9,2,0,1,5,1
1,1,65,9,7,1,0,1,5,1
1,1,55,4,5,12,0,1,18,1
0,1,14,2,1,3,0,1,15,2
1,1,8,1,3,0,0,1,7,1
1,1,17,2,1,0,0,1,8,0
0,0,34,5,3,1,0,1,6,1
0,0,58,6,6,7,0,1,9,1
0,0,36,3,3,2,0,1,5,1
1,0,48,4,4,1,0,1,17,1
0,0,29,2,5,7,0,1,18,2
1,0,65,9,3,3,0,1,4,1
0,0,61,1,8,0,0,1,44,2
0,0,79,11,9,4,0,1,9,1
0,1,21,3,2,0,0,1,5,0
0,1,24,4,4,2,0,1,5,1
0,1,13,1,2,2,0,1,11,0
0,0,26,4,0,6,0,1,12,0
0,1,14,1,1,0,0,1,29,1
0,0,19,1,3,3,0,1,3,0
0,0,37,4,4,3,0,1,12,1
1,0,125,5,6,20,0,1,39,2
0,0,72,8,8,13,0,1,15,1
1,1,33,4,2,3,0,1,34,4
1,1,28,5,5,0,0,1,27,2
0,1,27,2,3,0,0,1,58,1
0,0,18,4,0,0,0,1,7,0
1,0,73,8,13,14,0,1,10,1
1,1,34,3,4,5,0,1,3,1
0,1,34,4,2,5,0,1,24,2
1,0,37,6,3,5,0,1,4,1
1,1,8,1,2,1,0,1,19,2
1,1,32,1,7,4,0,1,39,2
0,1,13,2,0,0,0,1,11,1
0,1,46,7,0,0,0,1,4,0
0,0,31,5,2,0,0,1,14,1
0,0,13,2,2,1,0,1,8,0
1,0,73,5,5,11,0,1,12,1
0,0,53,5,1,13,0,1,3,0
1,1,31,6,2,0,0,1,5,1
1,1,29,5,0,4,0,1,8,1
1,0,49,7,4,0,0,1,15,1
1,1,21,3,2,0,0,1,5,1
0,0,43,4,5,4,0,1,11,1
0,1,56,7,6,0,0,1,23,1
1,1,9,2,1,0,0,1,33,2
1,1,18,1,2,3,0,1,12,1
0,0,68,6,7,11,0,1,8,1
0,1,20,2,2,4,0,1,4,0
1,0,25,2,5,0,0,1,7,0
0,1,23,1,6,2,0,1,7,1
1,0,63,2,5,25,0,1,3,1
0,1,23,1,6,0,0,1,9,3
0,1,17,1,1,5,0,1,4,1
1,1,35,4,3,1,0,1,13,1
0,1,66,4,7,6,0,1,46,3
0,0,22,4,2,0,0,1,7,1
1,1,23,3,4,3,0,1,9,1
0,0,170,1,4,24,0,1,7,0
0,1,29,1,10,3,0,1,40,3
1,1,31,2,7,0,0,1,7,1
0,1,41,4,0,4,0,1,53,3
0,0,23,2,1,2,0,1,36,2
0,1,53,6,4,3,0,1,21,0
0,1,70,2,6,0,0,1,15,0
0,0,157,9,6,13,0,1,51,2
0,1,21,2,3,2,0,1,10,1
0,0,6,1,0,0,0,1,7,1
0,0,45,1,5,0,0,1,6,0
1,0,8,1,1,0,0,1,5,1
1,1,71,7,9,0,0,1,42,2
0,1,12,2,0,2,0,1,11,1
0,0,11,2,0,0,0,1,7,1
0,1,14,1,1,3,0,1,14,1
0,1,20,3,0,1,0,1,10,0
1,1,9,1,2,0,0,1,3,0
0,0,21,2,2,5,0,1,11,1
0,0,47,7,5,9,0,1,52,2
0,0,25,2,1,2,0,1,2,0
0,1,26,3,2,0,0,1,10,1
1,1,8,1,0,0,0,1,5,1
1,1,16,1,5,1,0,1,5,0
0,0,25,3,2,0,0,1,16,2
0,0,36,1,2,2,0,1,7,0
1,0,42,8,2,0,0,1,11,1
1,1,11,1,2,1,0,1,18,5
1,0,29,4,1,1,0,1,4,0
1,1,40,2,2,5,0,1,66,2
0,0,20,1,5,1,0,1,6,0
1,0,131,10,9,15,0,1,11,1
1,1,33,5,1,1,0,1,11,0
1,0,34,4,4,0,0,1,4,0
1,1,54,1,8,12,0,1,6,0
1,1,22,1,3,5,0,1,9,1
0,0,58,5,1,5,0,1,24,3
1,1,26,3,7,0,0,1,8,0
0,0,11,1,2,0,0,1,8,1
1,1,24,4,1,0,0,1,13,1
0,0,43,3,2,3,0,1,9,1
1,1,13,1,1,2,0,1,14,0
0,1,36,3,0,6,0,1,9,1
1,0,19,2,1,1,0,1,13,2
1,1,14,2,0,1,0,1,21,2
1,0,44,8,1,0,0,1,6,0
0,1,8,1,0,1,0,1,26,1
0,0,14,2,0,0,0,1,11,0
0,0,74,12,2,3,0,1,12,1
1,1,38,4,4,2,0,1,19,1
0,0,29,5,3,2,0,1,13,1
1,1,72,3,14,2,0,1,38,5
1,1,23,1,1,0,0,1,47,5
0,1,91,4,20,7,0,1,8,1
0,0,13,2,0,0,0,1,31,4
1,0,12,1,1,1,0,1,9,1
1,1,7,1,0,0,0,1,8,1
0,0,17,1,2,4,0,1,16,2
0,0,49,7,6,5,0,1,9,1
0,0,16,2,1,2,0,1,36,0
0,0,66,9,9,1,0,1,9,1
0,0,109,1,9,0,0,1,7,0
1,1,17,2,2,1,0,1,6,0
1,1,72,6,4,3,0,1,11,1
0,0,39,6,1,0,0,1,24,1
0,1,21,2,2,0,0,1,12,1
1,0,25,1,7,5,0,1,6,0
1,1,17,2,1,0,0,1,25,1
0,1,8,1,0,0,0,1,7,0
1,1,57,12,3,2,0,1,28,0
1,1,52,5,1,3,0,1,56,2
0,1,13,2,1,0,0,1,8,1
0,1,17,1,2,0,0,1,12,2
0,0,28,3,2,9,0,1,5,1
1,0,11,1,2,0,0,1,5,0
0,0,16,2,1,0,0,1,11,1
1,0,155,20,8,16,0,1,43,1
0,1,24,1,3,5,0,1,4,1
1,0,106,8,16,8,0,1,76,2
0,0,45,6,1,0,0,1,9,1
1,1,8,2,0,1,0,1,10,0
0,1,22,1,6,2,0,1,11,1
1,0,31,4,2,3,0,1,23,2
1,1,29,4,2,0,0,1,10,0
1,1,33,4,3,0,0,1,40,2
0,0,30,2,4,2,0,1,18,1
0,0,49,3,3,6,0,1,13,0
0,0,31,4,4,7,0,1,16,1
0,0,159,5,12,7,0,1,81,4
1,1,40,5,3,1,0,1,40,2
0,1,17,2,3,0,0,1,6,0
1,1,56,2,10,9,0,1,9,1
0,1,13,2,0,1,0,1,18,2
0,1,15,1,4,0,0,1,4,1
1,1,6,1,0,0,0,1,35,3
1,1,35,6,0,4,0,1,12,0
1,0,10,1,2,1,0,1,6,0
1,1,47,8,3,7,0,1,9,0
0,0,29,5,0,0,0,1,6,1
0,0,66,5,2,8,0,1,5,0
0,0,12,2,2,2,0,1,7,0
1,1,16,2,2,0,0,1,8,0
0,1,36,6,1,0,0,1,13,1
1,0,11,2,0,1,0,1,9,1
1,1,39,2,3,4,0,1,6,1
0,0,31,4,3,1,0,1,12,1
1,1,70,10,5,0,0,1,8,1
1,1,14,2,1,1,0,1,6,0
0,0,12,2,0,1,0,1,10,1
1,1,19,3,1,0,0,1,31,3
1,1,60,2,8,13,0,1,6,1
1,1,43,6,2,0,0,1,27,1
0,0,25,3,4,2,0,1,25,1
0,1,38,1,5,0,0,1,55,2
1,0,37,2,5,4,0,1,3,1
0,0,9,1,1,0,0,1,10,0
1,0,8,1,1,0,0,1,10,1
0,1,20,3,2,1,0,1,15,0
1,0,76,2,5,0,0,1,12,0
1,1,55,2,8,0,0,1,17,2
1,1,105,4,11,22,0,1,7,1
0,0,20,4,2,2,0,1,25,2
1,1,18,2,0,6,0,1,11,1
1,1,104,6,6,2,0,1,21,0
0,1,21,2,2,0,0,1,62,3
0,1,37,1,12,3,0,1,5,1
1,0,48,5,6,0,0,1,22,2
0,0,13,1,2,1,0,1,8,1
1,1,22,1,3,0,0,1,10,1
0,1,5,1,0,0,0,1,10,1
0,1,79,8,7,4,0,1,32,2
1,0,40,5,4,15,0,1,9,0
0,1,11,2,0,0,0,1,10,1
0,1,15,1,6,1,0,1,54,0
0,0,45,3,4,0,0,1,10,1
1,1,79,8,6,10,0,1,24,2
1,0,256,1,8,8,0,1,6,0
0,0,106,6,6,2,0,1,7,2
1,0,40,2,7,2,0,1,11,1
1,0,40,7,2,1,0,1,15,1
1,1,10,1,2,0,0,1,14,1
0,0,15,1,0,0,0,1,16,1
0,0,75,7,4,11,0,1,14,1
1,1,24,2,0,2,0,1,41,2
0,0,40,3,2,1,0,1,14,1
1,0,58,5,9,1,0,1,11,1
1,1,28,1,5,1,0,1,8,1
1,1,49,5,4,1,0,1,12,1
1,1,24,2,0,7,0,1,7,1
1,1,35,7,0,0,0,1,22,2
0,0,14,1,1,0,0,1,23,2
0,1,14,1,4,0,0,1,14,2
1,1,47,3,2,6,0,1,5,1
1,1,24,4,2,0,0,1,25,2
0,0,25,2,3,5,0,1,11,1
1,1,72,3,7,12,0,1,10,1
1,0,62,4,5,17,0,1,6,0
0,1,64,8,5,3,0,1,11,1
1,1,18,2,2,0,0,1,27,1
0,1,18,3,1,0,0,1,21,2
1,0,9,2,0,0,0,1,21,1
1,1,22,2,1,2,0,1,5,0
1,0,25,5,4,0,0,1,25,2
0,0,29,2,3,0,0,1,7,0
1,1,52,4,5,4,0,1,11,1
1,0,11,1,2,0,0,1,23,3
0,1,44,2,6,4,0,1,10,1
0,0,14,2,1,0,0,1,8,0
1,0,13,2,2,0,0,1,10,1
0,1,51,4,5,3,0,1,61,5
0,0,15,1,2,1,0,1,8,1
0,0,8,1,2,1,0,1,4,1
0,1,22,3,2,0,0,1,9,1
0,1,13,2,2,0,0,1,5,0
1,0,32,7,0,0,0,1,19,1
0,0,4,1,0,0,0,1,5,0
1,1,19,3,0,2,0,1,20,1
0,0,22,2,2,0,0,1,17,1
0,1,11,2,1,2,0,1,24,1
1,0,22,2,2,0,0,1,9,1
0,1,23,2,3,0,0,1,8,1
0,0,42,3,1,5,0,1,13,3
0,0,43,3,4,6,0,1,10,1
1,0,98,8,3,8,0,1,16,1
1,1,65,5,4,4,0,1,9,0
0,1,9,1,2,2,0,1,12,0
0,0,41,5,1,8,0,1,5,1
1,0,70,1,5,0,0,1,16,2
1,1,23,3,2,4,0,1,8,0
1,0,59,1,4,0,0,1,11,1
1,0,17,3,2,3,0,1,22,2
1,0,140,8,3,10,0,1,34,1
1,0,120,1,5,29,0,1,4,1
0,0,22,2,2,0,0,1,29,1
0,0,23,3,3,0,0,1,9,2
0,0,19,2,4,1,0,1,7,1
0,1,9,1,1,0,0,1,25,2
1,1,122,11,4,23,0,1,8,0
1,0,69,9,8,0,0,1,4,0
0,0,21,3,2,0,0,1,7,0
0,1,39,2,4,0,0,1,12,0
0,1,19,1,5,3,0,1,6,0
0,1,27,5,1,1,0,1,17,1
0,0,21,2,0,1,0,1,17,2
1,1,41,6,11,1,0,1,16,1
0,0,25,4,1,0,0,1,11,1
1,0,15,1,7,0,0,1,19,2
0,1,9,1,0,0,0,1,20,1
1,0,65,2,4,42,0,1,21,3
1,0,35,5,1,0,0,1,3,0
0,0,27,3,1,1,0,1,10,1
0,0,15,3,1,0,0,1,8,1
1,1,26,3,3,4,0,1,10,1
1,1,70,5,9,0,0,1,13,1
0,0,21,3,2,0,0,1,34,2
0,0,142,11,12,6,0,1,16,1
0,1,14,1,5,3,0,1,9,1
0,1,37,3,7,5,0,1,43,3
0,0,44,3,8,10,0,1,50,6
1,1,97,7,1,32,0,1,36,1
0,0,53,6,4,11,0,1,12,0
0,1,25,3,5,0,0,1,17,1
1,1,15,2,2,0,0,1,10,1
1,1,103,9,7,14,0,1,5,1
1,0,39,3,9,4,0,1,13,1
0,0,36,4,8,5,0,1,5,1
1,1,12,1,0,1,0,1,6,0
0,0,51,6,3,1,0,1,26,1
1,1,23,2,2,1,0,1,9,1
1,0,74,6,4,6,0,1,3,0
0,0,28,1,4,2,0,1,16,1
1,0,46,4,4,3,0,1,10,0
0,1,21,2,1,0,0,1,10,1
0,0,57,2,8,4,0,1,20,0
1,0,20,2,0,1,0,1,12,1
0,0,88,2,11,7,0,1,15,1
1,1,19,1,6,2,0,1,5,0
1,1,35,5,2,7,0,1,8,1
1,1,29,5,1,0,0,1,16,5
1,1,20,1,5,0,0,1,13,1
1,0,34,4,1,4,0,1,13,1
1,1,17,2,5,2,0,1,7,1
0,1,21,2,1,1,0,1,6,1
0,0,19,2,0,1,0,1,5,1
1,1,34,2,4,5,0,1,23,2
1,1,13,1,1,1,0,1,6,1
0,0,94,9,12,9,0,1,23,1
1,1,38,6,2,0,0,1,30,2
0,0,40,7,3,6,0,1,7,0
1,0,29,1,0,1,0,1,7,0
1,1,51,2,7,0,0,1,8,1
1,0,48,1,3,29,0,1,7,0
0,0,30,4,2,2,0,1,20,0
0,0,20,2,2,0,0,1,7,0
0,0,19,1,0,7,0,1,8,1
0,0,24,4,2,0,0,1,12,1
1,1,11,2,0,1,0,1,10,1
0,0,59,8,5,7,0,1,41,2
1,1,92,7,9,10,0,1,6,0
0,0,27,5,2,4,0,1,14,1
0,0,7,1,2,0,0,1,11,1
1,1,30,4,4,2,0,1,12,1
0,1,64,3,6,9,0,1,4,1
1,1,58,6,5,1,0,1,25,1
0,0,24,1,2,2,0,1,10,1
0,1,45,5,1,18,0,1,10,1
0,1,33,2,9,3,0,1,10,1
1,1,8,2,1,0,0,1,40,0
1,1,15,1,2,0,0,1,7,1
0,0,15,2,0,5,0,1,5,0
0,1,13,1,3,0,0,1,6,1
0,1,9,1,0,0,0,1,6,1
1,1,83,1,4,0,0,1,8,0
0,0,49,2,1,3,0,1,6,1
0,0,13,1,2,2,0,1,11,1
0,1,10,1,1,0,0,1,6,0
1,0,10,1,1,1,0,1,6,0
0,0,35,3,4,7,0,1,9,1
1,0,30,4,2,3,0,1,6,1
0,1,14,2,4,0,0,1,13,1
0,1,33,3,2,1,0,1,12,1
1,0,105,14,4,5,0,1,8,1
1,0,47,5,2,3,0,1,15,2
0,0,24,1,8,2,0,1,13,1
1,1,6,1,0,1,0,1,9,1
1,1,33,4,3,0,0,1,14,1
1,1,75,7,5,7,0,1,8,1
0,1,4,1,0,0,0,1,7,0
0,0,27,3,1,1,0,1,8,0
1,1,31,2,4,1,0,1,9,1
0,0,12,2,1,0,0,1,6,1
1,1,52,6,4,0,0,1,7,1
1,1,34,1,9,1,0,1,7,1
1,1,33,5,2,2,0,1,12,1
1,0,14,1,5,2,0,1,10,1
1,1,49,3,8,0,0,1,9,1
1,0,82,9,5,2,0,1,10,1
0,1,21,4,1,0,0,1,56,4
1,0,18,2,1,1,0,1,7,0
1,1,31,2,11,1,0,1,7,1
1,0,43,6,5,0,0,1,9,1
1,0,16,1,3,0,0,1,7,1
1,1,43,6,1,2,0,1,6,1
1,0,30,4,5,4,0,1,13,2
0,1,12,2,0,0,0,1,7,1
0,1,18,3,1,0,0,1,11,0
0,0,11,1,1,2,0,1,33,2
1,1,24,4,2,2,0,1,18,2
0,1,19,2,3,1,0,1,10,1
0,1,25,2,7,2,0,1,8,1
1,0,25,3,3,2,0,1,11,1
1,0,34,3,3,7,0,1,25,2
1,1,27,2,8,0,0,1,10,2
0,0,60,9,5,6,0,1,8,1
0,0,54,7,4,2,0,1,9,0
1,0,47,3,8,2,0,1,10,1
0,1,26,1,0,1,0,1,7,0
0,1,16,3,0,6,0,1,5,1
1,0,81,4,7,0,0,1,20,0
0,1,11,1,3,2,0,1,6,1
0,1,14,1,0,6,0,1,50,2
0,1,23,3,4,0,0,1,16,0
0,1,30,5,4,0,0,1,70,6
0,0,75,3,21,17,0,1,11,1
0,0,60,5,0,4,0,1,11,1
0,0,23,1,6,2,0,1,5,1
1,0,35,4,2,5,0,1,9,0
0,1,18,3,0,1,0,1,60,5
0,0,22,1,7,2,0,1,6,1
1,0,102,8,8,10,0,1,36,5
0,0,34,2,4,0,0,1,29,1
1,1,34,4,3,0,0,1,5,0
0,0,41,6,3,1,0,1,13,1
1,1,72,6,7,19,0,1,8,1
0,1,29,2,4,5,0,1,8,1
0,1,31,6,2,0,0,1,11,1
0,0,14,3,0,1,0,1,60,4
0,0,84,6,12,1,0,1,12,1
0,0,39,4,4,8,0,1,4,0
1,0,9,2,0,0,0,1,9,0
1,1,46,7,4,10,0,1,3,0
0,0,47,6,2,3,0,1,28,2
0,0,27,4,2,5,0,1,14,1
0,0,39,5,1,7,0,1,7,0
1,0,92,12,9,1,0,1,20,3
0,0,13,1,3,0,0,1,14,1
1,0,55,6,7,1,0,1,4,1
1,1,11,1,1,1,0,1,14,0
0,1,10,1,1,2,0,1,5,0
0,0,82,10,7,3,0,1,12,1
0,0,13,1,2,0,0,1,6,1
0,1,18,3,4,2,0,1,8,1
0,0,32,4,1,2,0,1,6,1
0,1,10,1,1,1,0,1,7,1
1,1,111,2,22,15,0,1,6,1
0,1,46,5,3,1,0,1,8,1
0,0,33,4,2,0,0,1,13,0
1,1,56,3,6,14,0,1,4,0
1,0,101,10,5,0,0,1,10,1
0,1,51,4,6,5,0,1,56,0
1,1,15,4,0,0,0,1,11,1
0,0,22,3,3,0,0,1,16,3
0,1,88,8,11,7,0,1,11,1
0,0,36,2,4,2,0,1,8,0
0,0,47,2,5,7,0,1,8,1
1,1,13,1,5,0,0,1,39,2
0,1,11,1,0,0,0,1,11,1
1,1,39,3,7,5,0,1,10,0
1,0,64,6,6,3,0,1,8,1
1,0,70,9,1,5,0,1,8,1
0,0,45,4,9,0,0,1,11,1
0,0,45,3,5,5,0,1,38,3
1,0,11,3,1,0,0,1,4,1
1,1,7,1,1,0,0,1,6,1
0,0,13,2,4,0,0,1,8,1
0,1,10,1,2,1,0,1,7,0
1,1,9,2,3,0,0,1,12,3
0,1,35,4,2,1,0,1,28,2
1,1,31,2,2,2,0,1,42,3
0,1,23,2,1,1,0,1,6,0
1,0,38,5,3,1,0,1,8,1
1,1,51,4,7,5,0,1,9,1
1,0,16,2,1,0,0,1,4,0
1,0,11,1,1,1,0,1,9,0
1,0,31,3,2,5,0,1,16,1
1,1,85,6,4,4,0,1,11,1
0,0,13,1,1,0,0,1,35,3
1,1,48,5,0,4,0,1,7,1
0,1,13,1,2,2,0,1,8,0
0,0,19,3,2,0,0,1,7,1
1,0,23,3,0,1,0,1,5,1
1,0,45,4,3,1,0,1,12,2
0,0,22,4,2,1,0,1,62,9
1,0,18,2,2,3,0,1,28,1
1,0,40,4,6,2,0,1,6,1
1,1,36,2,11,3,0,1,40,1
0,1,14,1,2,1,0,1,12,1
0,0,15,1,3,6,0,1,5,1
1,0,55,6,5,0,0,1,37,2
1,0,110,13,10,1,0,1,7,1
1,1,193,5,3,43,0,1,9,1
1,1,76,6,7,4,0,1,13,1
0,0,13,1,2,3,0,1,4,0
0,0,93,1,4,6,0,1,7,0
0,1,46,2,7,0,0,1,9,1
0,0,8,1,0,0,0,1,6,0
0,0,38,3,5,3,0,1,7,1
0,0,14,3,0,0,0,1,14,1
1,1,68,5,10,4,0,1,7,0
1,1,9,1,1,0,0,1,39,1
0,0,25,4,1,0,0,1,9,0
1,0,32,1,2,12,0,1,10,1
0,1,15,3,1,0,0,1,3,0
0,1,25,2,5,0,0,1,4,0
0,1,17,3,1,0,0,1,15,1
1,1,24,3,2,0,0,1,9,1
1,1,41,4,5,2,0,1,51,2
0,1,11,1,2,0,0,1,13,1
0,1,16,2,2,1,0,1,5,1
0,1,47,5,10,0,0,1,10,1
1,0,32,6,2,2,0,1,7,1
1,0,29,4,1,0,0,1,3,0
0,1,44,9,1,3,0,1,8,1
0,1,24,2,0,2,0,1,13,1
1,1,28,3,6,1,0,1,5,0
1,0,8,1,2,1,0,1,10,1
0,1,21,2,3,1,0,1,8,1
0,1,39,1,14,8,0,1,7,1
0,0,43,5,0,3,0,1,17,1
0,0,48,5,9,6,0,1,8,1
1,0,67,2,23,9,0,1,34,2
1,0,114,17,7,13,0,1,28,0
0,1,7,1,0,0,0,1,39,1
1,0,110,11,8,5,0,1,2,0
0,0,30,4,4,5,0,1,12,1
0,1,13,1,1,1,0,1,8,1
0,0,11,1,2,0,0,1,7,0
0,0,28,3,1,2,0,1,34,4
0,1,8,2,1,0,0,1,8,1
0,0,34,4,2,2,0,1,4,1
0,1,12,1,0,5,0,1,7,0
1,1,47,2,1,0,0,1,6,1
1,0,51,6,6,0,0,1,6,1
0,0,27,1,2,0,0,1,16,1
1,1,7,1,0,0,0,1,68,0
0,0,42,4,4,8,0,1,9,1
0,0,46,5,4,2,0,1,41,1
0,1,43,1,3,10,0,1,8,1
1,1,13,2,1,1,0,1,8,0
1,0,80,4,14,2,0,1,8,1
1,1,49,1,4,3,0,1,91,5
0,1,16,3,1,1,0,1,63,3
0,1,9,1,1,0,0,1,7,1
0,1,25,2,1,1,0,1,3,1
1,1,19,3,0,1,0,1,23,1
1,1,33,4,7,1,0,1,4,0
1,1,47,3,2,3,0,1,31,4
1,0,47,3,9,0,0,1,19,2
1,1,87,11,4,14,0,1,28,3
0,1,40,5,3,5,0,1,41,3
1,1,124,14,12,9,0,1,15,1
1,1,24,4,1,2,0,1,10,1
1,1,36,4,2,4,0,1,8,1
0,1,20,3,1,0,0,1,12,1
1,1,21,1,4,0,0,1,8,1
1,0,99,10,6,7,0,1,9,2
0,0,75,3,11,12,0,1,9,1
1,1,8,1,0,1,0,1,5,0
1,0,78,6,6,22,0,1,21,1
0,0,9,1,2,1,0,1,47,1
0,1,48,1,2,6,0,1,13,0
1,1,22,3,1,0,0,1,9,3
0,0,24,3,3,1,0,1,7,0
1,0,48,1,6,0,0,1,7,0
0,0,22,2,1,0,0,1,5,1
1,1,85,6,2,15,0,1,32,2
0,0,56,3,7,6,0,1,10,0
1,1,127,7,14,5,0,1,4,1
1,1,39,1,3,0,0,1,17,2
0,1,14,2,1,0,0,1,11,1
0,0,24,3,1,7,0,1,6,1
0,0,29,3,2,0,0,1,16,1
0,0,6,1,0,0,0,1,9,1
0,0,65,7,11,6,0,1,12,0
0,1,27,2,3,3,0,1,6,0
1,1,122,2,2,45,0,1,15,0
0,1,17,1,3,0,0,1,21,2
1,0,14,2,3,1,0,1,4,1
1,1,28,1,2,0,0,1,11,1
0,0,60,4,9,12,0,1,3,0
1,0,7,1,0,0,0,1,17,1
0,1,10,1,1,2,0,1,15,1
1,1,36,6,2,4,0,1,6,1
0,1,15,2,2,1,0,1,8,1
0,0,21,2,2,7,0,1,8,0
1,1,71,8,9,4,0,1,1,0
1,0,33,5,6,2,0,1,22,0
0,0,8,2,0,2,0,1,11,1
0,0,151,12,5,22,0,1,11,1
1,0,54,5,3,4,0,1,13,1
1,0,26,4,2,0,0,1,9,0
0,0,24,2,3,0,0,1,8,1
1,1,31,4,4,4,0,1,9,1
1,1,41,6,2,0,0,1,9,0
1,1,14,1,4,0,0,1,5,0
0,0,86,10,11,0,0,1,7,0
0,0,18,2,1,0,0,1,20,2
0,1,14,2,1,0,0,1,28,0
1,1,18,2,1,0,0,1,15,0
0,1,69,2,6,2,0,1,19,1
0,0,30,2,3,3,0,1,10,0
0,1,13,1,3,4,0,1,15,0
1,1,22,3,3,1,0,1,11,0
0,1,17,1,8,3,0,1,10,1
0,1,10,1,3,0,0,1,14,0
1,1,17,2,0,5,0,1,9,1
1,0,40,5,3,1,0,1,14,1
1,1,64,4,12,5,0,1,9,0
1,1,23,3,2,0,0,1,12,0
0,0,14,1,5,0,0,1,10,1
0,0,14,2,2,2,0,1,5,0
0,0,14,1,3,6,0,1,10,1
1,0,30,3,4,2,0,1,11,1
0,0,8,1,1,2,0,1,11,1
0,1,7,1,2,0,0,1,12,2
0,0,21,3,1,0,0,1,16,1
0,0,30,3,6,4,0,1,13,2
1,1,47,5,2,11,0,1,10,1
0,1,21,2,1,1,0,1,6,0
1,0,16,2,0,0,0,1,6,0
1,0,36,3,2,1,0,1,9,1
1,1,28,3,5,1,0,1,11,1
1,0,18,3,2,0,0,1,16,2
1,1,26,2,2,0,0,1,5,1
1,0,21,2,2,0,0,1,3,1
0,1,27,3,2,1,0,1,56,5
1,1,11,2,0,0,0,1,40,0
0,0,27,4,3,0,0,1,23,1
1,0,52,3,2,15,0,1,7,1
1,1,70,6,7,8,0,1,10,1
0,0,9,1,1,0,0,1,7,0
0,0,13,1,1,3,0,1,16,1
1,1,21,3,2,0,0,1,8,1
1,1,80,8,6,11,0,1,5,0
0,1,23,4,0,1,0,1,11,1
0,0,54,3,15,10,0,1,53,3
0,0,57,8,6,0,0,1,24,2
0,0,37,3,4,5,0,1,9,1
0,0,33,6,0,4,0,1,57,4
1,0,43,4,3,5,0,1,14,1
0,0,110,14,10,7,0,1,12,1
0,1,22,3,2,0,0,1,5,0
1,1,54,1,4,0,0,1,8,0
0,1,18,1,7,0,0,1,13,1
0,1,59,4,5,7,0,1,5,1
0,0,29,1,4,0,0,1,3,1
0,0,49,5,3,3,0,1,10,0
0,0,25,3,3,1,0,1,8,0
1,0,123,12,7,8,0,1,12,1
0,1,21,1,10,2,0,1,7,1
1,0,67,5,6,21,0,1,8,0
0,1,56,9,5,0,0,1,12,1
1,0,21,1,3,2,0,1,15,1
1,1,81,2,12,16,0,1,20,0
1,1,39,1,4,0,0,1,3,0
0,0,38,3,2,5,0,1,8,1
1,0,30,4,6,2,0,1,10,0
0,0,10,2,0,0,0,1,11,1
1,1,68,12,5,0,0,1,53,4
1,1,14,1,1,1,0,1,7,1
0,0,47,3,10,2,0,1,29,1
1,1,67,7,6,2,0,1,77,0
0,1,21,2,2,1,0,1,15,0
1,0,12,1,0,1,0,1,9,1
0,0,27,2,3,2,0,1,15,1
1,1,11,2,0,0,0,1,7,0
1,1,26,3,1,3,0,1,7,0
0,0,12,2,0,1,0,1,8,0
1,1,43,7,2,2,0,1,4,0
1,1,23,4,1,0,0,1,11,1
1,1,13,1,1,3,0,1,5,1
0,0,45,2,4,9,0,1,13,1
1,1,30,5,2,0,0,1,10,2
0,0,50,3,5,4,0,1,10,1
1,1,29,1,4,3,0,1,50,1
1,0,68,8,5,11,0,1,23,0
1,1,80,5,7,8,0,1,14,1
1,1,28,5,0,0,0,1,11,1
0,1,25,1,7,2,0,1,8,1
0,1,22,1,3,0,0,1,11,0
1,0,9,2,1,1,0,1,3,0
0,1,13,1,1,0,0,1,13,1
0,1,30,3,5,2,0,1,9,1
1,0,15,2,0,0,0,1,10,1
1,0,29,4,5,0,0,1,32,4
1,0,15,2,0,2,0,1,13,1
0,1,9,1,2,0,0,1,12,0
0,1,34,3,1,1,0,1,11,1
0,0,49,2,3,4,0,1,13,2
1,0,81,6,5,4,0,1,8,1
0,0,43,6,4,0,0,1,9,1
1,0,79,8,2,4,0,1,5,1
1,1,83,10,11,13,0,1,43,3
1,0,67,6,4,5,0,1,5,1
0,0,9,2,0,0,0,1,14,2
1,0,42,5,1,4,0,1,10,1
0,0,8,1,2,0,0,1,9,1
0,0,10,1,1,0,0,1,4,0
1,0,16,1,0,0,0,1,9,0
0,0,42,5,3,0,0,1,12,1
0,1,25,3,5,3,0,1,29,3
1,0,20,4,0,0,0,1,7,0
1,1,64,9,4,9,0,1,17,1
0,0,41,3,2,1,0,1,14,1
0,0,36,4,3,0,0,1,20,1
0,0,148,3,17,19,0,1,8,1
1,0,25,4,1,1,0,1,5,0
0,0,31,4,2,1,0,1,4,0
1,1,19,2,2,6,0,1,10,1
1,0,30,1,3,0,0,1,4,0
1,0,33,1,6,12,0,1,7,1
0,0,7,1,3,0,0,1,8,1
1,1,15,1,2,0,0,1,7,1
1,1,35,1,7,2,0,1,12,1
0,0,16,1,5,3,0,1,12,1
1,1,29,3,3,4,0,1,6,1
0,1,27,1,1,22,0,1,71,7
1,0,9,1,1,0,0,1,21,2
1,1,12,2,1,0,0,1,20,2
1,0,92,6,11,7,0,1,7,1
0,0,19,3,0,1,0,1,9,3
1,0,16,2,1,2,0,1,6,1
1,1,20,3,2,0,0,1,28,1
0,1,69,6,1,5,0,1,7,1
1,1,23,4,2,1,0,1,9,0
0,0,20,2,1,0,0,1,15,1
0,1,63,1,9,0,0,1,13,1
1,1,22,2,1,2,0,1,2,0
0,0,16,1,4,2,0,1,9,1
0,0,72,7,2,11,0,1,11,1
1,0,38,4,4,2,0,1,7,1
1,0,68,7,3,2,0,1,4,1
1,0,32,5,3,0,0,1,16,1
1,1,28,1,1,3,0,1,8,1
0,1,8,1,1,0,0,1,9,1
0,0,13,2,2,0,0,1,38,3
1,0,6,1,0,0,0,1,10,1
0,0,15,3,0,0,0,1,21,2
1,1,16,2,2,2,0,1,7,1
1,0,18,3,0,0,0,1,6,0
0,0,15,3,1,1,0,1,9,1
1,1,24,3,2,2,0,1,18,0
1,0,34,4,4,1,0,1,8,0
0,1,34,4,4,0,0,1,25,2
1,0,23,2,1,1,0,1,5,1
0,0,19,2,2,0,0,1,13,1
0,0,52,6,1,10,0,1,28,4
1,1,49,6,1,4,0,1,6,0
0,0,21,2,3,3,0,1,34,2
1,0,9,1,4,1,0,1,2,0
0,0,12,1,1,1,0,1,12,1
1,1,26,1,3,7,0,1,5,1
0,1,14,2,1,0,0,1,8,0
0,0,39,3,1,2,0,1,27,3
0,0,15,1,4,0,0,1,10,1
0,1,11,2,1,0,0,1,7,1
0,0,49,1,9,13,0,1,3,0
1,1,99,8,10,6,0,1,8,1
0,1,24,3,4,1,0,1,24,7
1,0,39,5,2,0,0,1,12,0
0,0,51,1,9,0,0,1,11,1
0,1,19,3,1,0,0,1,5,1
0,0,29,3,0,6,0,1,45,3
0,1,22,1,5,3,0,1,5,1
0,0,23,1,7,3,0,1,17,2
1,0,51,2,9,11,0,1,5,2
0,1,14,1,1,0,0,1,19,1
1,1,79,6,13,6,0,1,8,1
0,1,75,7,6,4,0,1,8,0
1,1,94,6,3,9,0,1,10,1
0,0,30,1,5,1,0,1,19,2
1,1,28,2,3,3,0,1,7,1
1,0,121,12,10,11,0,1,12,1
0,0,37,2,4,2,0,1,4,1
1,1,14,1,2,0,0,1,33,2
0,0,76,5,10,1,0,1,9,1
1,1,25,2,3,0,0,1,55,3
0,0,97,9,8,7,0,1,12,1
0,1,17,2,2,3,0,1,9,0
1,1,26,4,3,0,0,1,27,1
1,1,89,8,7,2,0,1,15,1
1,0,26,5,1,0,0,1,10,1
0,1,12,3,0,1,0,1,5,1
0,1,22,2,5,1,0,1,5,1
1,0,28,6,1,0,0,1,9,1
1,0,28,4,0,0,0,1,5,0
1,1,39,5,4,11,0,1,6,0
0,0,119,5,10,17,0,1,43,3
0,1,11,1,3,0,0,1,8,1
1,0,16,3,0,0,0,1,17,2
0,1,39,1,14,0,0,1,17,2
0,1,17,3,1,0,0,1,28,3
1,1,88,8,5,14,0,1,14,2
0,0,33,4,2,5,0,1,15,1
0,0,25,3,2,1,0,1,20,2
0,0,6,1,1,0,0,1,8,0
0,1,11,3,0,0,0,1,9,1
0,0,41,4,2,3,0,1,9,1
1,0,67,7,9,9,0,1,6,1
1,1,28,3,2,3,0,1,8,1
1,0,44,4,4,7,0,1,13,1
0,1,26,5,1,1,0,1,9,0
0,1,76,9,5,3,0,1,26,4
1,1,20,3,1,0,0,1,13,0
1,1,28,4,3,1,0,1,9,0
1,1,36,3,2,7,0,1,5,1
0,0,8,1,0,0,0,1,5,1
0,0,67,9,6,5,0,1,17,0
0,0,15,1,1,3,0,1,14,1
0,1,11,2,1,0,0,1,7,1
1,1,17,1,1,5,0,1,3,0
0,0,26,1,4,3,0,1,10,1
1,0,134,15,13,12,0,1,12,1
0,0,29,2,5,6,0,1,8,0
0,1,14,2,0,3,0,1,11,1
1,0,12,1,3,0,0,1,6,0
1,0,65,9,6,2,0,1,10,0
0,0,25,3,1,1,0,1,35,2
1,1,30,3,3,5,0,1,24,0
0,0,70,9,3,8,0,1,7,1
0,1,40,7,1,6,0,1,8,1
0,0,9,1,0,1,0,1,12,2
1,0,34,2,7,8,0,1,8,0
0,0,52,4,5,2,0,1,13,2
1,0,22,3,4,3,0,1,5,1
0,1,42,2,1,5,0,1,9,1
0,0,13,2,2,0,0,1,12,0
0,1,11,1,0,0,0,1,4,1
0,0,10,1,1,1,0,1,13,1
0,1,14,1,2,3,0,1,5,0
0,0,37,4,0,3,0,1,7,1
1,1,7,1,0,0,0,1,6,1
0,0,17,1,3,0,0,1,4,1
0,0,45,4,2,3,0,1,17,2
1,0,55,8,10,3,0,1,14,1
1,0,17,3,1,0,0,1,11,1
1,1,16,3,0,1,0,1,8,1
1,0,39,4,2,13,0,1,10,0
1,0,18,4,1,2,0,1,8,1
0,0,19,1,2,4,0,1,54,3
0,0,16,4,0,0,0,1,9,1
0,1,67,6,4,2,0,1,11,1
1,1,19,2,2,3,0,1,14,1
1,0,104,1,5,0,0,1,6,0
1,0,27,4,5,4,0,1,4,1
0,0,10,1,1,1,0,1,6,1
1,1,32,1,0,15,0,1,15,1
0,1,65,6,5,12,0,1,26,2
1,1,10,2,0,1,0,1,3,0
0,1,18,2,4,2,0,1,41,2
1,1,36,4,2,2,0,1,5,1
1,1,104,12,9,5,0,1,8,1
1,1,19,1,4,0,0,1,9,0
0,0,25,2,1,2,0,1,5,0
1,0,53,4,4,3,0,1,4,0
1,1,148,19,8,14,0,1,21,0
0,1,24,2,2,9,0,1,5,1
0,0,16,3,1,0,0,1,8,1
0,1,23,5,1,0,0,1,16,2
0,0,24,5,2,2,0,1,8,1
0,1,104,1,6,7,0,1,7,0
1,1,45,8,3,14,0,1,15,1
1,1,74,8,5,0,0,1,4,1
1,0,64,3,10,12,0,1,64,2
1,0,63,13,11,0,0,1,8,1
1,1,12,2,0,0,0,1,6,0
0,0,32,4,2,3,0,1,10,1
1,0,85,11,7,4,0,1,22,2
0,0,32,3,6,4,0,1,18,1
1,1,14,1,4,2,0,1,21,2
1,1,19,2,1,2,0,1,61,3
0,0,9,2,1,0,0,1,11,1
1,1,60,4,9,4,0,1,7,1
0,1,16,3,1,0,0,1,9,1
0,0,46,4,1,5,0,1,9,0
1,1,58,3,7,1,0,1,13,1
1,1,28,3,1,2,0,1,16,2
0,0,49,5,4,3,0,1,11,1
1,1,82,8,10,7,0,1,18,0
0,0,31,4,3,4,0,1,15,0
0,0,12,2,1,1,0,1,8,1
1,0,157,15,11,4,0,1,20,1
0,1,11,1,2,1,0,1,31,1
0,0,76,6,12,0,0,1,17,2
0,1,24,3,2,0,0,1,4,1
1,0,35,5,3,2,0,1,11,1
0,0,11,1,1,1,0,1,13,1
0,0,21,2,2,2,0,1,22,2
1,0,21,1,4,6,0,1,25,1
1,1,13,2,0,0,0,1,9,1
1,1,55,5,3,2,0,1,43,2
0,1,44,5,4,0,0,1,2,0
0,0,11,1,0,0,0,1,9,1
1,1,24,2,2,0,0,1,10,1
1,1,119,14,10,11,0,1,12,1
0,1,26,2,1,3,0,1,6,1
0,1,7,2,0,0,0,1,8,1
1,0,18,2,0,1,0,1,8,0
0,0,97,13,11,0,0,1,6,1
0,0,23,1,5,6,0,1,4,1
1,1,20,3,1,1,0,1,26,2
1,1,31,3,3,4,0,1,6,1
0,1,74,9,7,1,0,1,6,0
0,0,12,3,0,0,0,1,10,1
0,0,9,2,0,0,0,1,10,1
1,1,97,5,15,10,0,1,4,1
0,0,22,3,2,0,0,1,8,0
1,1,68,6,9,5,0,1,11,0
1,0,7,1,2,0,0,1,12,1
0,0,37,3,6,2,0,1,10,0
0,1,16,1,1,1,0,1,7,0
1,1,22,4,0,4,0,1,9,0
0,0,16,2,2,0,0,1,8,1
0,0,139,6,8,10,0,1,13,1
1,0,76,13,8,3,0,1,6,1
0,0,20,1,3,0,0,1,6,1
0,0,15,1,3,1,0,1,27,2
1,1,98,7,6,12,0,1,24,0
1,1,47,3,4,7,0,1,8,0
1,1,27,3,5,2,0,1,11,1
1,0,33,3,1,12,0,1,7,0
0,0,34,4,4,3,0,1,6,1
1,1,103,6,6,28,0,1,11,1
1,0,50,1,7,1,0,1,23,1
0,1,12,1,1,1,0,1,11,2
0,0,20,2,3,2,0,1,9,1
1,1,98,4,4,10,0,1,19,1
0,1,23,1,3,0,0,1,6,1
1,1,38,5,2,0,0,1,4,0
0,1,16,2,0,1,0,1,7,1
1,1,24,3,3,1,0,1,4,0
0,0,10,1,0,0,0,1,14,1
0,0,52,8,3,0,0,1,48,1
1,0,138,19,7,6,0,1,9,1
0,0,13,2,0,0,0,1,8,1
0,0,64,3,2,25,0,1,14,1
1,0,34,4,1,1,0,1,7,0
1,1,29,2,2,2,0,1,43,4
1,0,55,5,4,1,0,1,13,1
0,0,10,1,0,2,0,1,2,0
0,0,23,1,1,1,0,1,32,2
0,0,19,2,1,2,0,1,17,0
1,1,39,4,7,6,0,1,22,4
0,0,15,2,1,1,0,1,7,1
0,1,18,3,2,2,0,1,12,0
0,0,13,3,1,1,0,1,12,0
0,1,10,1,1,1,0,1,7,1
0,0,21,1,2,0,0,1,12,0
1,0,50,7,5,8,0,1,40,3
1,0,32,3,2,0,0,1,23,2
0,0,12,1,3,2,0,1,17,1
0,1,39,6,3,4,0,1,31,2
0,0,11,2,1,1,0,1,12,1
0,0,12,2,1,2,0,1,8,0
1,1,26,1,0,5,0,1,6,1
1,1,55,7,5,1,0,1,14,1
1,0,19,2,3,0,0,1,5,1
0,0,66,9,4,8,0,1,13,0
0,0,29,5,2,0,0,1,22,2
1,1,26,2,0,2,0,1,18,1
0,1,17,1,2,2,0,1,12,0
1,0,15,2,1,0,0,1,33,3
0,1,25,4,1,3,0,1,15,0
0,0,141,12,5,11,0,1,11,1
1,1,50,7,3,1,0,1,4,1
1,0,57,5,3,13,0,1,14,2
1,1,19,1,3,0,0,1,11,0
0,0,75,4,10,0,0,1,49,2
0,0,43,4,4,12,0,1,47,1
1,1,51,7,2,2,0,1,8,0
0,0,28,4,1,0,0,1,9,1
0,1,16,4,2,2,0,1,4,1
1,1,56,3,6,0,0,1,15,0
0,1,54,3,6,17,0,1,9,1
1,0,22,4,1,0,0,1,14,1
1,1,41,6,5,2,0,1,5,0
1,0,28,2,6,3,0,1,33,2
0,0,9,1,2,1,0,1,10,1
1,0,15,1,2,0,0,1,19,2
1,1,18,1,10,3,0,1,8,1
1,1,18,2,1,0,0,1,15,1
0,0,10,1,0,1,0,1,4,0
1,1,77,8,5,13,0,1,6,1
0,1,75,4,12,0,0,1,13,1
1,1,30,2,4,6,0,1,6,1
0,0,28,1,3,2,0,1,61,5
0,1,91,11,8,8,0,1,55,1
1,0,24,1,9,0,0,1,12,0
0,0,20,2,0,3,0,1,13,1
1,0,15,2,1,1,0,1,7,1
1,0,29,1,9,0,0,1,26,2
1,0,32,5,4,0,0,1,12,1
0,0,22,2,4,5,0,1,11,1
1,0,38,3,6,1,0,1,6,1
1,1,44,4,5,4,0,1,13,0
0,0,12,2,2,0,0,1,8,1
1,1,7,1,1,0,0,1,12,1
0,1,11,1,1,1,0,1,8,1
0,1,58,5,5,6,0,1,25,1
1,1,17,2,2,0,0,1,12,1
1,0,53,6,2,5,0,1,42,2
1,0,44,8,1,0,0,1,15,0
0,0,20,3,2,0,0,1,18,2
0,0,70,9,5,4,0,1,9,1
0,0,28,3,4,0,0,1,15,0
1,0,53,4,6,9,0,1,10,0
0,0,30,2,1,1,0,1,28,2
0,0,8,1,2,1,0,1,4,1
1,1,46,5,6,8,0,1,54,1
0,0,24,4,0,3,0,1,11,0
1,1,113,11,6,3,0,1,12,0
0,1,37,1,4,15,0,1,8,0
0,0,14,3,1,0,0,1,16,1
0,1,15,1,1,2,0,1,14,1
0,0,44,4,1,5,0,1,10,1
1,0,28,5,1,0,0,1,29,0
0,0,61,5,8,10,0,1,3,0
0,0,12,2,0,0,0,1,14,1
0,0,46,6,1,1,0,1,32,3
0,1,33,4,0,1,0,1,23,0
1,1,45,3,7,3,0,1,28,1
1,0,22,1,2,7,0,1,11,1
1,1,19,2,3,1,0,1,4,0
0,0,8,1,0,0,0,1,6,1
0,1,15,1,2,3,0,1,17,0
1,0,13,2,0,0,0,1,13,1
1,1,41,6,4,2,0,1,16,0
1,1,16,2,1,0,0,1,8,1
0,1,47,7,5,0,0,1,8,0
1,0,38,5,7,0,0,1,6,1
1,0,16,2,1,0,0,1,16,0
1,0,22,2,3,7,0,1,5,0
0,0,107,8,14,2,0,1,8,1
0,0,21,5,0,1,0,1,11,1
0,1,24,4,2,3,0,1,5,0
0,0,39,5,3,0,0,1,13,1
0,1,10,1,0,1,0,1,8,1
1,1,27,6,1,1,0,1,7,0
0,1,15,2,2,1,0,1,4,1
0,0,7,1,1,2,0,1,4,0
1,0,27,2,4,2,0,1,5,1
1,1,24,4,0,1,0,1,5,1
0,1,44,3,7,1,0,1,8,3
0,0,19,1,6,3,0,1,46,4
0,0,11,1,3,0,0,1,5,0
0,0,35,2,3,10,0,1,11,1
1,1,97,7,9,16,0,1,7,1
0,0,7,1,0,1,0,1,5,0
0,1,5,1,0,0,0,1,5,1
0,1,8,1,3,0,0,1,9,2
0,1,12,3,0,0,0,1,7,1
0,1,22,3,2,0,0,1,35,3
0,0,14,1,1,0,0,1,10,1
1,1,11,1,4,1,0,1,5,1
0,0,33,3,6,4,0,1,21,2
1,1,129,7,1,5,0,1,6,0
1,1,23,2,1,1,0,1,16,1
1,1,14,2,1,0,0,1,12,1
0,1,8,1,0,0,0,1,53,3
1,0,65,8,8,11,0,1,6,1
1,0,14,2,1,0,0,1,8,1
0,0,32,5,2,1,0,1,10,2
1,1,13,1,0,1,0,1,7,0
0,0,27,4,2,6,0,1,19,2
1,1,10,1,1,0,0,1,17,3
1,1,39,1,2,2,0,1,22,1
1,0,8,1,1,0,0,1,18,1
1,0,24,2,3,3,0,1,4,0
1,0,25,2,2,3,0,1,9,1
1,1,66,4,12,3,0,1,8,1
1,1,54,5,7,2,0,1,3,0
1,1,11,3,0,0,0,1,7,1
1,0,41,6,3,0,0,1,10,1
0,0,51,7,1,14,0,1,15,0
0,0,22,3,1,0,0,1,10,0
1,1,88,6,15,20,0,1,9,1
0,1,21,3,3,3,0,1,24,2
0,0,10,1,1,1,0,1,4,1
0,0,13,1,4,0,0,1,10,1
0,0,7,1,0,1,0,1,8,1
1,1,20,1,3,2,0,1,7,0
0,1,39,5,3,2,0,1,7,1
1,0,32,3,2,7,0,1,9,1
0,1,30,4,4,0,0,1,36,0
0,1,5,1,0,0,0,1,16,0
1,1,46,2,13,11,0,1,5,1
0,1,16,3,1,0,0,1,11,1
0,1,7,1,1,0,0,1,17,1
1,0,10,1,4,0,0,1,6,1
0,0,33,3,6,3,0,1,6,1
1,1,35,4,4,2,0,1,12,0
0,1,8,2,0,0,0,1,14,2
0,1,12,2,3,0,0,1,4,0
0,1,29,3,2,0,0,1,8,0
1,1,32,3,3,3,0,1,15,1
1,1,135,4,22,18,0,1,9,1
0,1,44,4,6,2,0,1,5,0
1,1,47,8,2,2,0,1,10,0
1,1,19,3,2,0,0,1,10,1
0,0,59,4,3,10,0,1,62,0
0,0,60,6,2,3,0,1,21,0
1,1,19,2,3,0,0,1,10,0
1,0,86,12,5,5,0,1,4,1
0,0,47,5,2,3,0,1,13,1
0,0,25,4,2,0,0,1,12,1
1,0,14,1,1,0,0,1,38,2
0,1,15,2,1,0,0,1,10,1
1,1,39,1,5,4,0,1,29,2
0,1,14,2,1,0,0,1,11,1
0,0,33,2,2,7,0,1,7,1
0,1,31,2,4,2,0,1,52,2
1,0,88,15,6,1,0,1,7,1
1,0,68,12,3,1,0,1,11,0
1,1,68,6,4,0,0,1,53,1
1,1,14,1,2,1,0,1,21,1
0,1,22,2,1,3,0,1,5,1
0,1,28,3,0,1,0,1,18,0
1,1,19,1,5,0,0,1,12,1
1,0,15,1,3,0,0,1,23,1
0,0,44,3,1,5,0,1,13,0
1,1,19,1,3,0,0,1,10,1
0,0,23,4,1,4,0,1,9,1
1,1,20,4,1,0,0,1,9,1
0,0,55,3,3,3,0,1,7,1
0,0,28,2,1,2,0,1,9,2
0,0,13,2,2,0,0,1,15,2
0,0,49,5,3,4,0,1,12,1
0,0,18,1,6,0,0,1,7,1
1,0,48,7,0,3,0,1,16,1
0,0,38,1,2,0,0,1,6,1
1,1,165,8,14,19,0,1,4,0
0,0,22,1,4,7,0,1,16,2
0,1,38,1,3,1,0,1,7,1
1,0,21,3,2,1,0,1,8,1
0,0,36,4,2,3,0,1,6,0
1,0,28,3,2,5,0,1,5,1
1,1,78,8,6,1,0,1,14,1
0,0,31,2,3,4,0,1,13,1
0,0,30,4,3,3,0,1,18,1
0,0,31,4,3,1,0,1,18,2
0,0,34,2,8,8,0,1,63,11
0,0,33,4,2,5,0,1,18,0
0,0,35,1,1,0,0,1,32,2
0,0,25,2,3,1,0,1,7,1
0,1,20,1,3,6,0,1,29,3
0,0,65,8,6,4,0,1,10,1
0,0,12,1,2,0,0,1,12,1
1,0,16,3,2,1,0,1,11,1
0,0,52,3,9,0,0,1,16,1
1,1,68,8,7,5,0,1,5,1
0,1,14,1,1,0,0,1,5,1
0,1,62,1,3,9,0,1,13,1
1,0,46,3,6,3,0,1,13,1
0,0,14,3,1,1,0,1,8,0
0,1,11,2,1,0,0,1,11,0
0,1,12,1,0,2,0,1,16,1
0,0,23,2,3,1,0,1,11,0
0,0,20,4,1,1,0,1,66,3
0,0,16,2,3,2,0,1,6,1
1,0,162,11,7,4,0,1,9,1
0,0,21,1,3,1,0,1,9,1
1,1,10,1,0,0,0,1,17,0
0,1,26,1,1,8,0,1,12,1
0,0,56,5,8,0,0,1,6,1
0,0,48,3,8,11,0,1,10,0
0,0,13,1,1,0,0,1,5,1
0,1,19,2,4,4,0,1,43,3
0,0,11,1,3,2,0,1,12,1
0,0,19,1,0,0,0,1,17,1
1,1,16,3,0,0,0,1,14,0
1,0,16,1,2,2,0,1,8,0
1,1,115,16,3,4,0,1,35,3
0,0,22,2,2,0,0,1,15,0
1,1,32,2,5,0,0,1,14,0
1,0,23,3,2,0,0,1,6,0
0,1,33,2,4,2,0,1,17,1
0,1,28,4,2,0,0,1,9,1
1,0,26,1,4,6,0,1,25,1
0,0,29,2,8,0,0,1,10,0
0,0,9,1,3,0,0,1,17,1
0,0,63,4,4,7,0,1,22,1
0,1,27,2,1,6,0,1,58,7
1,0,85,9,3,4,0,1,44,3
1,1,71,4,7,4,0,1,10,1
0,1,12,1,2,0,0,1,6,1
0,1,23,3,1,1,0,1,8,1
0,1,14,1,3,0,0,1,6,1
0,1,31,1,3,7,0,1,4,1
1,1,8,1,0,3,0,1,8,0
0,1,10,1,1,0,0,1,17,1
1,0,14,2,1,2,0,1,15,1
1,0,50,5,5,3,0,1,9,1
1,1,17,2,0,0,0,1,15,1
1,1,89,5,12,22,0,1,7,1
1,1,109,12,8,16,0,1,11,1
0,1,27,3,2,1,0,1,5,0
1,1,46,3,3,8,0,1,7,0
0,0,81,5,4,1,0,1,7,0
1,1,34,4,2,7,0,1,28,3
1,0,9,1,1,0,0,1,7,0
0,0,85,4,7,3,0,1,21,2
1,1,36,2,2,2,0,1,13,0
0,0,129,18,7,33,0,1,24,2
0,0,10,1,0,0,0,1,19,1
0,1,10,2,1,0,0,1,11,1
1,0,97,9,7,6,0,1,12,0
0,1,25,2,2,1,0,1,13,1
1,1,37,5,2,1,0,1,25,1
1,1,161,1,10,2,0,1,7,0
0,1,11,1,2,1,0,1,10,0
1,1,11,1,1,1,0,1,8,0
0,0,32,4,2,8,0,1,15,1
0,0,62,7,7,0,0,1,58,3
1,1,10,2,0,1,0,1,12,1
1,0,127,6,13,11,0,1,16,1
0,1,17,2,1,5,0,1,9,1
0,0,13,1,2,1,0,1,9,1
0,0,10,1,0,0,0,1,13,1
0,1,18,5,1,0,0,1,13,1
1,0,151,10,7,39,0,1,10,0
0,1,14,1,2,1,0,1,9,1
1,1,20,3,1,2,0,1,17,1
0,1,12,1,1,1,0,1,27,1
1,0,28,4,0,3,0,1,9,1
1,1,35,4,3,2,0,1,9,0
1,0,78,8,2,1,0,1,28,2
0,0,11,1,2,0,0,1,9,0
0,0,50,3,1,7,0,1,31,3
0,0,13,1,0,0,0,1,7,0
1,0,51,2,8,3,0,1,15,1
0,0,20,1,4,5,0,1,5,1
1,1,43,2,5,7,0,1,10,1
0,1,41,5,4,2,0,1,28,1
0,0,43,4,4,0,0,1,7,0
1,1,66,5,2,4,0,1,9,1
1,1,35,5,3,0,0,1,27,2
0,1,63,6,7,8,0,1,11,0
0,0,11,1,3,0,0,1,6,0
0,0,29,5,1,5,0,1,13,0
1,1,11,1,6,0,0,1,4,1
1,1,17,2,1,2,0,1,14,0
1,1,19,3,1,1,0,1,32,1
0,0,14,2,1,2,0,1,10,1
0,0,19,3,1,1,0,1,7,1
1,1,26,5,2,0,0,1,4,1
1,1,15,1,6,0,0,1,7,1
0,0,13,1,1,0,0,1,9,0
0,0,25,1,3,0,0,1,14,1
0,1,19,1,2,0,0,1,11,3
0,1,19,3,1,0,0,1,10,1
1,1,20,4,1,0,0,1,5,1
0,0,29,5,1,0,0,1,13,0
1,1,15,2,1,2,0,1,2,0
1,1,127,9,15,9,0,1,9,0
0,1,20,2,4,0,0,1,10,1
0,0,25,3,1,2,0,1,11,0
0,1,7,1,0,0,0,1,11,1
1,1,61,3,5,13,0,1,7,1
0,1,36,5,3,6,0,1,11,1
1,0,53,1,1,30,0,1,6,0
0,0,22,3,2,6,0,1,14,1
1,0,31,3,2,0,0,1,4,0
0,0,25,2,3,0,0,1,20,1
0,1,17,2,2,1,0,1,5,0
0,0,28,3,2,4,0,1,7,1
1,1,52,8,5,6,0,1,11,0
0,1,12,2,1,2,0,1,32,3
0,1,18,3,1,1,0,1,36,2
0,0,8,1,2,0,0,1,9,1
1,1,39,6,4,1,0,1,9,0
1,0,67,8,5,6,0,1,5,0
0,1,69,4,8,15,0,1,14,2
1,1,61,1,10,8,0,1,6,1
0,0,41,1,2,4,0,1,8,0
1,1,22,3,0,0,0,1,11,1
1,1,38,7,3,4,0,1,10,1
0,0,58,6,5,1,0,1,15,1
0,0,13,2,0,1,0,1,12,1
1,0,117,13,14,2,0,1,7,1
1,1,64,7,5,3,0,1,10,1
1,1,26,3,0,1,0,1,9,1
0,1,17,1,3,1,0,1,2,0
0,0,16,1,1,0,0,1,27,7
0,1,22,2,1,1,0,1,14,0
1,1,84,9,8,2,0,1,10,1
0,0,9,1,0,0,0,1,8,0
1,0,14,2,1,4,0,1,5,1
0,1,14,2,0,0,0,1,12,1
0,1,9,1,0,0,0,1,5,0
0,0,42,4,3,1,0,1,13,1
1,1,44,3,4,4,0,1,8,1
0,1,14,1,5,0,0,1,9,0
0,0,33,3,3,3,0,1,11,0
0,0,45,8,3,0,0,1,13,0
0,0,27,3,0,1,0,1,9,1
0,0,32,5,0,1,0,1,17,2
0,0,27,2,1,2,0,1,5,0
1,0,19,1,3,3,0,1,9,1
1,0,86,7,10,4,0,1,15,0
0,0,69,8,7,2,0,1,5,0
1,0,20,2,0,3,0,1,10,0
0,0,12,2,0,0,0,1,6,0
0,1,10,1,3,0,0,1,17,2
1,0,15,3,0,1,0,1,10,1
1,1,15,2,2,1,0,1,42,1
0,0,58,5,7,18,0,1,11,1
1,1,62,9,5,8,0,1,14,1
1,0,28,2,6,8,0,1,19,1
1,1,10,2,0,0,0,1,9,1
1,0,33,1,2,0,0,1,7,0
0,1,13,1,0,0,0,1,13,2
1,0,14,2,2,0,0,1,7,1
1,1,171,20,10,1,0,1,6,1
1,1,15,3,2,1,0,1,13,1
1,1,17,1,3,1,0,1,8,1
1,0,17,1,3,0,0,1,9,1
0,0,23,3,3,1,0,1,13,0
1,1,106,19,3,0,0,1,6,0
0,0,26,3,3,1,0,1,13,1
1,1,29,3,2,9,0,1,4,1
0,1,22,2,3,3,0,1,13,1
1,1,36,3,4,0,0,1,12,1
1,1,19,1,2,3,0,1,9,1
1,0,33,4,3,5,0,1,23,2
1,1,41,3,3,0,0,1,18,1
1,0,34,2,7,4,0,1,3,0
0,0,20,3,0,0,0,1,23,1
1,0,75,9,6,4,0,1,49,0
0,0,20,1,0,1,0,1,12,1
1,0,37,2,7,2,0,1,31,1
0,1,20,2,3,3,0,1,25,1
1,0,69,6,11,12,0,1,15,2
1,1,16,2,2,1,0,1,3,0
0,0,37,4,1,16,0,1,20,1
1,0,18,1,3,0,0,1,14,1
1,0,124,18,4,1,0,1,29,0
0,0,54,8,4,0,0,1,13,1
0,0,61,4,6,12,0,1,34,0
1,0,45,2,0,10,0,1,5,0
1,0,13,2,1,0,0,1,34,2
0,1,26,2,1,1,0,1,8,2
0,1,19,2,6,0,0,1,62,3
1,1,23,1,7,5,0,1,9,1
0,1,37,1,6,2,0,1,14,3
1,0,25,4,1,4,0,1,8,0
0,0,8,1,2,0,0,1,5,0
0,1,41,7,1,6,0,1,8,1
0,1,16,1,0,0,0,1,1,0
1,0,22,2,1,2,0,1,2,0
1,0,59,5,7,1,0,1,10,0
0,1,35,2,2,3,0,1,10,1
0,1,8,1,2,1,0,1,3,0
1,1,33,3,4,1,0,1,61,7
1,0,21,2,0,1,0,1,6,0
1,0,36,5,2,1,0,1,40,2
1,0,27,2,1,3,0,1,8,0
0,0,16,1,2,0,0,1,22,1
1,1,39,4,5,2,0,1,15,1
0,0,43,3,6,5,0,1,1,0
1,1,31,5,1,5,0,1,10,1
1,1,86,1,9,37,0,1,11,1
1,0,16,1,6,3,0,1,5,1
1,1,35,1,5,11,0,1,54,2
0,0,19,1,9,1,0,1,22,4
0,0,28,2,0,1,0,1,12,1
1,0,62,6,6,0,0,1,43,1
0,1,71,11,6,4,0,1,57,6
0,0,13,1,0,0,0,1,21,2
1,1,21,3,4,0,0,1,5,1
1,1,118,4,24,0,0,1,34,2
0,0,10,1,0,0,0,1,37,2
0,0,19,2,3,1,0,1,44,2
0,1,26,1,7,4,0,1,17,0
1,0,7,1,2,0,0,1,8,0
1,0,59,6,1,4,0,1,10,1
1,1,32,3,1,4,0,1,41,6
0,0,36,1,2,12,0,1,10,1
1,1,20,3,0,1,0,1,8,0
1,1,10,2,1,0,0,1,6,1
0,0,23,3,2,1,0,1,12,1
1,1,21,4,1,1,0,1,3,0
0,0,30,4,1,0,0,1,9,1
0,0,24,2,0,1,0,1,7,1
1,0,35,3,3,3,0,1,18,2
0,0,80,4,7,12,0,1,4,1
1,1,10,1,1,0,0,1,5,1
1,1,9,1,0,0,0,1,8,0
0,1,15,3,1,0,0,1,16,1
1,0,54,6,1,1,0,1,4,1
0,0,10,1,1,0,0,1,9,1
0,1,34,4,2,6,0,1,9,1
1,0,31,2,1,6,0,1,8,0
1,1,80,7,9,11,0,1,7,0
1,0,21,5,0,0,0,1,7,1
0,0,7,1,0,0,0,1,6,1
0,0,21,2,1,2,0,1,18,1
0,1,75,8,3,0,0,1,33,4
0,1,14,2,0,1,0,1,21,1
1,0,10,2,1,0,0,1,19,2
1,1,32,4,1,0,0,1,7,0
0,0,47,4,4,2,0,1,14,2
0,0,83,8,3,8,0,1,12,0
0,1,61,7,5,11,0,1,12,1
1,0,80,7,7,0,0,1,8,0
1,1,35,3,3,7,0,1,6,0
0,1,75,6,6,6,0,1,53,2
0,0,16,2,1,0,0,1,8,0
1,1,31,4,2,1,0,1,15,1
0,0,72,7,4,8,0,1,6,0
1,1,7,1,1,0,0,1,6,0
1,1,22,2,1,2,0,1,5,0
1,1,31,5,2,0,0,1,10,1
0,0,7,1,0,0,0,1,11,1
0,0,20,2,1,3,0,1,48,4
0,1,27,2,2,3,0,1,11,2
1,0,40,7,2,0,0,1,8,1
0,0,37,8,0,1,0,1,16,1
1,1,68,11,3,0,0,1,4,0
0,0,15,2,1,0,0,1,14,1
0,0,21,3,1,3,0,1,10,1
1,0,31,4,3,0,0,1,12,1
0,1,68,5,9,6,0,1,63,3
0,1,44,4,3,3,0,1,97,10
0,1,52,5,8,3,0,1,77,4
0,0,52,4,9,9,0,1,70,4
0,1,27,4,2,2,0,1,10,1
1,1,21,3,1,0,0,1,8,0
1,1,48,5,5,5,0,1,14,1
0,0,22,2,4,0,0,1,8,0
1,1,29,2,8,1,0,1,6,1
0,1,7,1,2,0,0,1,24,1
1,0,91,12,5,5,0,1,14,1
1,0,53,7,2,4,0,1,33,0
1,0,12,3,1,0,0,1,11,1
0,0,34,4,3,1,0,1,4,1
0,0,14,2,4,0,0,1,7,1
0,1,9,1,1,1,0,1,9,1
0,1,14,2,2,0,0,1,34,2
1,1,74,3,7,4,0,1,11,1
0,1,15,2,2,0,0,1,31,3
1,1,24,1,1,13,0,1,24,2
0,1,45,1,7,0,0,1,63,4
0,0,6,1,2,0,0,1,11,1
0,0,64,2,8,0,0,1,41,5
1,1,74,2,13,0,0,1,21,1
0,1,15,2,1,0,0,1,16,2
1,1,32,3,3,5,0,1,5,1
1,1,35,4,5,3,0,1,7,1
0,0,18,2,1,1,0,1,13,0
1,0,34,5,2,0,0,1,7,1
1,1,17,2,3,1,0,1,12,2
0,0,11,1,1,0,0,1,6,1
1,1,55,2,5,1,0,1,7,1
0,1,30,5,2,2,0,1,4,0
1,0,22,1,8,0,0,1,5,1
0,1,9,2,0,0,0,1,12,1
1,0,105,6,4,19,0,1,7,1
0,0,14,2,2,0,0,1,27,1
0,0,61,3,3,1,0,1,22,2
1,1,31,2,1,3,0,1,9,1
1,0,123,12,9,18,0,1,51,3
0,0,105,1,14,6,0,1,49,1
0,0,27,2,1,2,0,1,6,1
0,1,26,1,1,4,0,1,7,1
0,0,34,3,2,2,0,1,15,0
0,0,12,1,2,0,0,1,8,1
1,1,33,5,3,5,0,1,8,0
0,0,119,8,12,5,0,1,42,2
1,1,21,2,3,4,0,1,7,1
1,1,38,1,1,0,0,1,7,0
1,0,30,2,3,0,0,1,10,0
1,0,7,1,1,0,0,1,6,1
0,0,60,6,9,8,0,1,6,0
0,1,54,9,3,2,0,1,52,2
1,1,42,7,2,1,0,1,5,0
1,0,102,11,11,3,0,1,8,1
0,0,42,4,2,1,0,1,8,1
1,1,30,5,2,0,0,1,12,1
0,0,15,2,2,0,0,1,18,1
0,1,62,6,7,0,0,1,14,3
0,1,63,10,5,7,0,1,14,0
1,1,27,3,4,2,0,1,8,1
0,0,17,2,2,1,0,1,8,1
1,0,94,9,4,7,0,1,38,3
0,1,40,4,3,1,0,1,29,3
0,0,54,1,8,4,0,1,11,0
0,0,58,2,4,24,0,1,11,0
0,1,20,2,1,1,0,1,6,0
0,0,8,1,0,0,0,1,34,3
0,1,17,2,3,0,0,1,9,0
0,0,18,3,1,0,0,1,16,1
0,1,15,2,2,0,0,1,9,0
1,0,13,1,1,0,0,1,24,2
0,0,20,2,9,1,0,1,16,0
1,1,12,1,1,2,0,1,22,2
0,0,54,1,6,3,0,1,7,0
1,1,58,7,6,1,0,1,9,1
0,0,31,5,3,1,0,1,3,0
1,1,27,1,7,4,0,1,19,0
1,1,16,3,0,1,0,1,10,0
1,1,99,10,8,5,0,1,5,1
0,0,22,2,1,0,0,1,9,0
1,1,30,2,5,1,0,1,12,1
1,1,143,16,11,1,0,1,25,2
0,0,59,5,9,15,0,1,5,0
1,1,10,1,0,1,0,1,5,0
1,1,21,1,4,5,0,1,14,1
1,1,12,1,2,2,0,1,12,1
1,0,22,4,2,1,0,1,12,1
1,1,58,4,5,3,0,1,11,1
0,0,20,5,1,1,0,1,14,1
1,0,10,1,1,0,0,1,6,1
0,0,68,5,3,25,0,1,9,0
1,1,92,9,5,11,0,1,21,0
0,1,74,6,5,5,0,1,14,1
0,0,13,1,0,1,0,1,15,1
0,1,34,5,1,3,0,1,9,0
1,1,8,1,3,0,0,1,7,0
1,0,53,3,6,16,0,1,7,1
1,1,42,4,3,1,0,1,8,1
0,1,20,3,2,1,0,1,46,2
1,1,38,5,3,0,0,1,10,1
1,1,24,2,3,0,0,1,4,0
1,0,136,8,7,22,0,1,5,1
0,0,19,1,4,0,0,1,10,1
0,0,35,3,5,5,0,1,13,0
1,1,44,1,1,0,0,1,10,1
0,0,52,3,5,3,0,1,10,1
0,1,53,4,9,0,0,1,6,0
1,1,11,2,0,0,0,1,13,1
1,0,25,5,2,0,0,1,10,0
1,0,46,7,4,1,0,1,7,1
0,0,9,1,0,2,0,1,5,1
0,0,91,2,17,0,0,1,13,1
0,1,45,2,5,14,0,1,8,1
1,1,30,3,5,2,0,1,11,0
0,0,132,1,6,5,0,1,7,0
1,0,75,10,6,0,0,1,9,1
1,1,37,2,3,5,0,1,6,0
1,1,32,2,9,2,0,1,7,1
1,0,29,4,3,4,0,1,26,1
1,0,15,3,1,0,0,1,2,0
1,1,64,6,7,1,0,1,31,1
1,0,73,1,6,25,0,1,16,1
0,1,20,3,1,2,0,1,12,1
1,0,25,2,2,7,0,1,7,1
1,0,34,2,4,4,0,1,12,1
1,1,35,2,5,5,0,1,6,1
0,0,15,2,2,2,0,1,13,1
1,0,31,3,2,1,0,1,8,1
0,0,18,3,2,2,0,1,7,0
0,0,52,6,6,4,0,1,11,1
0,1,11,3,0,0,0,1,9,1
1,1,20,2,1,0,0,1,26,2
1,1,104,9,18,13,0,1,6,1
1,1,41,4,5,8,0,1,5,0
0,1,46,2,9,13,0,1,7,1
0,1,23,2,3,1,0,1,4,1
0,0,25,2,1,2,0,1,7,1
1,0,72,6,7,0,0,1,27,1
0,0,26,2,7,0,0,1,10,1
0,1,10,1,0,2,0,1,11,1
0,0,24,1,2,11,0,1,15,1
1,1,47,1,7,15,0,1,12,1
0,1,39,2,3,1,0,1,10,1
1,0,39,5,6,4,0,1,9,1
1,0,15,2,1,0,0,1,7,1
0,1,15,2,2,0,0,1,4,1
1,1,15,2,1,0,0,1,10,0
0,1,51,4,5,2,0,1,6,1
1,0,27,2,6,7,0,1,17,1
0,1,14,1,2,3,0,1,6,0
1,0,46,1,2,3,0,1,8,0
1,0,34,2,4,0,0,1,16,2
0,1,109,6,5,12,0,1,23,2
0,1,47,2,4,5,0,1,10,1
1,0,76,12,2,7,0,1,15,1
0,1,52,4,8,0,0,1,14,1
1,1,5,1,0,0,0,1,6,0
0,0,19,2,1,3,0,1,7,0
1,1,56,5,7,11,0,1,12,1
0,0,51,4,2,4,0,1,15,2
0,1,18,2,0,2,0,1,6,1
1,1,29,3,6,3,0,1,9,1
0,1,34,2,2,1,0,1,41,3
0,0,10,1,0,1,0,1,5,0
0,1,33,6,1,0,0,1,32,1
1,1,48,2,6,0,0,1,7,1
1,1,22,2,1,3,0,1,7,0
1,1,27,2,3,1,0,1,8,1
0,1,80,13,7,1,0,1,14,1
1,1,19,3,1,1,0,1,8,1
0,0,58,9,4,0,0,1,77,4
0,0,65,4,6,11,0,1,33,3
0,0,63,6,5,1,0,1,11,1
1,1,101,12,3,18,0,1,20,0
0,1,14,2,3,2,0,1,3,0
1,1,39,3,4,1,0,1,6,1
0,0,13,2,0,0,0,1,5,1
1,1,19,3,1,1,0,1,29,2
1,1,25,3,1,3,0,1,7,1
0,0,27,3,4,2,0,1,6,1
1,1,30,2,7,0,0,1,11,1
1,1,44,3,3,3,0,1,14,1
1,1,48,4,9,3,0,1,28,1
1,0,11,2,1,1,0,1,6,0
0,0,15,2,2,0,0,1,10,0
0,0,17,1,1,0,0,1,8,1
0,0,16,1,1,5,0,1,6,0
0,1,10,2,0,0,0,1,3,0
1,1,61,8,4,10,0,1,32,1
1,0,39,9,1,0,0,1,8,1
1,1,80,11,4,4,0,1,5,1
1,1,81,7,6,0,0,1,24,2
0,0,27,3,0,9,0,1,12,1
0,1,32,4,1,2,0,1,7,1
1,1,60,1,4,2,0,1,8,0
1,1,15,1,5,0,0,1,33,2
0,0,73,10,6,4,0,1,15,1
1,0,68,6,7,16,0,1,8,1
0,1,52,4,2,4,0,1,9,0
0,1,11,1,2,0,0,1,6,1
0,0,21,2,3,0,0,1,13,1
1,1,20,2,3,2,0,1,15,1
1,1,65,9,6,0,0,1,8,0
1,0,48,4,8,0,0,1,21,1
1,1,12,2,3,0,0,1,9,1
1,0,42,6,3,6,0,1,14,0
0,1,18,4,2,0,0,1,31,1
0,0,44,4,1,2,0,1,11,2
1,0,64,3,8,0,0,1,11,1
0,1,10,2,1,0,0,1,7,1
1,1,53,5,3,5,0,1,9,1
0,1,77,8,4,7,0,1,19,1
0,0,15,1,1,5,0,1,7,1
0,0,53,2,1,19,0,1,7,1
0,1,58,2,23,12,0,1,7,1
1,1,112,16,9,11,0,1,35,0
0,1,14,1,3,0,0,1,74,6
1,0,11,1,1,0,0,1,6,1
0,1,15,2,1,2,0,1,5,1
0,1,11,1,3,0,0,1,14,1
1,1,61,5,9,7,0,1,9,1
1,0,16,3,0,0,0,1,16,1
1,0,25,2,3,2,0,1,4,1
0,1,40,4,5,1,0,1,11,1
0,0,13,1,0,3,0,1,18,1
0,0,31,3,0,1,0,1,8,1
1,1,19,1,1,1,0,1,9,1
1,1,38,7,3,9,0,1,6,0
1,0,14,2,3,2,0,1,3,0
1,1,15,2,1,0,0,1,14,1
0,0,33,4,2,1,0,1,43,3
1,1,15,1,2,0,0,1,6,0
1,0,22,2,3,2,0,1,27,1
1,1,17,3,1,3,0,1,7,0
1,0,55,5,6,8,0,1,4,1
1,1,15,2,1,0,0,1,9,1
1,1,100,6,3,19,0,1,19,2
1,1,22,2,5,1,0,1,4,0
0,0,9,1,2,2,0,1,9,1
1,0,93,1,8,1,0,1,7,0
1,0,35,5,3,1,0,1,31,2
1,1,43,5,3,6,0,1,10,1
0,1,17,2,0,0,0,1,7,1
1,0,8,2,4,0,0,1,6,1
0,1,35,4,8,7,0,1,16,0
1,0,17,3,3,2,0,1,9,1
0,0,53,5,7,5,0,1,12,1
0,0,17,2,2,0,0,1,5,0
1,0,91,9,11,9,0,1,19,1
1,1,24,4,1,0,0,1,10,1
1,1,10,2,1,0,0,1,7,0
0,1,9,2,1,0,0,1,39,2
1,1,33,4,4,0,0,1,7,1
1,1,22,4,4,0,0,1,15,1
1,1,109,11,10,4,0,1,23,2
1,0,106,8,7,14,0,1,18,1
1,1,55,3,5,8,0,1,7,1
0,0,35,1,9,1,0,1,5,0
1,0,73,9,7,15,0,1,13,2
1,1,42,6,4,0,0,1,24,2
0,1,8,1,0,0,0,1,10,1
1,1,59,4,8,1,0,1,13,1
0,0,18,5,0,1,0,1,6,0
0,0,10,1,0,1,0,1,47,6
0,0,101,6,12,8,0,1,7,1
0,1,24,3,2,1,0,1,5,0
0,0,8,1,2,0,0,1,5,1
1,1,19,2,2,0,0,1,4,1
0,0,12,1,1,2,0,1,7,1
0,1,14,1,1,0,0,1,6,1
1,1,12,1,1,0,0,1,5,0
0,0,98,9,4,21,0,1,9,1
0,0,10,2,1,1,0,1,9,1
1,0,23,1,3,6,0,1,10,0
1,1,15,1,4,2,0,1,6,0
1,1,7,2,1,0,0,1,8,0
0,0,38,1,4,0,0,1,42,0
1,0,37,2,7,0,0,1,27,0
0,0,55,3,7,13,0,1,8,0
1,1,35,3,1,2,0,1,26,3
0,0,104,9,9,13,0,1,35,2
1,1,28,4,3,0,0,1,9,1
0,0,53,2,2,3,0,1,5,1
1,1,110,9,10,9,0,1,12,1
0,1,9,1,1,0,0,1,7,1
0,0,19,2,0,2,0,1,9,1
0,0,15,3,2,0,0,1,20,2
1,1,37,3,3,3,0,1,9,1
0,0,55,7,7,5,0,1,8,0
1,0,116,18,12,2,0,1,8,1
0,1,12,1,4,0,0,1,4,1
1,0,24,3,3,0,0,1,11,1
0,0,48,4,7,1,0,1,13,1
0,0,19,2,2,3,0,1,30,1
1,1,92,15,4,0,0,1,6,1
0,0,6,1,2,0,0,1,11,1
1,0,12,2,0,0,0,1,7,0
0,0,10,1,1,1,0,1,7,1
1,1,21,3,0,2,0,1,7,0
0,0,10,2,0,0,0,1,9,1
0,0,9,1,0,0,0,1,3,0
0,1,31,4,3,2,0,1,12,1
0,0,33,4,2,2,0,1,7,1
0,0,78,6,4,11,0,1,1,0
0,0,70,5,5,0,0,1,11,1
0,0,20,5,3,5,0,1,6,0
0,0,28,2,3,1,0,1,11,0
0,0,12,1,3,1,0,1,75,3
0,1,27,3,1,1,0,1,12,1
0,0,25,1,4,4,0,1,4,1
0,1,27,2,2,1,0,1,8,1
1,0,81,9,6,10,0,1,39,1
0,0,96,6,11,6,0,1,21,1
1,0,98,7,4,10,0,1,53,4
0,1,50,4,8,18,0,1,5,0
1,0,17,2,2,1,0,1,11,0
0,0,83,10,1,8,0,1,7,1
1,0,40,1,0,2,0,1,7,0
1,1,24,3,3,1,0,1,10,1
1,0,25,3,3,0,0,1,12,1
0,0,49,6,6,5,0,1,7,0
1,0,52,6,3,7,0,1,27,4
0,1,95,9,12,14,0,1,13,1
1,1,25,4,1,6,0,1,7,1
0,0,12,2,0,0,0,1,4,1
1,1,56,4,6,6,0,1,11,1
0,0,25,1,6,8,0,1,3,0
0,1,33,3,2,4,0,1,6,0
0,1,43,3,5,1,0,1,8,1
0,1,32,1,7,0,0,1,16,1
0,1,16,2,0,0,0,1,17,0
0,1,28,3,3,0,0,1,26,2
0,0,15,1,2,1,0,1,6,0
0,0,15,1,4,1,0,1,7,1
0,0,36,5,3,1,0,1,22,1
0,1,8,2,0,0,0,1,13,1
0,1,14,3,1,2,0,1,5,0
1,1,21,3,1,2,0,1,18,1
1,1,90,1,5,5,0,1,8,0
0,1,60,3,7,23,0,1,39,6
0,1,39,1,1,0,0,1,15,1
1,0,12,1,3,3,0,1,8,0
1,1,83,8,6,9,0,1,28,2
0,1,27,4,2,1,0,1,9,0
0,1,14,3,0,1,0,1,8,1
0,0,30,3,3,5,0,1,14,2
0,1,9,2,0,0,0,1,6,0
1,1,36,2,3,0,0,1,27,2
1,0,7,2,0,0,0,1,9,0
1,0,32,2,7,8,0,1,7,0
0,1,41,3,1,2,0,1,24,2
0,0,13,1,1,1,0,1,10,1
0,1,61,3,5,11,0,1,12,1
1,1,27,2,5,3,0,1,5,0
1,1,69,6,5,2,0,1,12,0
1,1,59,4,5,1,0,1,6,0
0,0,21,2,4,0,0,1,22,1
1,0,12,1,2,1,0,1,9,1
0,0,22,2,3,0,0,1,20,1
0,0,16,2,1,0,0,1,34,3
0,1,11,2,0,0,0,1,5,1
1,0,77,3,7,0,0,1,16,1
1,1,23,2,2,2,0,1,12,1
1,1,59,6,5,0,0,1,21,0
1,0,92,4,16,18,0,1,8,1
0,0,54,4,15,7,0,1,15,1
1,1,34,4,4,0,0,1,21,1
1,0,10,1,1,1,0,1,20,2
0,0,57,7,4,5,0,1,7,0
0,0,13,2,2,1,0,1,6,1
0,0,13,2,0,4,0,1,5,0
1,1,52,7,4,12,0,1,9,0
0,0,62,7,5,3,0,1,5,1
1,1,14,3,0,0,0,1,19,1
0,1,8,1,0,0,0,1,5,1
1,0,16,2,0,0,0,1,9,0
1,1,10,1,0,1,0,1,14,1
0,0,49,3,2,9,0,1,8,0
1,0,53,5,7,4,0,1,4,1
0,0,14,3,1,0,0,1,7,1
1,0,27,2,4,5,0,1,11,0
1,0,115,14,17,4,0,1,11,1
0,0,66,9,7,4,0,1,30,1
0,0,35,5,2,0,0,1,11,1
1,0,88,12,5,2,0,1,8,1
1,1,31,3,2,3,0,1,10,1
0,1,23,3,4,6,0,1,4,0
0,1,25,2,5,4,0,1,8,0
0,0,14,3,1,0,0,1,11,0
1,0,58,4,3,3,0,1,8,1
1,1,54,5,2,5,0,1,3,1
1,0,43,4,5,3,0,1,12,2
1,1,26,5,2,0,0,1,17,2
0,1,24,4,1,1,0,1,12,1
0,1,20,1,1,3,0,1,5,0
0,0,36,4,4,3,0,1,7,0
1,0,100,8,9,5,0,1,44,6
0,0,10,1,0,1,0,1,26,3
1,1,77,13,4,9,0,1,11,0
1,0,10,1,1,0,0,1,10,0
1,0,107,8,7,11,0,1,7,1
1,1,150,5,8,1,0,1,18,0
0,1,59,5,5,14,0,1,9,1
1,0,108,4,12,7,0,1,10,0
1,0,57,8,0,1,0,1,22,2
0,1,21,4,2,2,0,1,5,0
1,1,81,8,7,7,0,1,7,1
1,1,68,1,3,0,0,1,63,3
0,0,18,3,4,0,0,1,5,1
0,1,35,2,5,7,0,1,6,1
0,0,10,1,1,0,0,1,8,0
1,0,60,4,8,2,0,1,10,1
1,0,38,6,3,0,0,1,40,2
1,1,73,9,4,4,0,1,18,1
1,0,12,1,1,2,0,1,7,2
0,0,12,1,1,0,0,1,7,1
1,0,64,8,4,12,0,1,24,0
1,0,121,14,9,6,0,1,8,1
1,1,15,2,1,0,0,1,6,0
0,1,47,2,9,2,0,1,7,1
1,0,9,1,0,0,0,1,9,1
1,0,65,9,3,1,0,1,7,0
1,1,20,4,1,0,0,1,11,1
1,1,79,5,11,1,0,1,9,1
0,1,19,3,2,2,0,1,32,3
0,0,18,3,0,0,0,1,10,1
0,1,17,2,4,1,0,1,17,1
1,1,20,3,2,0,0,1,11,1
0,0,33,3,3,0,0,1,43,2
0,1,12,2,1,1,0,1,12,1
0,0,32,4,3,2,0,1,20,2
0,1,14,2,1,0,0,1,16,1
0,0,27,2,2,4,0,1,6,0
0,0,49,7,2,5,0,1,39,2
0,0,14,1,1,0,0,1,5,1
0,1,31,3,4,0,0,1,24,0
1,0,35,3,7,3,0,1,11,0
1,1,13,1,2,0,0,1,19,0
1,1,61,6,9,5,0,1,35,2
0,0,22,1,3,1,0,1,44,1
1,0,27,2,3,4,0,1,47,2
0,1,33,4,1,1,0,1,11,1
1,1,14,1,5,0,0,1,11,0
0,1,7,1,0,0,0,1,18,1
0,0,16,3,2,1,0,1,14,1
1,1,35,3,3,14,0,1,5,1
0,0,11,1,2,1,0,1,6,0
1,1,9,1,0,2,0,1,10,0
1,1,15,3,2,0,0,1,20,1
0,1,28,5,3,2,0,1,11,0
1,0,42,3,3,4,0,1,5,1
0,1,33,7,0,0,0,1,20,1
0,0,41,6,2,0,0,1,12,1
1,1,22,2,7,0,0,1,71,2
0,1,34,2,2,2,0,1,8,1
0,0,47,6,5,0,0,1,9,1
1,0,108,15,11,12,0,1,13,1
0,1,32,1,0,1,0,1,18,1
1,1,13,3,1,0,0,1,5,1
1,0,77,9,7,6,0,1,22,2
0,1,25,2,3,1,0,1,10,1
1,1,43,7,1,6,0,1,8,0
0,0,77,10,2,11,0,1,7,1
0,1,83,12,5,2,0,1,29,1
1,1,40,3,6,0,0,1,7,1
0,1,25,2,1,2,0,1,8,0
1,1,82,4,10,8,0,1,9,0
1,0,17,1,1,2,0,1,31,2
0,0,38,4,7,4,0,1,12,1
1,0,53,6,3,0,0,1,8,1
1,1,135,12,11,12,0,1,6,0
0,1,39,7,5,2,0,1,7,1
0,1,59,5,4,5,0,1,5,1
0,1,47,4,5,6,0,1,23,2
1,0,52,5,1,4,0,1,21,1
1,0,22,1,2,0,0,1,14,1
1,0,18,1,1,9,0,1,5,0
0,0,40,1,7,10,0,1,17,1
1,1,156,9,12,3,0,1,17,1
1,0,20,2,4,0,0,1,12,1
0,0,48,8,2,4,0,1,10,0
0,1,12,1,0,1,0,1,5,1
0,0,44,9,0,2,0,1,8,1
1,1,16,2,2,0,0,1,9,1
1,0,116,10,12,9,0,1,9,0
0,0,13,2,1,0,0,1,35,1
0,0,30,2,6,2,0,1,16,1
0,0,49,7,3,4,0,1,12,0
0,1,17,2,1,3,0,1,7,1
0,1,12,1,3,1,0,1,23,2
0,1,13,1,0,0,0,1,9,1
0,1,6,1,0,1,0,1,7,1
0,1,65,5,3,31,0,1,11,0
0,0,18,2,1,5,0,1,8,0
0,0,48,5,5,1,0,1,21,0
1,0,19,2,3,4,0,1,7,0
0,1,58,1,2,0,0,1,54,9
1,0,10,1,3,0,0,1,18,1
0,1,13,2,0,0,0,1,11,0
1,1,16,3,1,0,0,1,10,1
0,1,14,1,1,3,0,1,7,1
1,0,87,10,6,6,0,1,21,2
0,0,6,1,0,0,0,1,5,0
0,0,31,2,4,10,0,1,46,5
0,1,10,1,0,0,0,1,41,2
0,1,48,6,3,7,0,1,41,4
1,1,19,1,1,5,0,1,20,0
0,0,14,2,3,0,0,1,8,1
1,1,20,4,1,0,0,1,9,1
1,1,14,3,0,0,0,1,11,1
0,0,40,3,0,2,0,1,9,0
0,0,77,12,3,6,0,1,18,1
0,0,11,2,1,0,0,1,9,1
0,1,17,3,1,0,0,1,12,1
1,0,14,1,3,2,0,1,7,1
0,0,18,1,7,0,0,1,3,0
0,1,16,2,2,1,0,1,7,1
0,0,16,2,1,0,0,1,16,1
0,0,34,5,2,2,0,1,32,1
1,0,150,11,11,4,0,1,12,0
0,1,20,2,2,5,0,1,6,0
0,0,27,1,2,10,0,1,9,1
0,1,26,1,7,7,0,1,8,1
0,1,23,3,2,0,0,1,19,1
1,0,46,3,3,7,0,1,6,1
0,1,39,3,5,6,0,1,22,1
0,0,77,5,2,8,0,1,32,2
1,1,11,1,0,4,0,1,12,1
0,0,27,3,3,3,0,1,10,1
1,1,63,3,9,5,0,1,6,1
0,0,21,2,1,2,0,1,2,0
0,0,29,5,3,3,0,1,7,1
1,0,45,5,3,0,0,1,14,2
1,1,17,1,5,5,0,1,31,6
1,1,18,1,1,4,0,1,8,1
0,1,12,1,2,2,0,1,8,1
0,0,31,1,5,8,0,1,8,0
1,1,29,2,3,0,0,1,12,1
1,1,13,1,4,0,0,1,10,1
1,1,66,2,12,0,0,1,8,1
0,1,35,5,2,2,0,1,5,0
0,1,39,3,8,2,0,1,27,2
1,0,23,3,1,0,0,1,8,1
0,0,54,2,8,9,0,1,17,1
0,1,62,3,5,10,0,1,12,1
0,1,39,1,5,0,0,1,11,1
0,0,21,1,5,3,0,1,27,2
0,0,25,1,4,0,0,1,25,0
1,0,105,5,11,5,0,1,11,1
0,0,68,6,6,10,0,1,12,1
0,0,16,3,1,1,0,1,18,2
0,1,37,6,5,0,0,1,4,0
0,1,18,3,0,0,0,1,9,1
1,0,93,8,9,11,0,1,21,1
0,0,22,2,2,0,0,1,9,1
1,1,63,7,4,11,0,1,9,1
0,1,16,2,2,1,0,1,13,2
1,1,32,2,6,5,0,1,22,1
1,0,144,8,14,10,0,1,21,2
0,0,12,2,1,4,0,1,6,0
0,1,43,6,1,3,0,1,10,1
0,1,18,1,4,0,0,1,69,4
1,1,56,5,9,8,0,1,10,0
0,0,17,3,1,0,0,1,37,1
1,0,28,1,5,6,0,1,27,2
1,1,54,4,3,7,0,1,34,2
0,0,36,5,4,0,0,1,7,1
0,0,13,2,0,0,0,1,8,1
0,0,25,1,3,4,0,1,9,2
1,1,25,1,4,6,0,1,30,1
0,0,12,1,2,1,0,1,4,1
1,0,38,3,2,0,0,1,9,1
1,0,9,1,2,2,0,1,37,2
0,0,31,1,9,1,0,1,5,1
1,1,48,6,4,2,0,1,24,1
0,0,113,13,10,0,0,1,9,1
0,1,21,3,0,2,0,1,36,4
1,1,23,3,2,0,0,1,12,0
1,1,32,4,3,3,0,1,11,0
1,1,49,4,4,10,0,1,9,1
1,1,17,2,1,1,0,1,10,1
1,0,38,1,2,0,0,1,7,0
1,1,17,2,1,0,0,1,13,1
0,0,31,5,1,4,0,1,40,4
1,0,131,15,11,15,0,1,11,0
1,1,51,5,2,0,0,1,8,0
0,0,11,1,4,0,0,1,6,0
0,0,72,6,6,8,0,1,3,0
1,0,18,3,0,0,0,1,8,0
0,0,11,1,1,0,0,1,24,2
1,1,20,3,1,0,0,1,8,1
1,0,79,9,5,5,0,1,8,0
0,1,47,4,5,0,0,1,6,0
0,1,62,8,4,5,0,1,13,1
1,1,23,3,2,0,0,1,7,0
1,1,13,1,2,1,0,1,8,1
0,1,60,5,6,0,0,1,9,1
1,1,20,1,3,4,0,1,4,0
0,0,12,2,1,0,0,1,10,1
1,0,38,4,1,3,0,1,10,1
0,0,38,2,2,5,0,1,8,1
1,0,87,7,7,3,0,1,11,0
0,1,41,4,4,0,0,1,1,0
0,0,100,5,12,4,0,1,8,1
1,1,18,3,1,2,0,1,8,1
0,0,14,3,1,0,0,1,13,1
1,0,37,5,0,8,0,1,11,0
0,1,14,2,1,0,0,1,12,1
0,0,125,17,7,16,0,1,48,4
1,1,21,1,4,0,0,1,7,1
0,0,74,8,8,1,0,1,31,0
1,0,74,8,6,0,0,1,5,0
0,0,52,3,8,6,0,1,8,0
1,0,53,5,3,6,0,1,5,1
0,1,54,3,3,1,0,1,7,1
0,1,33,6,2,10,0,1,7,0
0,0,19,2,0,0,0,1,13,1
0,0,18,1,3,0,0,1,7,0
1,0,26,3,0,2,0,1,12,1
0,1,38,3,6,1,0,1,23,3
1,1,51,4,5,6,0,1,11,1
1,1,25,2,1,3,0,1,5,0
1,0,21,2,2,3,0,1,6,1
1,1,17,1,8,0,0,1,5,1
1,0,46,5,9,9,0,1,10,1
1,0,11,1,3,1,0,1,8,1
1,0,111,15,5,2,0,1,20,0
0,0,19,1,3,0,0,1,11,0
1,1,72,8,2,5,0,1,14,2
0,1,39,1,3,1,0,1,4,0
1,0,107,9,9,9,0,1,11,1
0,0,42,2,3,8,0,1,12,1
0,0,16,3,2,0,0,1,19,1
1,1,28,3,3,0,0,1,11,0
0,1,11,1,3,1,0,1,14,2
1,1,46,6,1,4,0,1,13,1
0,0,20,1,5,0,0,1,17,2
1,1,23,3,1,0,0,1,6,0
1,0,9,1,2,1,0,1,51,2
0,0,21,3,1,0,0,1,22,1
1,1,9,1,1,3,0,1,8,1
1,1,30,2,4,6,0,1,10,0
0,0,50,3,11,5,0,1,11,1
0,1,9,1,4,4,0,1,13,1
1,0,60,10,4,9,0,1,6,0
0,1,20,2,1,2,0,1,26,3
1,1,134,14,12,12,0,1,11,3
1,0,54,5,6,8,0,1,15,1
0,0,35,5,2,7,0,1,8,1
0,1,28,3,2,4,0,1,40,2
0,0,35,6,3,1,0,1,14,1
0,1,54,4,7,10,0,1,10,1
1,0,35,3,3,4,0,1,18,0
0,0,14,2,2,2,0,1,13,1
1,0,31,2,3,1,0,1,18,2
1,0,79,6,4,7,0,1,15,1
0,1,19,3,2,0,0,1,15,1
1,0,36,5,5,4,0,1,9,0
0,1,16,1,1,0,0,1,7,1
1,1,15,3,0,1,0,1,15,1
1,1,46,4,5,4,0,1,10,1
0,1,72,7,2,6,0,1,22,1
0,0,38,4,0,2,0,1,12,1
1,1,33,1,10,8,0,1,8,1
0,1,36,2,2,5,0,1,12,0
1,1,11,1,2,0,0,1,5,1
0,0,54,4,5,4,0,1,40,0
0,0,54,7,3,7,0,1,5,0
0,0,46,6,6,3,0,1,17,1
1,1,36,2,3,2,0,1,3,0
0,1,7,1,1,0,0,1,11,1
1,0,24,2,2,5,0,1,12,0
0,0,63,1,1,31,0,1,7,1
0,0,9,1,0,1,0,1,6,0
1,1,19,2,2,0,0,1,16,1
1,1,9,1,0,1,0,1,4,0
1,1,41,3,3,9,0,1,7,1
0,0,13,1,3,0,0,1,13,1
0,0,23,2,1,1,0,1,8,1
1,1,56,7,6,3,0,1,27,4
1,1,15,2,2,1,0,1,8,0
1,0,14,2,1,0,0,1,16,0
1,0,105,11,4,2,0,1,45,2
0,1,11,1,3,3,0,1,34,2
0,1,24,3,3,0,0,1,16,2
0,0,27,3,4,1,0,1,8,1
0,1,64,5,5,7,0,1,27,1
1,0,9,1,0,0,0,1,18,1
1,1,58,7,0,9,0,1,5,0
0,1,20,2,2,2,0,1,6,0
0,1,31,2,5,2,0,1,16,0
1,1,22,4,1,0,0,1,7,0
1,1,106,5,3,32,0,1,3,0
0,0,32,3,3,3,0,1,12,1
0,0,11,1,2,0,0,1,13,1
1,0,46,6,4,4,0,1,33,1
1,1,20,1,9,3,0,1,8,1
0,0,54,2,5,2,0,1,8,0
0,0,22,3,0,1,0,1,5,1
1,0,23,2,2,2,0,1,6,1
0,0,71,7,4,7,0,1,12,1
1,1,10,1,0,0,0,1,11,0
1,1,39,5,0,3,0,1,10,0
0,1,15,2,1,3,0,1,22,4
0,0,22,3,2,0,0,1,13,1
1,1,41,5,2,6,0,1,22,1
1,1,14,3,1,0,0,1,11,1
0,1,13,1,2,0,0,1,14,2
1,0,52,3,8,8,0,1,17,1
1,1,11,2,0,1,0,1,5,1
0,0,8,1,1,0,0,1,18,1
1,1,29,2,5,1,0,1,11,1
1,1,9,1,2,2,0,1,10,0
0,1,12,3,1,0,0,1,5,0
1,1,32,2,9,3,0,1,6,1
0,1,11,1,2,0,0,1,4,1
1,1,26,2,2,4,0,1,26,1
1,1,25,1,6,1,0,1,8,1
1,0,67,6,5,1,0,1,51,1
0,1,67,4,18,7,0,1,8,1
1,1,76,4,6,5,0,1,23,0
0,1,27,3,5,3,0,1,9,1
1,1,25,4,0,2,0,1,14,0
1,1,72,10,2,0,0,1,16,1
1,1,13,1,3,0,0,1,6,1
1,0,119,15,15,22,0,1,4,1
0,1,19,2,1,2,0,1,16,1
0,0,12,2,1,0,0,1,4,0
1,1,33,3,7,2,0,1,40,3
1,0,76,4,14,4,0,1,3,1
1,1,23,4,3,0,0,1,7,1
1,0,67,4,6,7,0,1,16,1
1,1,30,2,4,1,0,1,8,0
1,1,29,2,3,3,0,1,21,1
0,0,14,2,1,2,0,1,2,0
0,0,11,2,0,0,0,1,5,0
0,0,14,2,1,0,0,1,16,1
0,0,12,1,1,1,0,1,10,0
0,1,55,4,5,7,0,1,15,0
0,0,32,4,2,3,0,1,14,0
1,1,24,1,5,1,0,1,11,1
0,1,68,5,15,4,0,1,4,1
0,0,12,1,2,0,0,1,10,0
1,0,35,3,8,1,0,1,9,1
0,1,7,1,1,0,0,1,18,1
0,1,18,3,4,0,0,1,11,0
1,0,46,3,7,6,0,1,10,0
1,1,73,9,4,0,0,1,70,3
1,0,43,7,2,0,0,1,8,0
1,0,96,10,9,16,0,1,4,0
1,1,22,4,2,1,0,1,8,0
0,0,8,2,0,0,0,1,8,0
1,1,65,3,9,1,0,1,27,2
0,0,52,4,8,2,0,1,6,0
1,0,21,3,0,3,0,1,8,1
0,0,6,1,2,0,0,1,13,2
1,0,52,3,9,1,0,1,10,0
1,0,10,1,1,1,0,1,15,0
0,1,21,2,1,0,0,1,34,7
0,0,17,4,0,2,0,1,12,0
1,0,75,4,7,4,0,1,18,1
0,1,33,1,5,0,0,1,12,1
0,1,10,1,0,1,0,1,10,0
0,0,24,2,1,2,0,1,20,1
1,0,8,1,3,0,0,1,22,2
0,0,18,2,3,0,0,1,13,1
1,1,29,4,1,9,0,1,7,0
0,0,93,2,12,18,0,1,12,1
0,1,10,2,0,0,0,1,6,0
1,0,84,10,8,0,0,1,15,1
0,1,40,8,5,3,0,1,15,1
0,0,11,2,0,0,0,1,13,1
0,0,39,1,5,1,0,1,4,1
0,1,18,2,2,0,0,1,11,1
1,1,142,14,7,2,0,1,8,1
1,1,76,4,14,1,0,1,6,0
0,1,29,4,3,6,0,1,6,1
1,1,58,3,8,3,0,1,14,2
1,1,21,3,4,1,0,1,4,0
0,0,53,1,12,0,0,1,9,0
1,0,22,2,4,0,0,1,7,1
0,0,28,4,4,2,0,1,5,1
1,1,41,5,7,3,0,1,5,0
0,1,20,1,2,0,0,1,8,1
0,0,16,2,2,1,0,1,10,1
0,0,13,1,3,1,0,1,11,1
1,1,34,3,4,1,0,1,13,1
0,0,40,1,6,3,0,1,32,1
1,1,36,4,1,7,0,1,7,1
1,1,56,5,5,1,0,1,9,1
0,1,24,3,1,0,0,1,71,7
1,1,119,1,14,25,0,1,9,1
1,1,39,2,6,0,0,1,10,1
0,0,52,2,14,1,0,1,14,1
0,1,9,1,1,0,0,1,4,1
1,1,19,3,1,0,0,1,13,1
0,0,14,1,1,2,0,1,16,2
0,0,53,7,4,1,0,1,9,1
0,0,50,2,4,10,0,1,4,0
0,1,13,1,1,4,0,1,10,1
1,1,13,2,1,2,0,1,10,1
0,1,18,1,3,1,0,1,43,2
1,1,12,1,1,1,0,1,7,0
1,1,49,2,7,2,0,1,61,0
1,0,39,2,0,1,0,1,9,1
1,0,17,3,0,0,0,1,30,1
0,0,101,16,3,1,0,1,34,1
1,1,62,1,18,17,0,1,3,0
1,0,87,10,9,2,0,1,8,1
1,1,68,5,12,3,0,1,8,1
0,0,13,1,3,0,0,1,8,1
1,1,28,1,2,8,0,1,15,1
0,0,30,2,2,0,0,1,58,4
1,1,7,1,0,0,0,1,15,1
1,1,42,5,7,1,0,1,15,1
0,0,33,4,8,7,0,1,5,1
0,0,14,2,2,1,0,1,2,0
1,1,15,3,1,0,0,1,20,1
0,0,13,2,1,0,0,1,30,2
1,0,77,7,11,1,0,1,8,1
0,0,13,2,1,1,0,1,5,0
1,0,11,1,3,0,0,1,53,1
1,0,67,12,3,4,0,1,9,1
0,0,15,1,2,0,0,1,16,1
1,1,54,7,6,13,0,1,10,1
1,1,40,5,2,4,0,1,7,1
1,0,49,3,4,5,0,1,15,1
0,1,15,2,1,0,0,1,20,2
1,1,12,1,1,1,0,1,4,1
0,0,11,1,2,0,0,1,6,0
1,1,41,1,12,1,0,1,12,1
1,1,37,4,2,8,0,1,14,1
1,0,6,1,0,0,0,1,11,2
1,1,40,6,5,0,0,1,4,1
0,1,15,2,1,0,0,1,26,1
1,1,88,6,15,3,0,1,14,1
1,1,6,1,1,0,0,1,4,1
0,0,55,6,8,1,0,1,19,0
0,1,13,2,2,2,0,1,12,1
0,0,46,4,5,0,0,1,25,2
1,0,59,4,13,11,0,1,4,1
0,0,9,1,2,1,0,1,4,0
0,0,44,6,0,4,0,1,13,1
0,1,19,1,7,2,0,1,10,1
0,0,9,2,0,0,0,1,10,1
1,0,70,4,3,5,0,1,10,1
0,0,26,1,7,4,0,1,10,0
1,1,43,2,5,2,0,1,50,0
0,0,13,1,2,3,0,1,6,1
1,0,28,2,6,0,0,1,9,1
1,1,10,1,1,0,0,1,7,1
1,0,94,7,11,5,0,1,9,1
1,0,74,6,8,0,0,1,19,1
1,0,281,1,2,40,0,1,7,0
1,0,38,1,8,8,0,1,3,0
0,1,25,2,5,2,0,1,13,1
1,1,49,2,9,31,0,1,18,0
1,1,56,3,5,18,0,1,13,1
1,0,55,5,7,8,0,1,10,1
0,1,33,2,7,1,0,1,13,0
1,1,28,3,3,2,0,1,14,1
0,1,43,3,4,4,0,1,11,1
0,1,15,1,6,0,0,1,44,1
1,1,55,4,5,2,0,1,14,2
0,0,38,3,5,1,0,1,37,2
0,0,28,2,7,4,0,1,7,0
1,0,15,2,1,0,0,1,6,1
0,0,7,1,1,0,0,1,10,1
1,1,7,1,2,0,0,1,15,0
1,0,41,1,2,0,0,1,4,1
1,0,117,13,7,14,0,1,7,0
1,1,17,2,3,1,0,1,33,2
0,1,36,2,9,2,0,1,9,1
1,0,38,4,5,1,0,1,9,0
0,1,10,2,0,0,0,1,7,1
1,0,67,4,3,3,0,1,12,1
0,0,13,3,0,1,0,1,14,1
1,0,124,13,9,15,0,1,3,1
1,1,18,2,1,4,0,1,6,1
0,1,8,1,1,0,0,1,14,1
1,0,29,2,3,4,0,1,10,1
1,1,59,6,6,9,0,1,11,1
0,1,41,4,2,3,0,1,15,1
1,1,72,5,11,4,0,1,10,0
0,1,48,5,8,3,0,1,12,1
1,1,52,4,7,0,0,1,13,1
0,0,12,1,6,0,0,1,20,1
0,1,31,1,3,5,0,1,21,0
0,0,14,2,2,0,0,1,10,1
0,1,97,11,8,3,0,1,29,2
0,1,16,1,3,1,0,1,9,1
1,0,13,1,2,0,0,1,12,1
0,1,55,8,3,1,0,1,11,1
0,1,53,2,10,5,0,1,16,0
0,0,39,2,6,9,0,1,3,1
0,0,68,5,10,15,0,1,4,1
0,0,21,3,1,0,0,1,7,1
1,1,35,6,1,0,0,1,7,0
1,0,31,3,0,0,0,1,58,2
1,0,48,6,2,5,0,1,39,0
1,0,36,4,4,5,0,1,7,1
1,0,6,1,0,0,0,1,9,1
0,0,30,3,6,1,0,1,23,2
0,1,61,8,5,3,0,1,15,1
1,0,80,8,4,4,0,1,5,1
1,1,36,3,3,2,0,1,5,0
0,0,7,1,1,0,0,1,13,0
0,1,15,1,2,3,0,1,5,1
0,0,16,2,1,1,0,1,6,1
1,1,20,2,4,1,0,1,32,2
0,1,16,1,6,0,0,1,27,2
0,0,43,7,4,4,0,1,9,1
0,0,42,3,5,0,0,1,22,1
0,0,53,1,17,0,0,1,13,1
1,0,50,7,3,1,0,1,8,1
0,0,8,1,1,1,0,1,5,0
0,0,59,8,5,12,0,1,7,1
1,1,8,2,0,0,0,1,11,1
1,0,139,12,7,9,0,1,7,0
0,0,22,1,4,0,0,1,25,2
1,1,48,5,5,2,0,1,10,0
1,1,17,2,1,2,0,1,34,0
1,1,9,2,0,0,0,1,13,1
1,0,34,3,1,3,0,1,10,1
0,1,30,3,5,6,0,1,9,0
0,0,78,9,6,10,0,1,13,0
0,0,18,1,2,0,0,1,8,0
0,0,44,5,5,3,0,1,13,0
0,0,47,3,2,2,0,1,7,0
0,0,71,1,4,23,0,1,2,0
0,1,26,1,2,0,0,1,34,1
0,0,51,6,2,1,0,1,7,1
0,0,12,2,1,2,0,1,7,0
0,0,21,3,3,5,0,1,19,5
1,1,41,6,2,11,0,1,36,3
1,1,45,6,1,2,0,1,3,0
0,1,10,1,1,0,0,1,9,1
0,0,69,5,2,6,0,1,6,1
0,1,10,2,1,0,0,1,40,7
1,0,42,1,4,2,0,1,7,0
0,0,26,1,5,1,0,1,20,2
1,1,10,1,0,2,0,1,12,1
1,0,71,5,4,6,0,1,20,0
0,0,21,2,2,0,0,1,11,0
0,0,14,2,1,0,0,1,5,0
0,0,9,1,1,1,0,1,33,6
0,1,18,2,0,0,0,1,18,1
0,0,32,3,1,6,0,1,48,4
0,0,38,5,3,1,0,1,4,1
1,1,8,1,1,0,0,1,6,1
1,1,20,4,0,0,0,1,7,0
1,1,11,2,2,0,0,1,10,1
1,0,13,2,1,0,0,1,18,1
1,0,49,3,7,2,0,1,21,2
0,0,12,1,2,1,0,1,3,0
1,1,114,7,6,12,0,1,10,1
0,0,67,10,8,1,0,1,8,1
1,0,10,1,0,2,0,1,11,0
0,0,39,3,0,9,0,1,9,1
0,0,82,6,9,13,0,1,4,1
1,0,30,2,4,0,0,1,11,1
0,0,25,3,2,8,0,1,6,1
0,1,37,5,6,1,0,1,12,0
1,1,17,3,1,2,0,1,7,0
1,0,18,2,2,3,0,1,4,0
0,1,86,6,5,8,0,1,49,2
0,0,23,1,2,2,0,1,12,0
0,0,101,9,8,7,0,1,17,2
0,1,7,1,0,0,0,1,5,0
1,1,26,1,2,2,0,1,32,2
1,1,20,2,1,2,0,1,10,0
1,1,27,3,8,3,0,1,12,1
1,1,14,1,2,3,0,1,9,0
1,0,10,1,0,3,0,1,4,1
0,1,15,3,1,0,0,1,13,1
0,0,15,2,1,0,0,1,9,1
0,0,51,5,2,1,0,1,37,1
0,0,52,6,6,4,0,1,13,1
1,1,96,12,5,4,0,1,8,0
1,0,18,2,0,0,0,1,8,1
0,0,24,4,2,0,0,1,18,2
0,0,6,1,0,1,0,1,12,0
0,1,32,4,3,0,0,1,12,1
1,1,51,5,9,4,0,1,48,4
1,1,21,3,3,0,0,1,7,0
0,0,42,3,3,0,0,1,13,1
1,1,8,1,2,0,0,1,6,1
0,1,21,2,0,1,0,1,8,1
0,1,20,2,0,1,0,1,11,1
1,1,24,2,3,1,0,1,14,0
1,0,10,1,2,0,0,1,11,1
0,1,22,3,4,0,0,1,17,1
0,0,34,1,7,1,0,1,23,1
0,1,7,1,2,0,0,1,5,0
0,0,7,1,2,1,0,1,7,1
0,0,19,3,0,0,0,1,16,1
1,0,53,3,5,0,0,1,8,1
0,0,75,8,8,3,0,1,9,1
0,0,27,5,2,0,0,1,10,0
0,0,19,3,3,0,0,1,7,1
0,0,48,7,2,4,0,1,65,4
0,1,37,4,9,0,0,1,15,1
1,1,16,1,3,0,0,1,9,1
1,0,50,5,2,2,0,1,7,0
0,1,17,2,6,6,0,1,4,0
1,0,10,1,2,0,0,1,10,0
1,1,11,1,1,1,0,1,12,1
0,1,31,3,2,1,0,1,16,1
0,0,57,1,7,0,0,1,6,0
1,0,35,4,3,1,0,1,21,2
0,0,83,6,11,1,0,1,9,1
1,0,24,2,4,2,0,1,10,1
0,1,14,1,2,4,0,1,13,1
1,0,19,2,1,3,0,1,10,1
0,0,23,3,2,4,0,1,3,0
0,1,24,3,2,0,0,1,9,0
1,1,55,1,5,1,0,1,16,1
1,1,10,2,3,0,0,1,10,1
1,1,102,9,11,1,0,1,7,0
0,1,24,2,2,0,0,1,9,1
1,0,14,1,2,3,0,1,8,0
0,1,30,3,3,2,0,1,71,8
0,1,16,1,5,1,0,1,18,1
0,0,11,2,0,0,0,1,7,0
0,0,12,2,0,0,0,1,22,1
0,1,58,5,7,1,0,1,9,1
0,1,23,1,6,0,0,1,24,2
0,1,28,1,7,4,0,1,57,5
1,1,13,2,2,0,0,1,9,1
0,0,7,1,0,1,0,1,4,1
1,1,78,7,1,9,0,1,10,1
1,0,45,5,4,2,0,1,16,1
1,1,27,4,2,1,0,1,8,1
1,1,31,5,3,1,0,1,21,1
1,1,11,1,3,0,0,1,10,0
0,1,12,2,0,1,0,1,8,0
1,1,20,3,2,0,0,1,26,2
1,1,21,2,0,1,0,1,7,0
1,1,91,10,6,0,0,1,7,0
0,1,10,1,0,0,0,1,8,0
0,0,13,1,2,4,0,1,8,1
0,1,28,4,1,5,0,1,16,2
0,0,11,1,1,0,0,1,9,1
1,0,18,1,3,4,0,1,11,1
1,1,12,1,4,1,0,1,5,1
0,0,28,1,6,1,0,1,7,1
0,0,79,10,8,10,0,1,6,0
0,0,60,9,4,0,0,1,18,2
0,0,22,2,2,1,0,1,8,1
0,0,103,1,8,6,0,1,7,0
1,1,37,3,3,3,0,1,16,1
1,0,91,7,2,4,0,1,8,0
0,0,11,2,1,2,0,1,10,1
0,0,25,1,5,7,0,1,3,0
0,0,133,6,11,19,0,1,28,2
0,1,41,2,6,5,0,1,6,0
0,0,6,1,2,0,0,1,26,1
0,0,31,4,2,1,0,1,10,1
0,0,7,1,0,1,0,1,13,0
0,0,25,3,2,3,0,1,12,0
1,1,20,1,7,0,0,1,3,0
0,0,7,1,1,0,0,1,6,0
1,0,16,1,4,2,0,1,10,1
0,1,14,2,0,2,0,1,27,2
1,1,64,4,4,29,0,1,10,1
0,0,41,4,6,9,0,1,22,1
0,0,21,2,2,2,0,1,14,1
1,0,30,3,0,7,0,1,7,1
1,0,11,1,3,1,0,1,7,1
1,1,87,5,9,20,0,1,7,1
1,1,11,2,2,0,0,1,12,1
1,0,36,3,5,5,0,1,13,3
1,1,83,5,9,5,0,1,8,1
0,1,6,1,1,0,0,1,17,2
1,1,25,3,3,2,0,1,17,1
0,0,49,4,8,0,0,1,10,0
1,1,59,5,4,3,0,1,4,1
0,1,21,2,1,1,0,1,9,1
0,0,14,2,1,0,0,1,7,1
0,0,47,3,4,4,0,1,20,1
0,0,14,1,2,1,0,1,3,0
1,0,25,2,3,2,0,1,13,2
0,0,36,3,5,0,0,1,13,1
0,1,10,1,2,0,0,1,9,1
0,1,36,7,2,2,0,1,4,0
0,0,22,2,4,2,0,1,5,1
0,1,41,4,8,3,0,1,16,3
1,1,12,2,0,0,0,1,15,1
1,0,13,2,2,0,0,1,6,1
0,0,54,2,4,0,0,1,13,2
0,0,86,5,6,1,0,1,26,2
1,0,168,21,6,12,0,1,4,1
0,0,10,1,1,0,0,1,10,1
1,1,11,2,0,0,0,1,6,1
0,0,9,1,0,1,0,1,13,0
0,0,23,1,3,4,0,1,4,1
0,0,35,5,4,3,0,1,7,1
1,1,112,8,11,20,0,1,15,1
1,1,50,5,6,4,0,1,11,1
0,0,20,3,1,2,0,1,26,2
0,1,7,1,0,0,0,1,11,2
1,1,51,6,5,3,0,1,5,1
1,0,25,6,2,0,0,1,5,0
1,1,11,3,0,3,0,1,11,1
0,1,13,2,1,1,0,1,5,0
1,0,14,2,1,0,0,1,6,0
0,1,17,2,2,0,0,1,32,0
0,0,28,5,1,1,0,1,17,2
1,1,16,1,1,2,0,1,5,1
0,0,28,3,2,4,0,1,11,0
0,0,21,3,1,1,0,1,38,4
1,0,129,14,5,14,0,1,7,0
0,0,11,1,2,0,0,1,3,0
0,1,38,2,5,0,0,1,38,1
1,1,45,6,1,0,0,1,57,2
0,0,11,2,3,1,0,1,8,1
1,1,15,2,1,3,0,1,15,1
0,1,17,1,3,1,0,1,32,0
0,0,12,1,2,0,0,1,21,2
1,1,101,8,6,8,0,1,5,0
1,1,13,2,1,1,0,1,8,1
1,1,83,8,9,13,0,1,21,1
1,1,27,5,2,5,0,1,8,1
1,0,39,5,1,0,0,1,25,0
0,1,67,7,6,1,0,1,36,1
1,0,66,2,20,2,0,1,5,1
1,1,19,2,2,2,0,1,3,0
1,1,26,3,3,0,0,1,22,2
0,1,50,2,7,5,0,1,11,1
0,1,51,7,2,5,0,1,13,1
0,1,62,4,1,15,0,1,40,3
1,0,13,1,1,0,0,1,10,1
0,0,49,4,1,3,0,1,9,1
0,0,14,1,0,1,0,1,11,1
1,0,47,6,3,14,0,1,17,0
0,1,11,1,4,0,0,1,15,2
0,0,14,1,6,1,0,1,7,0
0,0,88,10,10,2,0,1,3,1
0,1,21,3,3,3,0,1,2,1
0,0,16,2,0,1,0,1,15,1
1,1,9,1,0,0,0,1,7,1
0,0,54,7,4,5,0,1,12,1
0,0,19,2,1,0,0,1,18,1
1,0,41,3,3,11,0,1,9,1
0,1,8,1,2,1,0,1,3,0
0,1,6,1,0,0,0,1,24,2
0,1,10,1,1,2,0,1,11,1
1,1,31,4,1,1,0,1,8,0
0,1,9,1,3,0,0,1,18,1
0,1,21,1,2,0,0,1,20,2
1,0,47,3,10,4,0,1,6,1
1,1,16,2,1,0,0,1,14,0
0,1,30,3,3,0,0,1,18,1
0,1,56,6,6,0,0,1,16,1
1,0,23,3,1,1,0,1,5,0
0,1,31,3,2,1,0,1,17,1
1,0,86,5,12,16,0,1,14,1
0,0,22,2,5,3,0,1,9,1
1,1,42,4,5,0,0,1,8,1
1,1,51,2,7,1,0,1,17,2
1,1,128,1,5,7,0,1,7,0
1,0,42,3,3,0,0,1,22,1
1,0,126,12,9,1,0,1,8,0
1,1,16,2,1,0,0,1,8,1
0,1,36,3,5,1,0,1,6,1
0,0,38,4,5,5,0,1,7,1
0,0,80,2,9,14,0,1,10,0
1,1,82,9,4,13,0,1,9,1
0,1,67,5,11,3,0,1,6,1
1,0,92,6,8,19,0,1,7,1
1,1,10,2,0,0,0,1,7,0
0,0,53,4,3,12,0,1,3,0
0,0,48,5,7,0,0,1,4,0
1,1,17,3,1,0,0,1,8,0
1,1,15,2,1,0,0,1,5,0
0,1,46,2,5,7,0,1,4,1
0,1,31,3,2,2,0,1,10,0
1,1,16,2,1,4,0,1,9,1
1,1,48,1,2,13,0,1,12,0
1,1,9,1,1,1,0,1,9,0
0,1,20,2,1,1,0,1,8,1
0,1,15,1,5,4,0,1,4,0
1,0,28,5,1,1,0,1,30,2
0,0,87,9,12,10,0,1,10,1
1,0,42,4,5,0,0,1,6,0
0,0,22,3,3,0,0,1,10,1
1,1,43,2,6,16,0,1,7,1
1,1,24,3,2,1,0,1,13,1
1,0,57,8,5,10,0,1,7,0
0,0,10,2,0,1,0,1,5,1
0,0,21,2,2,3,0,1,21,3
0,0,26,2,1,5,0,1,10,1
1,0,90,1,8,22,0,1,8,1
0,1,37,4,3,0,0,1,46,2
1,1,37,4,9,1,0,1,18,2
0,0,35,2,6,1,0,1,37,2
1,1,17,2,0,0,0,1,5,0
0,0,47,3,2,2,0,1,18,1
0,1,14,3,0,0,0,1,5,0
1,1,46,5,1,3,0,1,5,1
1,1,52,4,13,11,0,1,6,1
1,1,11,1,0,0,0,1,8,1
1,1,25,2,5,4,0,1,15,2
1,1,31,4,1,2,0,1,4,0
1,0,23,4,4,0,0,1,11,1
1,0,20,3,2,0,0,1,9,0
1,1,32,4,6,0,0,1,14,1
1,1,60,4,5,10,0,1,6,0
1,1,10,2,0,2,0,1,11,0
0,0,45,3,3,7,0,1,40,3
0,1,30,2,4,0,0,1,5,0
1,1,22,1,3,1,0,1,7,1
1,0,25,3,1,1,0,1,7,0
1,1,47,8,2,0,0,1,25,2
1,1,21,1,7,4,0,1,17,3
0,0,39,3,5,5,0,1,8,1
1,1,10,1,3,0,0,1,19,1
1,0,8,3,0,0,0,1,9,1
1,0,70,6,13,5,0,1,6,1
1,0,6,1,1,0,0,1,7,1
1,1,15,2,1,0,0,1,12,1
1,1,17,2,2,3,0,1,6,0
0,1,58,3,2,6,0,1,17,1
0,0,33,6,3,0,0,1,9,0
0,1,8,1,0,1,0,1,4,0
1,0,67,7,5,0,0,1,53,2
1,0,125,12,7,12,0,1,23,1
0,0,40,3,4,4,0,1,7,0
0,1,24,2,3,0,0,1,11,0
0,0,17,1,3,4,0,1,9,1
1,1,18,1,2,0,0,1,9,0
1,1,7,1,0,1,0,1,11,0
1,1,19,4,0,2,0,1,8,1
0,1,22,2,1,7,0,1,8,0
1,1,28,4,2,2,0,1,7,1
0,1,15,1,1,1,0,1,14,1
0,1,6,2,0,0,0,1,6,0
0,1,33,1,2,10,0,1,9,1
0,1,17,3,1,1,0,1,15,1
1,1,41,4,5,2,0,1,12,0
0,1,16,2,2,0,0,1,46,2
1,0,32,2,4,0,0,1,11,0
0,0,48,6,5,0,0,1,10,1
1,1,14,1,2,3,0,1,7,1
1,0,74,7,4,6,0,1,14,0
1,0,70,6,4,4,0,1,5,1
0,0,63,5,6,2,0,1,12,1
0,1,20,2,3,0,0,1,8,1
0,1,17,3,0,1,0,1,3,0
1,0,16,3,1,1,0,1,15,1
1,0,14,1,4,1,0,1,11,0
1,1,28,1,8,4,0,1,23,0
0,0,24,2,6,0,0,1,30,4
0,1,19,3,0,0,0,1,9,1
1,1,8,2,0,0,0,1,4,1
0,1,30,3,1,9,0,1,4,0
0,0,17,1,1,1,0,1,5,1
0,1,15,2,4,1,0,1,7,1
1,0,36,4,4,1,0,1,12,1
1,1,46,4,2,16,0,1,1,0
1,1,10,1,2,0,0,1,11,1
0,0,14,1,1,4,0,1,5,0
0,0,23,2,3,1,0,1,16,2
1,1,27,1,3,0,0,1,15,0
0,0,53,8,4,2,0,1,4,0
0,0,67,10,5,1,0,1,23,1
1,0,29,5,1,4,0,1,13,1
0,0,18,1,1,1,0,1,14,0
0,0,10,1,2,1,0,1,9,1
0,0,7,1,0,0,0,1,17,0
0,1,21,1,0,0,0,1,95,2
0,0,59,5,13,11,0,1,9,1
1,0,35,3,3,2,0,1,12,1
0,0,13,1,1,2,0,1,6,1
1,0,56,6,5,10,0,1,7,1
1,1,35,2,5,0,0,1,8,1
1,1,16,3,1,0,0,1,6,1
0,1,13,1,2,1,0,1,5,1
0,0,13,1,3,0,0,1,11,0
0,0,24,2,1,2,0,1,12,0
0,0,12,3,1,0,0,1,11,1
0,1,28,4,7,0,0,1,10,1
0,0,16,1,1,0,0,1,9,0
0,0,7,1,0,0,0,1,12,1
0,1,13,2,1,0,0,1,7,0
1,0,43,7,4,0,0,1,12,0
0,0,17,1,4,1,0,1,31,2
0,0,23,2,0,1,0,1,17,1
1,0,23,1,6,0,0,1,4,0
1,0,39,4,6,1,0,1,10,1
0,0,29,4,3,1,0,1,21,1
1,1,75,4,5,19,0,1,23,1
0,1,16,3,0,0,0,1,30,2
0,0,11,1,1,0,0,1,10,1
1,1,21,2,1,0,0,1,12,0
0,0,104,12,5,12,0,1,38,3
1,0,60,3,7,11,0,1,6,0
0,1,19,2,4,0,0,1,9,1
0,0,29,3,3,1,0,1,7,1
0,0,26,2,4,0,0,1,5,0
0,0,13,2,2,1,0,1,15,1
0,0,10,1,0,0,0,1,12,1
0,1,18,1,1,1,0,1,5,1
1,1,9,1,1,0,0,1,4,1
1,1,17,2,1,0,0,1,9,1
0,0,25,5,1,2,0,1,35,2
0,0,85,1,7,0,0,1,7,0
1,1,16,2,1,3,0,1,40,2
1,1,119,6,13,11,0,1,3,0
1,0,16,1,2,1,0,1,10,1
0,0,63,5,11,2,0,1,9,1
1,0,41,5,3,5,0,1,6,1
1,1,43,1,2,4,0,1,5,0
0,0,41,7,3,4,0,1,15,0
1,1,13,1,2,1,0,1,11,1
1,1,22,1,9,4,0,1,5,0
1,1,42,4,4,0,0,1,5,0
0,0,15,2,2,0,0,1,5,1
0,1,20,1,1,2,0,1,6,0
1,1,6,1,1,1,0,1,7,0
0,1,43,6,3,0,0,1,28,0
0,0,17,1,3,2,0,1,8,0
0,0,44,2,7,8,0,1,8,1
1,1,57,5,5,3,0,1,49,8
1,0,61,3,5,3,0,1,5,1
0,1,11,1,2,0,0,1,14,1
0,0,89,7,13,7,0,1,61,5
0,1,8,1,0,0,0,1,4,1
1,1,68,8,4,2,0,1,39,2
1,1,62,7,9,6,0,1,5,1
0,0,44,6,2,3,0,1,7,1
1,1,36,7,3,3,0,1,21,3
0,1,9,2,0,0,0,1,12,0
1,1,62,7,12,5,0,1,8,0
0,0,14,1,1,1,0,1,31,2
0,1,18,2,5,0,0,1,27,0
0,0,47,2,7,5,0,1,12,0
0,0,19,1,1,8,0,1,18,1
0,0,13,3,0,0,0,1,7,1
1,1,28,1,6,1,0,1,7,1
0,0,14,1,0,4,0,1,12,1
0,1,5,1,0,0,0,1,17,2
0,0,124,11,18,17,0,1,9,1
0,0,40,4,6,1,0,1,30,2
1,0,17,1,6,1,0,1,11,2
0,1,46,2,7,2,0,1,38,1
0,1,15,2,2,0,0,1,16,1
1,1,37,4,4,0,0,1,12,1
0,1,20,4,0,2,0,1,25,2
1,0,9,1,1,1,0,1,10,1
0,0,30,3,4,3,0,1,12,1
0,1,18,2,0,1,0,1,30,1
1,1,41,5,8,5,0,1,7,0
0,0,11,2,1,1,0,1,10,4
0,1,44,3,7,4,0,1,64,1
1,0,15,2,1,1,0,1,22,0
1,1,72,9,5,2,0,1,9,1
0,0,111,5,13,17,0,1,8,1
0,1,28,4,2,2,0,1,10,1
1,1,55,6,5,9,0,1,13,2
0,0,38,3,3,10,0,1,29,3
0,0,33,4,3,1,0,1,10,0
0,0,17,3,1,2,0,1,6,1
1,1,10,1,1,0,0,1,20,1
1,1,16,2,1,0,0,1,8,1
0,0,25,4,2,0,0,1,28,3
1,1,81,7,4,6,0,1,7,1
1,0,48,2,6,0,0,1,8,1
1,0,22,3,0,1,0,1,10,1
0,0,47,6,5,6,0,1,11,1
0,1,18,3,1,0,0,1,10,1
1,1,72,4,3,2,0,1,5,1
0,0,16,3,1,3,0,1,6,1
1,1,33,4,5,5,0,1,24,1
1,1,35,2,6,7,0,1,13,0
0,0,35,4,3,4,0,1,5,1
1,0,114,3,17,41,0,1,4,1
1,0,53,5,8,2,0,1,9,0
0,0,18,1,5,1,0,1,11,1
0,1,69,4,3,11,0,1,24,2
1,1,99,11,6,0,0,1,68,11
1,1,24,3,2,2,0,1,7,1
0,0,42,3,3,3,0,1,11,1
1,1,58,5,3,7,0,1,13,1
0,0,9,1,1,0,0,1,18,2
0,0,29,1,7,7,0,1,4,0
0,0,74,5,12,9,0,1,9,1
1,0,26,2,5,0,0,1,11,1
1,0,42,1,14,2,0,1,8,0
0,1,8,1,2,0,0,1,7,1
0,0,78,10,5,5,0,1,6,1
0,0,30,5,3,1,0,1,21,2
1,1,23,3,3,0,0,1,20,0
0,0,55,3,8,5,0,1,5,0
1,1,35,5,3,5,0,1,12,0
0,1,24,3,1,3,0,1,11,1
1,0,38,5,3,2,0,1,8,0
0,0,38,4,2,3,0,1,11,1
1,0,28,3,1,2,0,1,7,1
1,1,22,2,5,1,0,1,15,1
0,0,31,2,7,0,0,1,11,1
1,1,52,5,5,10,0,1,10,1
1,1,20,3,1,0,0,1,15,1
0,1,18,1,5,1,0,1,27,2
0,0,14,2,2,0,0,1,9,1
0,1,9,1,1,0,0,1,49,2
1,0,133,14,12,5,0,1,14,0
0,1,14,3,0,1,0,1,7,1
0,0,17,1,4,1,0,1,4,1
1,0,104,5,6,35,0,1,11,1
1,0,41,3,4,12,0,1,7,1
0,1,60,3,17,6,0,1,9,1
0,1,43,4,5,0,0,1,6,1
0,0,33,4,2,2,0,1,4,0
1,1,67,4,13,9,0,1,9,0
0,0,8,1,2,0,0,1,39,3
1,0,12,1,1,1,0,1,15,0
0,0,13,2,0,1,0,1,13,1
0,1,35,5,0,2,0,1,10,3
0,0,22,2,5,1,0,1,12,1
0,1,35,2,6,7,0,1,13,1
1,1,36,5,2,1,0,1,18,1
1,1,30,3,2,3,0,1,6,1
0,0,41,5,6,1,0,1,5,0
0,0,58,10,6,0,0,1,42,3
0,1,9,2,1,0,0,1,8,1
0,0,15,2,1,3,0,1,9,0
1,1,15,2,5,2,0,1,28,2
0,1,12,1,1,1,0,1,10,1
1,1,4,1,0,0,0,1,8,0
0,0,37,4,5,1,0,1,12,1
0,0,21,1,2,1,0,1,21,2
1,1,25,2,1,2,0,1,7,1
1,1,79,2,8,6,0,1,12,1
1,1,77,10,1,6,0,1,10,1
0,1,34,1,6,5,0,1,11,0
1,1,20,3,2,0,0,1,18,2
0,0,18,2,4,4,0,1,5,0
0,1,28,3,3,2,0,1,8,0
0,0,65,5,8,10,0,1,3,1
1,1,93,10,7,1,0,1,31,2
0,1,19,4,0,3,0,1,17,2
0,1,15,2,2,0,0,1,10,0
0,1,9,1,0,2,0,1,7,0
1,1,27,1,5,1,0,1,10,1
1,0,79,10,0,0,0,1,8,0
0,1,64,6,11,10,0,1,4,0
1,1,18,2,1,2,0,1,14,0
0,1,27,3,3,2,0,1,14,1
1,1,32,1,4,1,0,1,15,1
0,0,14,1,5,1,0,1,29,3
0,0,53,7,3,8,0,1,3,0
0,0,43,5,5,0,0,1,12,0
0,1,54,1,4,0,0,1,6,0
0,0,90,10,7,1,0,1,12,1
1,0,142,13,6,9,0,1,19,2
1,0,15,1,2,2,0,1,8,1
1,0,49,6,2,2,0,1,13,1
0,1,48,1,4,0,0,1,16,2
1,1,30,3,6,3,0,1,7,1
1,0,12,2,0,0,0,1,16,2
0,0,35,2,2,3,0,1,10,0
1,0,52,3,5,16,0,1,6,1
0,1,50,9,2,2,0,1,27,1
1,1,15,1,2,4,0,1,12,0
0,1,21,3,1,1,0,1,9,1
0,1,40,1,7,2,0,1,13,0
0,0,8,1,1,3,0,1,12,1
1,0,71,6,11,8,0,1,5,1
0,1,14,1,4,1,0,1,17,1
0,0,20,2,2,3,0,1,9,1
1,1,16,3,1,0,0,1,8,0
0,1,31,2,2,0,0,1,73,3
0,0,32,4,2,1,0,1,10,2
1,1,24,1,2,5,0,1,9,1
0,1,20,3,1,0,0,1,25,0
1,1,16,1,2,0,0,1,4,0
0,0,10,1,1,0,0,1,10,1
0,0,105,8,4,7,0,1,21,2
1,0,17,3,2,1,0,1,8,1
0,1,12,2,1,1,0,1,13,0
1,0,12,2,0,2,0,1,4,0
1,0,14,1,3,2,0,1,9,1
1,0,52,9,2,1,0,1,8,1
0,1,50,8,2,6,0,1,11,0
0,0,7,1,1,0,0,1,23,0
0,1,9,1,0,0,0,1,7,1
1,1,8,1,2,0,0,1,6,0
0,0,39,3,4,5,0,1,15,1
0,0,40,4,3,0,0,1,38,1
0,0,20,2,0,1,0,1,12,1
0,0,69,7,3,2,0,1,11,1
0,0,12,1,2,2,0,1,12,1
0,1,11,2,0,0,0,1,8,2
1,1,27,3,4,2,0,1,9,1
1,1,9,2,0,0,0,1,21,1
0,1,104,2,22,4,0,1,42,7
0,0,95,5,6,7,0,1,5,1
0,0,15,2,3,0,0,1,11,1
1,1,67,6,3,9,0,1,2,0
1,1,26,2,2,1,0,1,12,1
0,0,8,1,0,1,0,1,9,0
1,1,10,2,0,0,0,1,5,0
1,1,50,2,7,9,0,1,8,1
0,0,16,2,1,0,0,1,20,1
0,0,36,3,4,1,0,1,11,0
0,1,15,1,1,3,0,1,16,4
1,1,19,2,4,0,0,1,11,0
0,0,26,4,3,0,0,1,11,1
0,0,50,10,2,1,0,1,25,1
0,1,31,3,6,2,0,1,13,1
0,0,49,6,6,6,0,1,4,1
0,1,71,7,8,2,0,1,14,1
1,0,53,7,5,0,0,1,24,2
1,1,55,7,10,16,0,1,6,1
1,0,40,3,1,2,0,1,10,1
0,0,32,3,6,4,0,1,6,0
0,1,39,3,1,1,0,1,34,2
1,1,39,4,5,10,0,1,51,5
1,1,29,5,1,0,0,1,32,2
1,1,34,2,6,7,0,1,15,2
0,0,121,13,9,5,0,1,16,1
0,0,9,1,0,1,0,1,12,1
1,1,20,2,2,0,0,1,8,1
0,1,11,1,1,0,0,1,11,0
1,1,16,4,0,0,0,1,20,1
1,1,29,3,3,1,0,1,14,1
0,0,11,2,1,0,0,1,22,3
1,0,21,1,1,14,0,1,6,1
0,0,18,2,3,1,0,1,24,1
0,1,14,3,0,1,0,1,20,1
0,1,25,2,2,3,0,1,12,1
0,0,10,1,1,0,0,1,9,1
0,0,16,2,2,0,0,1,12,0
1,0,55,2,4,1,0,1,36,2
1,0,49,5,3,5,0,1,14,0
1,1,18,4,0,2,0,1,23,3
0,0,20,3,5,0,0,1,7,1
0,0,30,6,3,3,0,1,8,1
0,1,61,5,4,2,0,1,27,0
1,1,41,8,2,0,0,1,10,1
0,1,11,2,1,0,0,1,6,0
1,1,23,2,2,3,0,1,23,2
0,0,14,1,3,0,0,1,10,1
0,0,23,2,3,3,0,1,10,1
1,1,59,6,3,0,0,1,10,1
0,1,39,2,2,19,0,1,3,0
1,1,37,3,3,6,0,1,36,3
0,0,63,5,11,2,0,1,15,1
1,1,30,5,5,3,0,1,19,1
0,0,23,3,1,7,0,1,7,1
1,1,21,3,2,4,0,1,10,1
0,0,9,2,0,2,0,1,12,1
1,0,44,2,6,0,0,1,30,2
0,1,11,1,1,2,0,1,45,4
0,0,27,6,2,4,0,1,15,1
1,1,38,4,2,0,0,1,11,1
0,0,108,4,6,0,0,1,7,1
1,1,94,9,7,8,0,1,31,0
1,1,86,9,13,15,0,1,9,1
1,0,32,3,1,14,0,1,9,0
1,0,17,4,1,1,0,1,13,0
1,1,16,2,1,2,0,1,6,0
0,0,111,1,4,4,0,1,8,0
1,0,20,1,3,0,0,1,17,0
1,1,26,1,6,10,0,1,6,0
0,1,21,2,1,2,0,1,5,0
0,1,18,2,2,1,0,1,10,0
1,0,32,5,2,0,0,1,11,1
0,0,22,1,8,2,0,1,7,0
0,1,22,3,3,1,0,1,10,1
0,0,10,1,4,0,0,1,8,1
1,1,12,1,4,0,0,1,4,1
1,1,30,4,4,3,0,1,29,8
0,0,10,2,0,0,0,1,7,0
1,1,8,1,0,0,0,1,14,1
0,0,17,2,1,0,0,1,20,1
0,0,33,3,4,4,0,1,9,0
0,0,45,3,6,4,0,1,9,1
0,0,48,1,1,0,0,1,7,0
0,0,14,1,5,3,0,1,11,1
1,1,54,5,2,3,0,1,32,0
0,0,41,5,2,1,0,1,10,1
0,0,6,1,0,0,0,1,25,2
0,0,57,5,2,3,0,1,7,1
1,1,54,6,7,0,0,1,59,1
1,0,48,6,2,2,0,1,19,1
0,1,22,2,3,2,0,1,12,2
1,0,69,8,6,2,0,1,11,0
1,1,16,2,1,0,0,1,6,1
0,0,42,3,6,3,0,1,10,0
1,1,20,2,1,3,0,1,8,1
1,1,22,4,0,6,0,1,15,1
1,1,38,2,2,4,0,1,5,1
0,1,13,1,2,1,0,1,4,1
1,1,33,6,1,1,0,1,6,1
0,0,8,1,0,0,0,1,9,1
1,1,22,2,1,2,0,1,10,1
1,1,14,3,0,1,0,1,29,2
1,1,32,1,1,8,0,1,11,2
0,1,23,2,5,5,0,1,31,2
1,0,57,6,9,7,0,1,8,1
0,1,9,2,0,0,0,1,22,1
0,1,29,5,1,0,0,1,8,0
1,0,75,1,3,1,0,1,8,0
1,1,38,5,3,5,0,1,11,0
0,0,8,1,0,0,0,1,10,1
0,1,42,5,5,3,0,1,9,1
1,1,49,2,12,2,0,1,5,1
0,1,33,3,2,5,0,1,4,1
0,1,36,3,0,2,0,1,45,2
1,1,51,3,4,3,0,1,10,1
1,0,124,9,16,5,0,1,8,2
0,0,30,1,4,0,0,1,12,0
1,0,48,4,5,7,0,1,5,1
1,0,17,2,3,0,0,1,9,1
1,0,88,5,8,3,0,1,14,1
0,1,13,1,2,1,0,1,18,1
1,1,104,7,4,7,0,1,8,1
1,0,58,4,7,1,0,1,12,0
1,1,72,9,4,1,0,1,5,1
1,0,75,1,13,17,0,1,5,1
1,1,13,2,1,1,0,1,7,0
1,0,24,6,0,0,0,1,18,4
1,1,9,2,0,0,0,1,11,0
1,1,46,9,1,2,0,1,16,1
0,0,8,1,0,1,0,1,6,0
0,1,28,1,5,7,0,1,7,1
1,0,33,1,7,0,0,1,6,1
0,0,28,3,0,2,0,1,9,1
1,1,30,1,5,6,0,1,12,1
0,1,13,2,1,0,0,1,4,0
0,1,22,2,2,4,0,1,10,0
0,0,34,2,3,1,0,1,16,1
1,0,50,5,3,12,0,1,11,1
1,0,25,3,1,2,0,1,11,1
0,0,42,4,3,4,0,1,8,0
0,0,17,3,1,0,0,1,11,1
1,1,55,2,8,0,0,1,9,0
1,0,20,5,2,4,0,1,14,1
0,1,17,3,2,0,0,1,32,3
1,0,25,2,2,3,0,1,11,1
0,0,34,2,4,3,0,1,77,6
1,1,18,3,1,1,0,1,4,0
0,0,41,4,4,2,0,1,8,1
1,0,52,5,4,4,0,1,8,3
0,0,28,3,2,0,0,1,29,1
1,0,36,6,0,0,0,1,7,1
0,1,23,3,1,5,0,1,6,0
1,1,29,3,2,1,0,1,6,1
1,0,69,8,9,14,0,1,8,0
0,1,33,3,2,4,0,1,33,2
1,1,25,2,3,5,0,1,11,1
1,1,20,3,2,0,0,1,12,0
0,1,20,3,1,2,0,1,9,1
0,0,63,7,0,6,0,1,7,1
0,0,10,1,3,1,0,1,7,1
0,1,57,6,3,9,0,1,14,1
0,1,60,4,7,11,0,1,48,0
1,1,14,1,3,0,0,1,5,1
0,1,16,2,1,2,0,1,5,1
0,0,35,1,1,10,0,1,3,0
1,1,25,1,4,2,0,1,11,1
0,0,18,1,3,0,0,1,25,2
0,1,32,3,1,3,0,1,19,1
0,0,29,1,0,0,0,1,8,1
0,1,15,2,2,0,0,1,7,1
0,0,28,3,2,5,0,1,7,1
0,1,21,1,3,0,0,1,19,1
0,0,19,2,1,5,0,1,13,1
1,0,20,4,0,0,0,1,9,1
1,1,20,2,3,7,0,1,53,3
1,1,49,5,4,5,0,1,19,1
0,0,8,1,2,0,0,1,11,0
0,0,13,2,0,1,0,1,4,0
1,1,90,9,7,13,0,1,13,1
1,1,26,2,4,1,0,1,9,0
1,1,13,1,4,4,0,1,50,4
1,1,24,4,3,0,0,1,7,1
0,0,43,8,1,1,0,1,21,0
1,0,69,3,5,3,0,1,19,1
1,0,22,1,4,3,0,1,8,1
0,1,20,3,2,0,0,1,16,1
1,0,20,3,1,0,0,1,55,5
0,1,19,2,1,2,0,1,62,3
0,0,38,3,7,7,0,1,7,0
1,1,28,3,3,1,0,1,20,1
1,0,69,8,6,8,0,1,2,0
1,1,15,2,3,0,0,1,8,0
1,1,31,3,2,0,0,1,14,1
1,1,17,3,1,0,0,1,22,2
0,1,24,3,4,3,0,1,10,1
1,1,33,5,2,2,0,1,10,1
1,1,28,1,2,10,0,1,31,2
0,0,13,2,3,4,0,1,5,0
0,0,22,2,0,1,0,1,9,1
1,1,14,1,2,1,0,1,16,1
1,1,23,2,0,1,0,1,6,1
0,0,53,6,6,4,0,1,8,0
0,0,57,2,4,17,0,1,13,1
0,0,20,2,5,2,0,1,5,1
1,1,59,4,1,2,0,1,34,1
0,1,18,2,1,3,0,1,11,1
1,0,76,5,8,8,0,1,15,1
1,1,54,6,4,1,0,1,5,0
1,0,38,4,2,6,0,1,10,0
0,0,14,2,0,0,0,1,44,2
0,0,22,2,1,2,0,1,15,0
0,1,43,3,3,0,0,1,14,2
1,1,131,12,18,9,0,1,22,2
1,1,13,2,0,0,0,1,7,1
1,1,11,2,1,0,0,1,7,1
0,1,20,2,3,8,0,1,12,3
0,0,17,2,1,1,0,1,7,0
0,0,16,1,0,3,0,1,4,1
0,0,32,5,2,1,0,1,27,1
1,1,20,1,1,0,0,1,7,1
1,0,122,12,8,8,0,1,19,1
1,0,71,13,3,8,0,1,19,2
1,0,65,5,6,2,0,1,13,0
1,1,22,2,4,1,0,1,24,1
1,0,14,1,2,5,0,1,8,1
0,1,32,1,4,1,0,1,7,0
1,1,26,6,4,0,0,1,10,0
0,1,17,2,2,5,0,1,15,1
1,1,19,1,7,0,0,1,3,0
1,1,9,1,2,1,0,1,27,2
1,0,91,10,9,0,0,1,4,1
0,0,71,3,9,3,0,1,15,1
1,1,86,10,4,3,0,1,13,0
1,1,46,6,2,0,0,1,22,2
1,1,32,2,1,5,0,1,9,2
0,1,52,3,5,4,0,1,9,1
0,1,6,1,0,0,0,1,6,0
1,0,69,4,11,6,0,1,7,0
1,1,89,3,15,7,0,1,9,1
1,1,90,5,2,22,0,1,31,3
1,1,17,1,1,1,0,1,7,1
0,0,23,4,1,0,0,1,23,0
1,0,24,3,3,1,0,1,14,1
1,0,125,20,8,6,0,1,12,1
1,0,24,3,2,3,0,1,11,0
1,1,20,1,2,0,0,1,8,1
1,1,18,1,4,0,0,1,25,1
1,1,10,2,0,0,0,1,23,1
0,1,59,6,5,13,0,1,57,2
0,1,15,1,0,4,0,1,22,1
0,1,45,4,3,4,0,1,8,3
0,1,60,4,8,11,0,1,12,0
1,0,29,4,1,1,0,1,14,1
1,1,14,2,1,0,0,1,22,1
1,0,120,10,6,30,0,1,13,1
1,0,54,5,4,4,0,1,7,1
1,1,26,4,2,0,0,1,40,3
1,1,33,3,3,1,0,1,8,1
0,0,87,7,11,12,0,1,9,1
1,0,66,7,8,3,0,1,61,1
1,0,30,3,4,1,0,1,55,1
1,1,13,1,1,1,0,1,85,4
1,0,36,4,3,3,0,1,5,0
0,0,101,10,13,23,0,1,3,0
1,1,74,6,5,3,0,1,8,1
0,0,20,3,1,1,0,1,22,1
1,1,19,2,1,1,0,1,44,4
0,1,38,1,9,7,0,1,8,1
0,0,33,4,2,6,0,1,11,1
1,1,12,1,0,0,0,1,3,0
1,0,13,2,2,0,0,1,11,1
0,0,12,1,1,0,0,1,14,1
0,0,46,5,1,6,0,1,4,1
1,1,45,6,1,10,0,1,8,1
1,1,51,7,3,14,0,1,9,1
1,1,58,1,0,12,0,1,24,5
0,1,13,3,0,0,0,1,10,1
1,1,36,6,4,1,0,1,21,1
0,0,77,9,8,11,0,1,16,1
1,1,17,1,7,0,0,1,10,1
1,0,20,3,2,0,0,1,13,1
0,1,32,1,3,0,0,1,8,0
1,0,27,4,1,2,0,1,10,1
0,1,43,7,4,7,0,1,3,1
0,0,11,2,1,0,0,1,7,0
0,1,18,1,1,4,0,1,47,4
1,1,36,5,3,2,0,1,13,1
0,0,15,2,1,1,0,1,9,2
0,0,30,2,1,3,0,1,7,0
1,0,40,4,6,11,0,1,14,2
0,0,16,1,4,1,0,1,13,1
0,1,123,2,11,13,0,1,3,1
0,1,18,1,2,0,0,1,36,5
1,0,16,2,2,2,0,1,12,1
1,1,7,2,0,1,0,1,5,0
0,1,46,5,3,4,0,1,24,1
0,1,25,2,2,7,0,1,14,1
1,1,52,7,3,11,0,1,10,1
0,0,10,1,2,2,0,1,9,1
0,1,15,1,3,0,0,1,10,1
1,1,71,11,5,15,0,1,5,1
1,0,24,4,1,2,0,1,20,1
1,1,30,4,3,1,0,1,11,1
0,1,26,3,4,3,0,1,9,0
0,1,10,2,0,0,0,1,9,0
0,0,42,5,1,15,0,1,12,1
1,0,36,7,4,8,0,1,13,0
1,1,27,1,7,6,0,1,16,0
1,1,47,3,7,6,0,1,9,1
1,1,20,3,2,0,0,1,9,1
0,1,68,2,12,2,0,1,32,2
0,0,16,2,1,0,0,1,16,1
0,0,49,3,1,3,0,1,33,1
0,1,37,3,7,0,0,1,8,0
0,0,75,8,3,14,0,1,7,0
0,0,8,1,1,1,0,1,8,0
1,0,57,4,7,5,0,1,8,0
0,0,25,1,0,0,0,1,7,0
0,0,65,7,8,5,0,1,22,1
1,1,7,1,0,0,0,1,13,1
0,0,13,1,2,0,0,1,7,0
0,1,99,1,15,0,0,1,15,1
0,0,83,11,4,7,0,1,13,1
0,0,21,2,1,2,0,1,14,0
0,1,38,5,4,0,0,1,28,2
1,0,70,1,6,0,0,1,15,1
0,1,20,2,1,0,0,1,11,1
1,1,25,2,2,5,0,1,19,2
0,1,12,1,2,2,0,1,4,1
0,0,18,2,0,1,0,1,12,1
1,1,9,1,1,0,0,1,8,0
0,0,28,2,4,0,0,1,22,1
1,1,13,1,3,2,0,1,3,1
0,1,54,6,3,4,0,1,14,0
0,1,13,2,1,0,0,1,3,0
0,0,14,2,0,1,0,1,7,0
1,0,106,12,7,5,0,1,10,1
0,0,154,19,6,11,0,1,25,1
1,1,51,4,4,0,0,1,10,1
0,1,61,5,1,9,0,1,26,1
1,0,10,1,0,1,0,1,33,4
1,0,30,3,3,7,0,1,4,0
0,0,57,5,7,4,0,1,19,2
0,1,18,2,2,1,0,1,10,0
0,1,18,1,5,1,0,1,8,0
1,0,10,1,2,0,0,1,19,1
1,1,58,4,2,2,0,1,9,1
1,0,18,3,0,1,0,1,12,0
1,1,15,2,1,0,0,1,13,1
0,0,28,1,4,0,0,1,11,0
0,0,27,3,3,2,0,1,10,1
0,0,17,2,2,2,0,1,20,2
0,1,20,1,4,0,0,1,14,1
1,1,7,1,1,2,0,1,11,1
0,0,18,1,5,3,0,1,9,1
1,1,13,2,0,0,0,1,46,2
0,0,23,3,2,0,0,1,6,0
0,1,27,2,2,1,0,1,11,1
0,0,11,1,2,0,0,1,11,0
0,0,23,1,4,1,0,1,10,0
0,0,16,2,0,0,0,1,9,0
1,1,35,5,2,2,0,1,11,1
0,0,86,2,11,3,0,1,6,0
1,0,28,3,4,4,0,1,5,1
0,0,7,1,1,0,0,1,11,1
0,0,21,2,2,0,0,1,7,1
0,0,31,3,4,2,0,1,8,1
0,0,14,1,0,1,0,1,7,0
0,0,60,8,4,1,0,1,10,1
0,1,19,2,3,0,0,1,9,1
1,1,76,6,13,0,0,1,8,1
0,0,12,1,1,0,0,1,12,1
0,1,12,1,3,1,0,1,10,1
1,1,23,1,6,1,0,1,33,0
1,1,26,3,3,2,0,1,31,2
1,0,13,2,0,0,0,1,7,0
0,1,10,1,2,0,0,1,6,0
1,0,56,6,4,3,0,1,9,1
0,0,16,3,1,1,0,1,12,1
0,0,47,7,1,15,0,1,9,1
0,1,9,1,2,1,0,1,9,1
0,1,16,1,5,2,0,1,14,1
0,1,8,1,3,0,0,1,15,0
1,1,8,1,0,0,0,1,9,0
0,1,27,4,2,0,0,1,11,1
1,0,91,8,6,10,0,1,14,1
1,1,22,5,0,2,0,1,10,1
0,0,26,1,5,4,0,1,24,2
0,1,39,5,5,2,0,1,5,0
1,1,82,8,2,2,0,1,25,2
1,0,11,1,1,2,0,1,9,1
1,1,10,2,1,0,0,1,19,0
0,0,25,3,1,1,0,1,11,1
1,0,12,1,1,3,0,1,5,0
0,0,14,2,2,0,0,1,15,2
0,0,13,1,4,1,0,1,6,0
1,0,75,4,10,8,0,1,13,2
0,1,25,3,1,0,0,1,27,1
0,1,43,2,4,1,0,1,6,0
1,0,174,2,13,39,0,1,7,0
1,0,19,2,2,0,0,1,7,0
1,1,23,2,2,2,0,1,8,0
0,0,28,6,1,0,0,1,14,2
1,1,71,8,4,0,0,1,40,2
1,1,36,7,3,2,0,1,5,1
0,0,31,5,2,1,0,1,12,1
1,1,23,2,5,2,0,1,3,0
1,1,8,1,2,0,0,1,4,0
0,1,23,1,7,4,0,1,10,1
0,1,32,4,2,4,0,1,10,1
1,1,43,5,1,1,0,1,8,0
1,0,91,9,9,10,0,1,23,2
0,1,36,1,5,13,0,1,7,0
0,1,15,1,3,7,0,1,17,1
0,1,26,2,1,11,0,1,18,1
1,1,58,7,1,15,0,1,6,1
0,1,84,11,1,5,0,1,8,0
1,1,15,2,1,2,0,1,9,1
0,1,18,3,0,0,0,1,10,1
0,1,15,2,2,0,0,1,19,0
0,0,94,9,5,5,0,1,10,1
0,0,47,3,4,4,0,1,11,0
1,1,35,4,4,6,0,1,8,1
0,0,59,4,6,3,0,1,24,2
1,1,25,3,2,3,0,1,6,0
1,1,40,6,4,1,0,1,7,0
1,1,28,2,3,2,0,1,14,0
1,0,60,5,3,8,0,1,11,1
0,1,58,3,4,4,0,1,11,1
0,1,26,2,4,0,0,1,25,1
1,1,64,8,4,8,0,1,7,1
0,0,56,6,6,4,0,1,11,0
0,1,30,6,1,0,0,1,21,2
0,1,49,7,5,0,0,1,22,1
0,1,31,2,6,5,0,1,18,5
0,0,54,2,5,5,0,1,8,1
1,0,20,1,3,0,0,1,12,0
0,1,10,1,2,2,0,1,5,0
0,0,61,6,5,1,0,1,10,1
1,1,24,2,3,2,0,1,13,1
1,0,20,4,0,0,0,1,8,0
0,0,13,1,3,0,0,1,34,2
1,1,81,6,7,1,0,1,40,2
0,0,13,2,0,0,0,1,11,1
0,0,14,2,2,0,0,1,22,1
0,0,16,4,0,0,0,1,22,2
1,0,28,4,3,2,0,1,5,1
0,0,9,1,2,0,0,1,10,0
0,0,9,1,1,0,0,1,16,1
0,0,30,1,7,7,0,1,7,1
0,1,10,1,3,0,0,1,13,2
1,0,12,2,1,0,0,1,23,4
0,0,14,2,0,1,0,1,12,1
1,1,17,3,1,2,0,1,8,1
1,1,87,4,6,0,0,1,18,1
1,1,77,6,7,1,0,1,5,1
0,0,89,4,7,5,0,1,7,0
1,0,16,2,1,2,0,1,13,0
1,0,125,9,13,23,0,1,10,0
1,0,85,8,3,2,0,1,10,1
0,0,9,2,1,0,0,1,5,1
0,1,31,4,5,2,0,1,10,1
0,1,41,3,8,0,0,1,5,0
0,0,7,1,1,1,0,1,5,1
1,1,17,4,0,1,0,1,12,0
0,0,12,2,0,1,0,1,11,0
1,1,26,4,2,0,0,1,8,0
1,0,22,4,1,2,0,1,7,1
1,1,90,3,10,16,0,1,8,0
0,0,26,3,3,0,0,1,9,1
0,0,26,5,1,0,0,1,47,5
0,0,29,4,4,3,0,1,5,1
1,1,4,1,0,0,0,1,12,1
1,1,44,7,3,2,0,1,73,4
0,1,18,1,3,1,0,1,36,0
1,1,84,6,6,8,0,1,5,1
0,1,28,1,1,9,0,1,4,1
1,1,82,5,11,13,0,1,10,1
0,0,34,3,1,16,0,1,9,1
1,1,33,5,3,1,0,1,6,0
0,0,16,3,1,0,0,1,17,2
0,0,19,2,1,2,0,1,59,4
1,0,79,11,7,0,0,1,12,1
1,0,68,3,10,0,0,1,13,1
0,0,14,1,1,0,0,1,8,1
1,1,59,11,1,8,0,1,8,1
1,1,74,7,2,15,0,1,7,1
0,0,48,2,7,6,0,1,10,1
0,1,145,2,9,0,0,1,4,0
0,1,13,2,1,0,0,1,4,1
0,1,15,1,2,1,0,1,20,3
0,0,22,3,0,1,0,1,9,1
0,1,17,2,7,0,0,1,10,0
0,0,46,3,5,0,0,1,30,2
0,0,46,5,1,5,0,1,3,0
1,0,24,3,1,6,0,1,15,1
0,1,12,1,2,1,0,1,11,2
0,1,8,1,0,0,0,1,13,0
1,0,24,3,2,0,0,1,12,2
1,1,91,1,5,0,0,1,8,0
0,0,52,1,8,1,0,1,43,4
1,0,81,2,3,28,0,1,52,4
0,0,38,3,4,2,0,1,11,1
0,0,37,5,3,0,0,1,4,1
0,0,20,1,1,6,0,1,8,1
0,0,13,1,1,0,0,1,31,0
1,0,12,2,1,0,0,1,6,1
0,1,9,1,4,1,0,1,11,1
0,0,33,4,3,0,0,1,7,0
0,1,40,3,5,5,0,1,9,1
0,0,22,4,2,1,0,1,13,1
0,1,25,2,1,2,0,1,5,0
0,1,20,2,3,0,0,1,11,0
0,1,42,4,5,1,0,1,33,3
0,0,17,2,0,3,0,1,13,1
1,0,62,4,9,28,0,1,26,1
1,0,111,1,7,3,0,1,8,0
1,0,25,2,3,0,0,1,6,1
0,0,18,2,1,1,0,1,11,1
1,1,75,4,5,0,0,1,32,1
1,1,18,4,1,0,0,1,7,1
1,1,11,1,1,1,0,1,63,3
1,0,33,6,1,0,0,1,8,1
1,1,69,1,5,0,0,1,7,0
1,1,120,15,5,20,0,1,17,1
0,1,21,2,4,0,0,1,7,1
1,1,55,5,5,15,0,1,4,1
1,1,53,6,2,6,0,1,13,1
1,0,21,2,1,1,0,1,14,1
0,0,33,1,6,5,0,1,18,2
0,1,14,1,2,4,0,1,20,2
0,1,61,6,6,1,0,1,5,1
0,0,8,1,1,0,0,1,8,1
1,0,9,1,1,0,0,1,4,1
0,1,46,2,6,5,0,1,9,1
1,1,27,2,3,3,0,1,17,2
1,1,89,4,15,5,0,1,4,0
0,0,15,1,1,3,0,1,13,1
0,1,38,1,7,9,0,1,4,0
0,0,45,5,5,3,0,1,9,1
1,0,121,9,6,27,0,1,10,0
0,1,16,1,2,0,0,1,12,0
0,0,12,1,1,0,0,1,13,0
1,1,17,2,0,2,0,1,5,0
1,0,43,4,4,7,0,1,27,3
1,0,60,8,5,2,0,1,10,0
0,1,23,4,0,7,0,1,23,0
1,1,31,2,4,2,0,1,4,1
0,0,19,2,1,2,0,1,10,0
1,0,112,12,1,10,0,1,8,0
0,1,18,3,0,1,0,1,5,1
0,1,17,3,2,1,0,1,2,0
1,0,8,1,1,1,0,1,6,1
0,0,54,5,4,7,0,1,7,1
0,1,21,4,2,0,0,1,7,0
1,1,29,3,7,0,0,1,34,3
0,1,23,3,1,3,0,1,7,0
1,1,23,2,1,2,0,1,3,0
1,1,87,3,17,9,0,1,19,1
1,1,38,3,1,4,0,1,6,0
1,1,17,1,5,0,0,1,29,1
0,0,77,5,6,5,0,1,8,1
0,0,28,4,0,0,0,1,9,1
1,0,17,3,2,0,0,1,11,0
1,0,25,2,1,2,0,1,2,0
1,0,183,1,4,0,0,1,7,0
0,1,21,2,2,0,0,1,32,11
1,1,15,2,1,0,0,1,11,1
0,0,189,14,10,15,0,1,10,1
0,1,65,7,9,7,0,1,9,1
0,1,13,1,1,3,0,1,6,0
0,0,16,1,4,2,0,1,17,2
0,0,29,5,0,1,0,1,11,1
0,0,11,1,2,0,0,1,10,1
0,0,51,5,9,3,0,1,8,1
1,0,20,2,2,0,0,1,10,1
0,1,62,8,4,3,0,1,26,2
0,1,38,3,5,1,0,1,10,1
1,0,93,7,6,10,0,1,5,0
0,0,40,5,4,1,0,1,12,1
1,1,44,5,1,2,0,1,10,0
1,0,61,1,6,0,0,1,22,1
1,0,9,1,0,1,0,1,4,1
1,1,28,3,4,2,0,1,4,0
1,1,15,1,2,0,0,1,6,0
0,0,23,1,3,4,0,1,6,0
0,1,21,3,2,1,0,1,46,0
1,1,78,4,8,7,0,1,43,1
0,0,44,4,4,0,0,1,46,3
1,1,13,2,1,0,0,1,14,1
1,0,44,2,5,2,0,1,1,0
1,1,30,3,3,1,0,1,25,1
1,0,71,8,8,10,0,1,4,0
0,1,44,4,5,1,0,1,11,1
0,0,24,2,1,1,0,1,10,0
0,1,28,6,1,5,0,1,5,1
0,0,70,5,5,3,0,1,7,0
0,0,28,3,5,6,0,1,5,1
1,1,119,7,10,0,0,1,9,1
0,0,11,1,3,1,0,1,6,1
1,1,17,3,1,1,0,1,4,0
1,0,25,3,1,1,0,1,12,0
1,1,19,2,1,0,0,1,10,0
1,0,61,1,3,0,0,1,2,0
0,1,14,2,1,0,0,1,60,2
0,1,42,5,4,5,0,1,8,1
1,1,50,8,2,0,0,1,39,1
1,1,54,5,3,7,0,1,18,1
0,1,43,2,5,0,0,1,16,1
0,0,13,1,1,3,0,1,35,2
0,1,92,4,9,12,0,1,10,1
0,0,69,1,8,13,0,1,12,1
1,0,33,1,10,0,0,1,10,1
1,1,111,5,15,4,0,1,16,0
0,0,59,6,4,8,0,1,8,1
0,1,12,1,1,1,0,1,35,2
0,0,23,1,2,8,0,1,8,1
0,0,20,2,1,3,0,1,11,1
0,1,29,5,1,2,0,1,5,1
0,0,8,1,1,1,0,1,5,0
1,1,27,4,1,0,0,1,10,1
0,1,65,5,4,7,0,1,12,1
0,0,10,1,2,0,0,1,3,0
0,0,14,3,0,0,0,1,7,1
1,1,39,3,2,3,0,1,36,3
1,1,16,3,1,0,0,1,6,1
1,0,42,7,2,2,0,1,5,0
1,1,42,4,1,4,0,1,5,1
1,1,44,3,3,5,0,1,17,3
1,1,10,1,1,0,0,1,15,1
1,0,79,10,1,12,0,1,3,0
1,1,54,5,3,15,0,1,6,1
1,1,39,4,5,2,0,1,5,1
0,0,9,1,1,0,0,1,14,3
0,1,7,1,0,0,0,1,15,1
0,0,42,5,0,1,0,1,10,0
1,0,161,16,15,9,0,1,17,3
1,1,60,3,9,4,0,1,52,0
0,0,11,3,0,1,0,1,13,1
0,0,6,1,2,2,0,1,5,1
1,0,46,1,15,13,0,1,13,1
0,0,15,1,2,0,0,1,17,1
0,1,13,2,0,0,0,1,9,1
0,1,9,1,1,0,0,1,6,1
0,0,4,1,1,0,0,1,6,0
0,0,14,1,4,3,0,1,5,0
1,1,107,1,3,0,0,1,7,0
1,1,17,1,4,4,0,1,3,0
0,0,14,2,0,0,0,1,12,1
0,1,12,1,0,2,0,1,11,2
0,0,31,5,1,0,0,1,7,1
0,1,12,1,1,0,0,1,4,0
0,0,30,2,2,1,0,1,9,3
1,0,42,3,5,3,0,1,5,1
0,0,35,3,0,6,0,1,4,1
0,1,29,2,5,2,0,1,13,1
1,1,23,1,2,0,0,1,25,1
0,0,44,3,3,4,0,1,13,1
0,1,11,3,0,0,0,1,8,0
1,0,29,4,2,1,0,1,8,1
1,1,10,2,0,1,0,1,8,0
1,1,14,1,0,1,0,1,34,0
0,1,6,1,0,0,0,1,12,1
1,1,13,2,1,1,0,1,13,0
0,1,59,5,1,8,0,1,16,1
1,1,28,1,9,0,0,1,10,1
0,0,61,4,3,4,0,1,2,0
0,0,12,2,2,0,0,1,11,1
1,1,27,3,3,3,0,1,8,1
1,0,9,1,0,0,0,1,12,2
0,0,11,2,1,0,0,1,5,0
0,1,23,2,4,4,0,1,6,1
1,1,29,1,8,0,0,1,11,0
1,0,85,5,11,7,0,1,10,0
0,1,11,1,1,0,0,1,5,0
1,0,101,13,7,6,0,1,8,1
1,0,29,4,1,0,0,1,15,1
1,1,19,2,1,2,0,1,5,0
1,0,59,4,15,8,0,1,3,1
1,1,35,3,6,2,0,1,7,1
1,1,12,1,1,1,0,1,9,1
1,0,104,8,2,12,0,1,7,0
0,0,11,1,0,0,0,1,14,1
0,1,24,3,3,0,0,1,12,1
1,0,44,1,2,12,0,1,5,0
0,1,22,3,1,1,0,1,8,1
1,0,63,1,13,1,0,1,10,0
0,1,11,2,0,1,0,1,8,1
1,0,74,3,8,0,0,1,20,2
0,0,9,1,1,0,0,1,13,0
0,1,47,7,2,0,0,1,20,1
0,0,15,1,4,2,0,1,6,1
1,1,19,1,6,0,0,1,5,1
1,0,109,12,8,13,0,1,8,1
1,1,12,1,1,0,0,1,30,3
1,1,66,3,4,14,0,1,8,1
0,0,18,2,1,2,0,1,39,0
1,1,11,1,2,2,0,1,6,1
1,1,52,4,7,9,0,1,6,1
0,1,28,2,3,2,0,1,7,1
0,1,30,1,1,4,0,1,13,1
1,0,21,4,1,1,0,1,15,1
1,1,59,4,20,6,0,1,10,1
1,1,15,1,2,3,0,1,9,1
1,0,57,5,5,5,0,1,57,6
1,1,24,2,4,0,0,1,8,1
0,0,95,10,15,13,0,1,8,3
1,1,10,1,2,0,0,1,5,1
0,1,22,2,3,1,0,1,7,1
0,0,31,3,4,0,0,1,10,1
1,0,26,4,1,0,0,1,6,1
1,0,44,6,2,6,0,1,10,1
1,0,19,2,2,0,0,1,7,1
0,1,25,2,2,2,0,1,34,2
1,1,34,5,4,6,0,1,9,2
1,0,27,3,2,1,0,1,5,1
1,0,10,1,2,0,0,1,14,1
1,1,13,3,0,0,0,1,13,0
0,0,32,4,3,2,0,1,6,1
1,0,117,2,14,0,0,1,13,1
1,1,84,7,2,7,0,1,9,2
0,0,66,7,7,6,0,1,4,1
0,0,13,2,1,0,0,1,11,0
0,0,18,3,2,0,0,1,27,2
0,0,16,2,4,2,0,1,6,0
0,0,43,7,2,2,0,1,9,1
1,1,279,1,16,6,0,1,8,0
1,1,51,5,6,5,0,1,58,4
1,0,72,7,7,6,0,1,5,0
0,0,42,4,1,3,0,1,6,1
0,0,96,4,10,11,0,1,27,3
0,1,18,2,2,0,0,1,18,1
1,0,51,7,4,7,0,1,14,0
1,1,74,10,15,14,0,1,3,0
1,1,31,5,0,1,0,1,15,1
1,1,31,4,3,2,0,1,6,1
0,1,8,1,1,0,0,1,20,2
1,0,79,9,10,2,0,1,5,1
1,1,14,2,1,3,0,1,14,1
1,0,49,3,6,5,0,1,9,0
0,0,12,3,0,0,0,1,10,1
1,1,25,1,3,6,0,1,13,1
1,1,24,2,2,2,0,1,7,0
0,0,39,2,5,3,0,1,8,1
1,1,127,13,5,7,0,1,38,5
1,0,29,4,1,2,0,1,8,1
0,0,15,1,4,0,0,1,8,1
1,1,10,1,0,0,0,1,8,0
1,1,54,6,5,6,0,1,5,1
1,0,40,5,1,3,0,1,7,0
0,1,19,1,4,2,0,1,12,1
1,1,19,1,3,3,0,1,8,1
1,0,17,3,1,1,0,1,11,0
0,1,30,5,0,1,0,1,21,1
1,1,82,10,7,9,0,1,6,0
0,1,8,2,0,0,0,1,6,1
0,0,4,1,0,0,0,1,17,2
1,1,20,3,1,0,0,1,51,4
1,1,13,1,5,4,0,1,10,0
1,1,12,2,1,0,0,1,11,1
0,0,10,2,1,0,0,1,4,0
1,0,21,2,1,3,0,1,10,1
0,1,19,2,1,2,0,1,20,0
0,0,13,1,2,0,0,1,9,1
0,0,12,2,1,0,0,1,35,3
1,1,36,5,3,3,0,1,22,0
1,1,13,1,3,1,0,1,8,1
1,1,78,3,3,12,0,1,6,1
0,0,107,5,16,12,0,1,10,1
0,1,41,3,4,5,0,1,1,0
0,0,108,12,4,30,0,1,5,0
0,1,17,2,1,0,0,1,11,1
0,0,79,5,8,8,0,1,27,1
0,0,35,5,0,3,0,1,9,1
1,1,8,1,0,1,0,1,5,1
0,1,34,1,5,6,0,1,14,0
0,0,61,6,6,3,0,1,19,0
1,1,18,3,0,0,0,1,9,0
1,0,115,12,13,20,0,1,69,0
0,0,90,10,9,3,0,1,58,2
0,0,7,1,0,0,0,1,5,1
0,0,10,1,2,0,0,1,10,1
0,0,22,3,1,2,0,1,14,1
0,1,14,1,1,3,0,1,7,0
0,1,14,3,0,1,0,1,10,0
0,0,44,2,9,8,0,1,6,1
0,1,6,1,0,2,0,1,9,1
0,0,15,2,1,0,0,1,6,1
0,1,10,1,2,0,0,1,7,1
0,0,72,10,6,0,0,1,10,1
0,0,21,2,1,2,0,1,2,0
0,0,25,3,1,0,0,1,12,0
0,1,23,2,3,0,0,1,14,1
0,0,20,3,2,1,0,1,18,1
0,1,17,1,2,0,0,1,57,4
1,1,15,2,2,3,0,1,16,1
0,0,10,1,2,1,0,1,39,3
0,0,16,2,3,1,0,1,4,1
0,1,37,1,2,9,0,1,16,1
0,0,16,2,3,3,0,1,17,1
0,0,57,6,3,10,0,1,6,1
1,1,58,3,3,8,0,1,34,1
0,0,9,1,1,0,0,1,6,0
1,1,36,5,3,1,0,1,8,1
0,0,50,4,5,12,0,1,8,0
0,0,34,1,10,0,0,1,18,2
1,0,97,12,6,0,0,1,7,0
0,1,88,2,18,8,0,1,10,0
1,1,27,2,2,2,0,1,8,1
0,0,8,1,1,1,0,1,9,1
0,1,82,8,10,20,0,1,7,0
1,1,55,8,5,1,0,1,9,0
0,1,25,3,3,0,0,1,25,1
1,0,124,7,12,22,0,1,9,1
1,0,37,4,5,3,0,1,12,1
0,1,10,1,2,1,0,1,33,1
0,0,51,10,2,0,0,1,31,3
1,1,30,4,2,1,0,1,11,1
0,1,65,4,2,2,0,1,19,1
0,1,20,2,2,0,0,1,45,1
0,0,44,6,4,0,0,1,29,1
1,1,40,3,5,7,0,1,6,0
0,0,7,2,0,0,0,1,6,1
1,1,9,1,0,0,0,1,4,1
0,0,18,2,0,0,0,1,5,0
1,0,51,5,7,0,0,1,12,1
1,1,24,1,1,2,0,1,37,3
1,1,23,3,5,0,0,1,8,0
0,0,9,1,1,0,0,1,14,1
0,0,37,2,8,2,0,1,9,1
1,1,15,1,1,5,0,1,10,0
1,1,17,1,3,1,0,1,8,1
0,0,14,2,1,0,0,1,5,0
0,1,12,2,0,0,0,1,31,3
1,1,42,4,7,1,0,1,10,0
0,1,20,2,5,3,0,1,26,0
1,0,66,3,1,7,0,1,5,0
1,1,33,4,2,0,0,1,12,1
1,1,52,3,5,2,0,1,17,1
0,0,31,2,5,4,0,1,6,0
0,0,22,3,1,0,0,1,39,4
0,0,31,3,4,3,0,1,15,2
0,0,28,2,3,5,0,1,28,1
1,0,45,4,2,0,0,1,9,1
0,1,14,2,1,0,0,1,10,1
1,1,13,3,0,0,0,1,19,3
1,0,51,6,1,0,0,1,13,1
0,1,20,2,1,0,0,1,37,2
1,1,9,1,1,1,0,1,7,1
0,0,13,4,0,1,0,1,5,1
0,1,20,2,6,3,0,1,10,2
0,0,99,12,3,27,0,1,66,4
0,0,9,1,1,0,0,1,11,1
0,0,25,1,2,7,0,1,13,0
0,1,59,8,4,4,0,1,9,1
0,0,47,7,3,7,0,1,27,0
1,0,32,3,1,2,0,1,47,2
1,0,49,4,5,0,0,1,11,1
0,0,13,1,1,1,0,1,6,1
1,0,74,1,12,0,0,1,15,1
1,1,50,4,7,1,0,1,8,1
1,0,135,10,10,13,0,1,3,0
0,0,15,2,2,0,0,1,12,2
0,1,26,1,3,0,0,1,8,1
0,1,28,2,7,5,0,1,30,6
1,1,53,4,3,6,0,1,7,1
1,1,43,4,7,2,0,1,11,1
1,1,30,4,1,1,0,1,9,1
0,0,14,2,3,0,0,1,6,0
0,1,41,5,4,11,0,1,6,0
0,1,10,1,1,0,0,1,7,1
0,1,7,1,0,0,0,1,7,0
1,1,33,5,1,1,0,1,18,1
1,1,53,3,4,2,0,1,33,2
0,1,21,1,2,4,0,1,35,2
0,1,33,3,3,1,0,1,10,1
0,1,80,5,5,6,0,1,20,1
0,1,50,3,8,4,0,1,44,3
0,0,42,1,5,3,0,1,8,1
0,0,9,1,1,0,0,1,18,0
0,1,10,1,1,0,0,1,10,0
1,1,8,1,1,0,0,1,7,1
0,0,11,1,1,0,0,1,34,0
0,0,28,2,2,2,0,1,13,1
0,0,7,1,0,0,0,1,9,1
1,0,71,9,5,9,0,1,4,0
1,0,87,18,2,2,0,1,11,1
1,1,14,1,4,1,0,1,8,1
1,1,58,7,6,11,0,1,22,1
1,1,28,5,2,4,0,1,16,1
0,1,15,1,3,1,0,1,67,3
0,0,18,1,4,0,0,1,13,2
0,1,21,2,4,0,0,1,11,1
0,1,23,2,3,0,0,1,14,1
0,0,32,4,3,3,0,1,14,1
0,1,109,9,10,16,0,1,6,1
0,1,14,1,1,2,0,1,3,0
1,0,33,5,3,0,0,1,9,0
1,0,18,4,0,0,0,1,6,0
0,0,83,5,6,2,0,1,7,0
0,0,18,3,1,1,0,1,31,1
0,0,9,2,0,0,0,1,11,1
0,0,66,7,4,7,0,1,12,0
1,1,143,1,21,20,0,1,4,0
0,1,27,1,2,2,0,1,9,0
0,1,34,2,1,12,0,1,22,2
0,0,23,4,1,2,0,1,19,0
0,0,47,5,5,4,0,1,54,1
1,0,25,2,2,3,0,1,4,0
0,1,24,4,1,7,0,1,9,1
1,1,9,1,1,0,0,1,10,1
0,1,12,2,0,0,0,1,3,0
0,0,37,1,4,0,0,1,32,3
1,1,61,2,17,8,0,1,7,0
0,0,15,1,2,3,0,1,2,1
0,1,12,2,0,0,0,1,19,1
1,1,32,5,3,2,0,1,21,1
1,1,87,10,9,1,0,1,12,3
0,0,16,2,5,0,0,1,33,1
0,0,24,2,7,1,0,1,11,1
0,0,32,1,6,0,0,1,8,0
0,0,20,1,6,0,0,1,19,1
0,0,31,4,3,6,0,1,29,3
0,0,19,3,1,0,0,1,4,0
1,0,14,2,1,0,0,1,12,1
1,0,115,12,10,8,0,1,1,1
0,0,10,1,1,2,0,1,6,1
1,0,74,7,10,1,0,1,9,1
0,1,20,3,0,1,0,1,7,1
0,1,8,1,0,0,0,1,12,1
0,0,45,4,1,5,0,1,5,1
1,1,67,2,8,21,0,1,8,1
0,0,113,7,9,12,0,1,18,1
0,0,15,1,1,2,0,1,19,1
1,1,14,2,2,0,0,1,11,0
1,0,20,1,3,3,0,1,10,1
0,1,38,5,4,1,0,1,11,0
0,0,97,9,4,2,0,1,21,0
1,0,69,6,4,3,0,1,10,1
1,0,71,12,1,0,0,1,15,0
1,1,96,15,5,2,0,1,13,1
1,1,9,1,1,0,0,1,8,1
1,1,18,3,2,0,0,1,16,1
0,1,17,1,5,3,0,1,14,1
1,1,17,2,2,0,0,1,8,1
0,1,20,1,1,0,0,1,5,0
0,0,23,2,7,3,0,1,8,1
0,0,36,5,7,3,0,1,7,0
0,0,16,3,0,0,0,1,11,1
0,1,13,3,0,0,0,1,11,2
0,1,8,1,1,0,0,1,59,3
1,0,128,12,9,17,0,1,7,1
1,0,75,9,6,6,0,1,7,1
0,0,16,3,1,0,0,1,22,1
1,1,64,5,9,4,0,1,7,0
1,1,27,3,1,4,0,1,6,0
1,0,14,1,4,1,0,1,8,0
0,0,9,1,0,0,0,1,10,1
1,1,16,1,3,0,0,1,9,0
1,0,14,1,1,3,0,1,4,0
0,1,63,3,12,1,0,1,9,1
1,0,49,2,11,12,0,1,10,0
0,0,11,2,1,1,0,1,4,0
1,1,12,1,1,0,0,1,8,1
0,0,45,1,3,26,0,1,4,1
0,0,35,5,1,0,0,1,22,2
1,0,56,5,5,9,0,1,17,1
0,1,14,1,3,2,0,1,5,0
0,0,9,1,2,2,0,1,5,0
1,0,24,4,3,0,0,1,9,0
0,1,18,1,5,2,0,1,12,4
1,1,39,6,4,2,0,1,11,0
0,0,112,4,12,2,0,1,22,3
0,1,9,1,0,0,0,1,16,1
0,1,56,7,6,9,0,1,71,6
1,1,35,4,1,3,0,1,17,1
1,1,11,1,1,1,0,1,5,0
1,1,21,2,1,6,0,1,27,2
1,0,72,5,6,0,0,1,15,1
0,0,42,4,4,5,0,1,7,1
1,1,40,3,4,0,0,1,22,2
1,0,17,3,2,0,0,1,12,1
0,1,24,3,2,2,0,1,2,0
1,0,20,3,3,0,0,1,7,0
1,0,37,1,9,8,0,1,3,0
1,1,76,6,5,10,0,1,4,0
0,0,20,2,2,1,0,1,5,1
1,0,151,12,11,14,0,1,24,1
1,1,11,1,1,2,0,1,9,0
1,1,36,6,2,3,0,1,10,0
1,1,25,2,0,2,0,1,14,1
0,0,27,3,2,1,0,1,7,0
1,1,20,2,1,1,0,1,8,1
1,0,54,7,6,2,0,1,34,1
1,1,30,3,2,3,0,1,8,1
1,1,128,11,6,0,0,1,3,0
0,0,47,5,1,4,0,1,7,0
1,1,16,2,1,0,0,1,9,1
0,0,23,4,1,0,0,1,13,1
1,1,15,2,0,2,0,1,33,12
0,0,10,2,1,1,0,1,5,1
1,1,5,1,0,0,0,1,14,3
1,0,133,15,5,4,0,1,81,3
1,1,22,4,2,2,0,1,9,0
1,0,15,2,1,3,0,1,9,1
1,1,17,2,2,0,0,1,15,1
0,1,12,1,2,0,0,1,27,2
1,0,63,5,6,2,0,1,5,1
1,1,20,1,6,0,0,1,5,0
0,0,49,2,15,6,0,1,10,1
1,1,20,2,3,3,0,1,14,0
0,0,29,3,1,2,0,1,9,0
0,0,36,2,4,3,0,1,7,1
0,1,72,9,9,13,0,1,49,2
0,0,17,4,0,3,0,1,4,1
1,1,68,11,7,1,0,1,7,1
1,0,30,6,0,13,0,1,11,1
1,1,14,1,0,0,0,1,30,1
0,1,20,2,1,0,0,1,10,1
0,1,110,9,12,3,0,1,10,0
0,1,24,2,2,0,0,1,36,2
0,0,15,4,1,0,0,1,15,1
1,0,38,4,8,7,0,1,5,1
0,1,17,3,1,0,0,1,23,0
1,1,89,9,8,4,0,1,5,1
1,1,70,5,1,15,0,1,6,0
1,1,46,6,2,1,0,1,7,0
1,1,13,2,1,0,0,1,22,1
0,0,25,2,3,3,0,1,11,1
0,1,18,2,3,1,0,1,11,0
0,0,13,2,2,0,0,1,11,0
0,0,27,3,1,1,0,1,11,1
1,0,57,1,9,2,0,1,11,1
1,0,44,3,7,6,0,1,9,1
1,1,21,1,5,4,0,1,8,1
0,1,21,1,7,3,0,1,6,1
0,0,9,1,1,3,0,1,7,1
1,0,18,2,4,1,0,1,9,0
0,0,43,4,5,2,0,1,5,0
0,1,17,2,1,4,0,1,11,1
0,1,24,3,2,0,0,1,10,1
1,0,32,5,2,0,0,1,27,2
1,1,15,2,3,2,0,1,9,0
1,0,61,4,7,7,0,1,3,0
1,0,72,12,14,12,0,1,17,0
1,0,6,1,1,0,0,1,6,1
1,0,41,5,5,0,0,1,37,2
0,1,14,1,2,0,0,1,14,0
0,1,8,1,0,0,0,1,8,1
0,1,37,1,6,20,0,1,11,0
1,1,12,2,0,0,0,1,12,1
0,1,67,6,12,3,0,1,13,1
0,1,35,2,5,9,0,1,22,1
0,0,15,1,1,0,0,1,9,1
1,0,54,4,3,4,0,1,34,2
0,0,6,1,0,2,0,1,8,0
1,1,50,4,7,7,0,1,3,0
1,0,78,3,7,4,0,1,5,1
0,0,8,1,0,0,0,1,8,1
1,0,8,1,0,0,0,1,7,1
1,1,61,8,5,0,0,1,8,1
1,0,12,1,4,0,0,1,9,1
1,0,39,2,6,1,0,1,14,2
1,1,91,10,12,0,0,1,15,1
1,1,10,1,1,0,0,1,12,1
0,1,98,7,11,12,0,1,77,0
0,0,59,10,5,3,0,1,6,1
0,1,8,2,1,0,0,1,18,1
1,0,6,1,1,0,0,1,6,0
0,0,34,5,3,3,0,1,11,1
1,0,111,15,5,6,0,1,12,0
0,1,27,1,4,2,0,1,43,1
1,0,76,12,2,1,0,1,11,0
0,1,12,3,0,2,0,1,13,0
1,1,59,4,4,3,0,1,4,1
0,0,5,1,0,0,0,1,9,1
1,1,81,5,7,4,0,1,9,1
1,1,7,1,3,0,0,1,4,0
0,0,23,2,2,1,0,1,10,0
1,1,69,9,11,0,0,1,9,1
1,0,14,3,2,0,0,1,48,2
0,1,6,1,1,0,0,1,12,1
0,0,9,1,0,2,0,1,14,1
1,0,46,9,0,1,0,1,3,0
0,0,16,2,1,2,0,1,11,1
0,0,38,5,2,0,0,1,12,1
1,1,13,1,1,3,0,1,10,1
1,1,31,3,0,2,0,1,6,0
1,0,31,4,2,3,0,1,21,1
1,1,17,1,4,2,0,1,17,2
1,1,9,1,2,0,0,1,4,1
1,1,89,8,7,43,0,1,11,1
1,1,15,2,0,1,0,1,7,1
1,1,10,3,0,0,0,1,17,1
1,0,27,1,3,0,0,1,14,0
0,1,16,1,6,1,0,1,36,4
1,1,122,5,7,0,0,1,13,2
0,0,18,2,2,2,0,1,9,1
0,0,18,2,1,0,0,1,3,0
0,0,79,10,3,10,0,1,29,3
0,1,44,4,3,0,0,1,11,1
0,0,17,2,1,3,0,1,6,0
1,0,73,12,7,2,0,1,8,0
0,0,21,3,2,0,0,1,11,1
1,1,15,1,2,0,0,1,18,1
1,0,26,2,2,1,0,1,11,2
0,1,27,1,3,2,0,1,46,1
0,0,11,1,2,0,0,1,6,0
1,0,26,2,2,3,0,1,10,0
0,1,53,4,5,0,0,1,13,1
1,0,7,1,1,0,0,1,5,1
0,0,47,2,1,1,0,1,16,1
0,1,61,1,6,0,0,1,13,1
0,0,61,4,4,8,0,1,21,2
0,1,34,3,3,3,0,1,29,3
1,0,32,4,3,1,0,1,13,1
1,0,14,2,1,1,0,1,8,0
0,1,18,3,1,0,0,1,9,1
0,1,45,2,2,10,0,1,16,1
1,1,21,2,2,0,0,1,30,2
1,1,22,3,4,0,0,1,4,0
0,0,9,1,0,0,0,1,55,4
1,0,33,5,3,1,0,1,13,0
0,0,10,1,0,0,0,1,41,2
1,1,15,2,1,1,0,1,13,1
1,1,20,2,1,0,0,1,6,1
1,0,129,1,2,57,0,1,15,0
1,1,10,2,1,0,0,1,12,1
1,1,24,3,0,2,0,1,16,1
1,1,17,3,0,2,0,1,14,0
0,0,22,2,4,0,0,1,13,2
1,1,41,3,12,0,0,1,10,0
1,1,7,1,2,2,0,1,12,1
0,1,34,3,1,9,0,1,14,0
0,0,30,4,2,1,0,1,9,1
1,1,33,4,3,3,0,1,5,1
0,0,50,5,1,1,0,1,4,0
1,0,84,1,2,18,0,1,9,1
1,0,16,1,3,0,0,1,11,1
1,0,103,4,7,5,0,1,4,1
1,0,44,1,5,2,0,1,35,2
0,0,41,5,5,0,0,1,42,3
0,0,20,2,5,1,0,1,17,1
1,0,18,1,2,3,0,1,51,1
1,1,28,4,0,7,0,1,19,1
1,0,77,9,0,5,0,1,2,1
1,1,21,4,2,2,0,1,9,1
1,0,13,1,2,3,0,1,10,1
0,0,43,4,4,0,0,1,5,1
0,1,16,2,0,0,0,1,3,0
1,0,96,5,7,9,0,1,12,1
1,1,17,2,2,0,0,1,8,0
0,0,76,8,16,2,0,1,22,2
1,1,67,5,5,8,0,1,13,0
0,0,27,4,1,0,0,1,7,1
0,0,14,2,1,1,0,1,10,0
1,1,43,6,1,3,0,1,7,1
1,0,103,15,17,5,0,1,27,4
1,1,68,5,2,5,0,1,10,0
1,0,34,1,1,0,0,1,16,1
0,0,49,3,6,6,0,1,8,0
1,1,53,8,6,6,0,1,8,1
1,0,42,5,4,0,0,1,21,2
0,1,28,5,2,0,0,1,34,1
0,1,21,3,1,1,0,1,10,1
0,0,16,2,1,0,0,1,6,0
0,1,33,4,3,0,0,1,13,1
0,1,15,3,1,2,0,1,28,2
1,0,12,2,1,0,0,1,26,2
0,1,33,5,1,0,0,1,29,0
0,0,14,1,3,1,0,1,9,1
1,0,21,2,1,0,0,1,5,1
0,1,52,5,4,6,0,1,11,1
1,1,76,10,9,9,0,1,14,2
0,1,16,1,5,0,0,1,7,1
1,0,45,7,3,0,0,1,11,1
0,1,10,1,1,1,0,1,14,1
1,0,66,6,9,6,0,1,2,0
1,0,25,3,2,1,0,1,23,1
0,0,10,1,2,1,0,1,11,1
0,1,18,1,1,0,0,1,9,0
0,0,48,6,2,5,0,1,25,2
0,0,31,3,7,3,0,1,6,1
0,0,13,3,2,1,0,1,4,0
0,0,55,9,3,8,0,1,4,0
0,0,31,4,2,2,0,1,13,1
0,1,10,1,0,0,0,1,19,2
1,1,55,2,9,0,0,1,7,1
1,1,58,7,5,5,0,1,5,0
0,0,16,1,0,1,0,1,5,1
1,1,67,6,12,5,0,1,17,1
0,0,27,3,1,2,0,1,6,0
0,0,18,2,1,2,0,1,6,0
1,1,64,10,5,1,0,1,5,1
1,1,16,2,1,2,0,1,7,0
0,1,75,8,5,2,0,1,7,1
1,0,69,4,11,1,0,1,12,0
0,1,106,5,20,28,0,1,70,5
1,0,25,1,7,5,0,1,6,1
0,1,27,2,3,4,0,1,6,1
1,1,50,5,6,1,0,1,6,1
1,1,14,2,0,1,0,1,9,1
0,0,24,2,3,0,0,1,13,0
0,0,34,1,7,3,0,1,9,1
1,1,38,4,9,6,0,1,11,1
0,0,62,2,9,0,0,1,8,1
1,1,26,2,2,1,0,1,13,1
0,0,19,2,2,0,0,1,8,0
1,1,11,2,1,0,0,1,3,0
0,1,12,1,4,0,0,1,10,1
1,1,13,1,1,0,0,1,17,1
0,0,29,3,1,1,0,1,5,0
1,1,38,7,1,0,0,1,15,1
1,1,33,2,1,1,0,1,7,1
0,0,19,1,9,7,0,1,35,5
1,1,41,4,4,0,0,1,26,2
0,0,25,3,3,1,0,1,13,1
0,1,50,1,21,0,0,1,20,1
0,0,20,3,3,0,0,1,22,2
0,0,12,2,1,0,0,1,6,0
0,1,16,1,3,2,0,1,10,0
0,1,24,2,1,5,0,1,7,1
0,1,18,1,4,1,0,1,13,1
1,0,10,1,2,0,0,1,6,0
1,1,44,4,4,4,0,1,42,2
0,0,23,1,4,1,0,1,33,3
1,1,104,11,6,11,0,1,13,1
0,0,13,2,1,1,0,1,19,0
1,0,46,3,7,1,0,1,4,0
0,0,11,1,1,0,0,1,10,0
0,1,31,2,2,10,0,1,9,0
1,0,55,1,6,0,0,1,8,1
1,1,12,2,2,0,0,1,27,1
1,1,51,7,1,8,0,1,14,1
0,0,11,1,2,3,0,1,42,8
0,0,19,1,8,0,0,1,8,1
0,1,21,2,1,2,0,1,2,0
1,1,43,5,2,0,0,1,19,1
0,0,21,1,1,4,0,1,9,0
0,0,49,4,6,1,0,1,29,1
0,1,19,3,0,0,0,1,6,1
1,0,15,3,0,0,0,1,4,1
0,1,22,4,0,2,0,1,13,0
1,0,49,1,10,6,0,1,14,1
0,1,13,1,1,0,0,1,22,2
1,1,43,5,2,2,0,1,13,1
1,1,48,7,6,2,0,1,7,1
0,1,26,4,2,0,0,1,56,5
1,0,67,4,10,7,0,1,6,1
1,0,136,9,9,18,0,1,4,0
0,1,11,3,0,1,0,1,6,0
0,0,34,5,2,1,0,1,13,1
1,1,47,7,3,2,0,1,6,1
0,0,104,1,2,0,0,1,7,0
0,1,8,1,0,2,0,1,4,1
1,1,50,4,5,1,0,1,27,0
0,1,68,5,7,2,0,1,15,1
0,1,37,2,6,1,0,1,14,0
0,0,89,9,6,2,0,1,17,1
0,1,27,1,8,1,0,1,8,0
0,0,6,1,1,0,0,1,10,1
1,1,31,2,4,4,0,1,21,1
1,1,90,7,10,17,0,1,7,1
0,1,31,2,1,6,0,1,17,2
1,0,61,5,5,7,0,1,7,1
1,1,59,4,15,1,0,1,5,1
1,0,105,7,13,0,0,1,15,1
1,1,30,2,3,0,0,1,16,1
0,1,17,3,1,0,0,1,18,0
0,0,12,2,2,2,0,1,8,1
0,1,9,2,0,0,0,1,10,1
1,1,20,2,1,2,0,1,9,0
0,1,93,3,15,4,0,1,16,2
1,0,14,3,1,1,0,1,10,0
0,1,16,3,1,2,0,1,10,1
0,1,11,2,0,0,0,1,9,1
0,1,38,5,5,7,0,1,22,2
0,0,105,7,11,11,0,1,18,1
0,1,27,2,1,2,0,1,2,0
0,1,76,5,6,6,0,1,7,1
0,0,18,4,0,0,0,1,21,0
0,0,72,4,4,12,0,1,14,1
0,1,36,1,3,0,0,1,14,0
0,0,39,4,4,10,0,1,15,1
0,1,22,3,1,0,0,1,5,0
0,1,64,3,15,5,0,1,12,1
1,1,12,2,0,0,0,1,17,2
0,0,11,1,1,1,0,1,19,0
0,0,95,5,16,7,0,1,19,1
1,0,38,6,1,8,0,1,10,1
0,0,37,5,1,2,0,1,15,1
0,1,52,2,8,0,0,1,15,0
0,1,10,2,1,0,0,1,15,0
0,0,39,4,6,5,0,1,8,1
0,0,12,1,3,0,0,1,7,1
0,1,21,1,5,2,0,1,9,1
0,0,16,2,4,0,0,1,9,1
1,1,12,1,0,4,0,1,14,0
0,0,50,11,2,0,0,1,6,1
1,1,29,1,4,6,0,1,3,0
0,0,14,2,0,0,0,1,6,1
1,1,40,5,5,4,0,1,10,2
0,0,19,1,1,0,0,1,5,0
1,1,13,1,4,0,0,1,6,0
0,1,8,1,1,0,0,1,7,1
1,1,9,1,2,0,0,1,3,0
1,1,25,5,1,3,0,1,21,2
1,0,17,2,2,1,0,1,7,1
0,0,62,6,3,11,0,1,21,1
0,1,20,3,1,2,0,1,6,0
0,1,13,2,2,1,0,1,3,0
0,0,34,4,1,1,0,1,8,0
0,1,9,1,2,2,0,1,8,1
1,0,34,5,3,5,0,1,12,1
0,0,52,1,6,0,0,1,22,2
1,1,22,4,0,3,0,1,10,1
0,0,103,5,9,8,0,1,32,3
0,1,47,3,6,0,0,1,10,1
0,0,41,1,4,15,0,1,8,0
0,0,27,4,2,3,0,1,39,2
1,0,38,4,0,6,0,1,2,0
1,0,37,4,2,4,0,1,8,0
1,1,52,1,7,11,0,1,49,4
1,1,29,2,2,1,0,1,10,1
0,0,18,1,3,0,0,1,13,2
1,0,21,2,1,2,0,1,16,0
1,1,92,10,15,21,0,1,10,1
1,1,22,2,2,4,0,1,10,2
1,1,9,2,1,1,0,1,14,1
0,0,59,9,2,2,0,1,13,1
0,0,21,3,1,0,0,1,8,1
1,0,43,3,10,5,0,1,12,0
0,0,36,2,5,0,0,1,5,0
0,1,23,2,1,1,0,1,8,0
0,0,18,2,2,0,0,1,12,1
1,1,47,8,9,1,0,1,14,0
1,0,95,11,4,0,0,1,24,0
0,0,9,1,2,0,0,1,10,2
1,1,14,1,1,2,0,1,13,1
1,1,26,2,5,0,0,1,6,0
1,1,6,1,1,0,0,1,5,1
0,0,61,8,6,1,0,1,7,1
0,0,16,3,0,3,0,1,20,1
1,0,17,3,1,3,0,1,8,1
1,0,18,4,1,0,0,1,4,1
0,0,31,3,3,0,0,1,6,0
1,1,25,3,5,2,0,1,29,2
1,1,26,4,2,0,0,1,25,3
1,0,63,5,4,5,0,1,15,1
1,0,8,1,1,0,0,1,33,2
0,1,12,2,1,0,0,1,13,0
0,1,77,7,8,5,0,1,27,3
0,1,15,2,2,1,0,1,17,1
0,1,13,2,0,0,0,1,31,2
1,1,24,3,1,4,0,1,48,2
0,1,19,1,5,0,0,1,11,1
0,0,28,2,2,1,0,1,11,1
1,1,28,2,5,2,0,1,8,1
0,1,62,3,4,12,0,1,6,1
0,1,38,6,6,1,0,1,42,2
1,1,18,1,3,4,0,1,17,1
1,1,50,7,2,1,0,1,28,1
0,0,37,3,0,1,0,1,10,1
1,1,6,1,2,2,0,1,5,1
0,0,36,3,3,2,0,1,3,0
1,0,61,4,7,22,0,1,13,1
1,1,28,4,2,0,0,1,26,3
0,1,31,4,3,2,0,1,3,0
1,1,36,3,4,0,0,1,8,1
1,0,89,12,9,3,0,1,27,1
1,1,34,2,3,3,0,1,8,1
1,0,10,2,1,0,0,1,18,1
1,0,95,4,23,0,0,1,28,1
0,0,15,2,2,1,0,1,7,0
0,1,14,1,3,0,0,1,10,1
0,0,15,3,0,0,0,1,7,0
1,1,134,1,8,2,0,1,7,0
0,0,10,1,0,0,0,1,12,0
1,1,13,1,4,1,0,1,19,3
1,0,20,2,0,1,0,1,6,1
1,1,94,8,19,14,0,1,8,2
1,1,114,12,10,21,0,1,22,3
1,0,90,4,15,7,0,1,6,1
1,1,75,10,10,5,0,1,14,0
0,0,18,4,0,0,0,1,5,0
1,1,8,1,0,0,0,1,7,0
1,1,88,7,17,2,0,1,14,1
1,1,34,3,6,3,0,1,10,1
1,1,39,7,5,2,0,1,8,1
0,0,6,1,0,0,0,1,9,0
0,1,40,5,4,0,0,1,7,0
0,0,51,5,1,2,0,1,5,1
0,0,14,2,0,1,0,1,7,1
1,1,22,1,2,4,0,1,6,1
1,0,110,7,17,11,0,1,10,1
1,1,39,3,4,4,0,1,4,1
1,1,43,3,2,2,0,1,3,0
1,0,30,4,3,2,0,1,10,0
0,1,89,8,8,9,0,1,19,2
0,1,27,6,0,0,0,1,10,1
1,1,22,4,3,1,0,1,33,3
0,1,10,1,1,1,0,1,12,1
0,1,57,1,11,5,0,1,3,0
1,0,89,4,17,0,0,1,15,1
0,0,34,2,4,1,0,1,9,0
0,1,15,1,2,0,0,1,7,1
0,0,37,2,6,1,0,1,8,0
0,0,36,2,4,2,0,1,4,1
1,1,19,1,6,1,0,1,5,1
1,0,102,14,8,1,0,1,25,2
0,1,52,5,4,12,0,1,9,0
1,0,48,6,2,0,0,1,12,0
1,0,36,4,3,2,0,1,17,1
0,0,41,2,3,3,0,1,6,1
0,0,19,2,2,3,0,1,13,1
1,1,31,1,0,0,0,1,7,0
1,1,10,1,0,0,0,1,18,1
1,1,16,1,3,4,0,1,15,1
0,1,47,3,6,1,0,1,14,1
1,1,27,4,1,5,0,1,19,1
1,1,25,4,1,1,0,1,11,0
1,1,11,1,1,1,0,1,9,1
0,0,41,1,1,0,0,1,7,0
1,1,124,12,6,15,0,1,19,2
0,0,19,4,1,3,0,1,4,1
1,1,24,2,3,1,0,1,10,1
0,0,28,3,3,2,0,1,5,1
0,1,25,2,2,2,0,1,7,0
1,1,52,7,2,1,0,1,5,0
1,1,11,1,0,2,0,1,11,1
0,1,41,3,3,1,0,1,4,1
1,1,19,4,0,1,0,1,9,0
1,1,159,13,11,4,0,1,11,0
1,0,15,3,1,0,0,1,11,0
0,0,14,2,1,1,0,1,16,1
1,1,70,1,3,1,0,1,8,0
1,1,42,5,5,4,0,1,11,1
0,1,43,5,4,1,0,1,27,2
1,1,14,1,3,2,0,1,15,0
0,1,52,5,4,0,0,1,8,1
0,1,25,2,2,0,0,1,10,1
0,0,7,1,3,0,0,1,3,0
1,1,62,5,5,9,0,1,13,1
0,1,30,2,3,2,0,1,32,0
1,1,20,3,2,0,0,1,12,1
0,0,18,3,2,0,0,1,76,6
1,1,129,9,8,17,0,1,66,0
0,1,23,2,3,0,0,1,20,2
1,1,25,1,4,1,0,1,11,1
1,1,13,1,1,0,0,1,60,2
1,1,26,1,4,3,0,1,48,9
1,0,64,7,7,5,0,1,19,1
0,1,33,4,5,0,0,1,10,1
0,0,24,2,3,2,0,1,6,0
1,0,21,3,2,1,0,1,12,0
1,0,174,17,11,6,0,1,25,0
1,1,15,2,1,0,0,1,19,3
0,1,24,4,4,0,0,1,15,0
1,0,25,4,1,0,0,1,8,1
0,1,11,3,1,0,0,1,10,1
1,0,32,2,2,4,0,1,5,0
0,0,28,4,2,1,0,1,10,1
1,0,23,1,3,0,0,1,7,0
1,0,103,3,19,8,0,1,11,1
1,0,70,11,3,6,0,1,12,0
1,0,16,2,1,4,0,1,20,2
0,1,37,2,4,2,0,1,25,2
0,0,27,3,5,4,0,1,10,2
0,0,8,1,1,2,0,1,8,0
0,0,20,1,6,4,0,1,7,1
1,1,31,3,3,0,0,1,9,0
0,0,15,3,0,1,0,1,6,1
1,0,38,6,3,0,0,1,10,2
0,0,17,1,2,2,0,1,7,1
0,0,14,1,1,1,0,1,6,1
0,1,9,1,1,0,0,1,28,2
1,0,10,1,2,0,0,1,25,1
0,1,26,3,3,1,0,1,6,0
1,1,16,2,3,0,0,1,8,0
1,1,15,1,3,0,0,1,18,2
1,0,97,3,2,1,0,1,28,1
0,0,27,6,1,0,0,1,9,1
1,1,128,15,7,18,0,1,12,0
1,0,104,17,6,4,0,1,11,2
1,0,114,13,12,9,0,1,13,2
1,0,159,12,5,9,0,1,7,0
0,0,24,2,3,2,0,1,11,0
0,1,42,2,5,3,0,1,8,0
0,1,21,1,5,0,0,1,16,1
1,1,82,13,4,13,0,1,78,7
0,0,45,4,6,2,0,1,4,0
1,0,49,5,3,3,0,1,2,0
1,0,52,3,7,0,0,1,4,1
1,1,25,2,2,1,0,1,9,1
0,0,26,2,4,8,0,1,7,0
1,1,103,8,4,5,0,1,34,2
0,0,7,1,1,0,0,1,12,0
0,1,73,8,7,0,0,1,8,1
0,1,57,5,1,3,0,1,15,1
1,1,77,11,7,5,0,1,26,2
1,0,45,5,4,2,0,1,20,1
1,0,29,3,7,3,0,1,6,0
1,1,49,4,6,13,0,1,58,6
1,1,24,2,1,1,0,1,5,1
1,1,16,2,1,0,0,1,7,1
0,0,51,6,9,8,0,1,8,0
0,1,15,1,0,1,0,1,7,1
0,1,26,3,1,1,0,1,7,1
0,0,28,6,1,0,0,1,20,2
0,0,15,1,6,0,0,1,9,1
0,0,60,1,16,2,0,1,6,1
1,1,12,2,0,0,0,1,6,0
1,0,15,2,2,3,0,1,9,1
1,1,88,7,5,26,0,1,5,1
1,1,17,1,4,2,0,1,6,1
1,0,10,1,3,0,0,1,8,0
0,1,16,3,0,0,0,1,31,2
1,1,70,2,4,14,0,1,4,1
0,0,7,2,0,0,0,1,8,1
0,0,32,1,5,4,0,1,9,1
0,1,8,1,2,0,0,1,12,1
0,1,14,2,0,2,0,1,23,3
0,1,10,1,1,1,0,1,9,1
1,0,55,6,5,8,0,1,28,1
0,0,93,2,7,8,0,1,22,4
0,1,5,1,0,0,0,1,27,5
1,1,32,1,0,0,0,1,21,1
1,0,70,1,15,20,0,1,15,0
1,1,17,2,3,2,0,1,5,1
1,0,20,2,1,1,0,1,15,1
1,1,17,1,3,0,0,1,17,1
1,1,65,3,7,0,0,1,7,1
1,0,10,2,0,0,0,1,8,1
0,1,17,2,1,1,0,1,6,1
0,1,21,2,2,1,0,1,7,0
0,0,80,3,7,11,0,1,12,1
0,0,29,4,2,1,0,1,12,1
0,0,53,2,8,0,0,1,10,1
1,1,6,1,0,0,0,1,33,1
1,1,78,6,12,7,0,1,8,0
1,1,32,3,1,3,0,1,7,0
1,0,83,12,3,2,0,1,54,3
1,0,58,5,5,1,0,1,6,1
1,1,75,10,6,18,0,1,26,3
0,1,45,2,2,0,0,1,5,0
1,1,25,2,2,5,0,1,17,1
1,1,11,1,3,0,0,1,9,1
0,0,9,1,3,3,0,1,9,1
0,0,27,3,2,0,0,1,11,0
1,1,21,1,3,2,0,1,28,0
0,0,24,3,4,0,0,1,8,1
0,0,15,2,2,1,0,1,13,2
1,0,97,5,13,0,0,1,3,1
1,1,30,5,4,0,0,1,9,1
0,0,40,2,4,0,0,1,6,1
0,1,23,2,0,2,0,1,35,0
0,0,60,9,4,6,0,1,12,1
1,0,29,1,0,0,0,1,6,0
1,1,56,4,11,7,0,1,47,1
1,0,86,7,6,3,0,1,10,1
0,0,50,3,12,8,0,1,11,1
0,0,68,4,10,17,0,1,6,0
0,0,51,2,4,5,0,1,6,1
0,0,11,1,2,0,0,1,10,1
0,0,12,2,0,1,0,1,12,1
1,1,29,2,7,0,0,1,11,0
1,1,14,1,2,0,0,1,14,0
1,0,91,13,7,4,0,1,5,0
1,0,48,10,1,3,0,1,7,1
1,1,18,1,3,0,0,1,43,2
1,0,67,4,9,2,0,1,8,1
1,0,15,1,2,0,0,1,5,0
1,1,139,7,17,29,0,1,16,0
1,1,37,2,4,0,0,1,12,0
0,0,46,4,7,7,0,1,12,1
1,0,20,2,4,2,0,1,6,1
0,0,70,6,5,17,0,1,3,1
1,0,31,3,3,2,0,1,8,1
1,1,64,8,6,2,0,1,7,0
1,1,16,1,2,3,0,1,4,0
0,0,6,1,0,1,0,1,7,0
1,1,85,5,3,4,0,1,10,1
0,0,34,2,7,2,0,1,5,1
0,1,34,1,6,9,0,1,5,0
1,0,60,6,6,2,0,1,4,1
0,0,28,3,2,5,0,1,2,0
0,1,13,2,1,2,0,1,29,4
0,0,8,1,0,1,0,1,61,4
0,0,11,1,1,0,0,1,8,1
0,1,13,1,1,1,0,1,49,2
1,1,8,1,0,1,0,1,9,1
0,1,18,2,5,0,0,1,9,1
0,0,92,10,7,5,0,1,12,1
1,1,50,8,5,4,0,1,7,1
0,1,51,4,5,0,0,1,14,1
1,0,27,2,3,2,0,1,16,2
0,1,42,4,0,1,0,1,8,1
0,0,74,9,7,17,0,1,16,1
0,1,67,7,12,7,0,1,12,1
1,0,41,7,4,0,0,1,23,3
0,0,18,1,4,1,0,1,5,1
1,0,50,7,1,4,0,1,15,1
1,0,22,1,7,3,0,1,17,2
1,1,40,5,3,6,0,1,21,1
1,1,52,6,6,2,0,1,20,2
1,1,18,1,3,2,0,1,7,0
0,0,13,1,0,0,0,1,35,2
1,0,14,2,1,0,0,1,24,2
0,1,46,4,1,1,0,1,59,2
1,0,58,5,6,10,0,1,11,1
1,0,13,2,2,1,0,1,40,3
0,1,17,2,1,0,0,1,9,0
0,0,106,13,8,14,0,1,29,2
0,0,59,5,5,2,0,1,13,1
1,1,63,4,11,7,0,1,7,1
0,0,56,3,7,1,0,1,20,1
0,0,22,2,5,2,0,1,4,1
1,0,105,14,6,10,0,1,13,2
0,0,46,4,4,8,0,1,3,0
0,1,26,3,3,0,0,1,5,0
0,0,42,1,8,0,0,1,8,0
0,1,6,1,0,0,0,1,5,1
0,0,16,2,2,1,0,1,11,1
0,0,14,2,1,0,0,1,14,0
0,1,26,3,2,1,0,1,35,4
0,0,16,3,1,0,0,1,20,1
1,0,10,1,1,0,0,1,62,4
0,0,14,2,0,0,0,1,4,1
0,0,19,1,5,2,0,1,12,0
0,0,5,1,2,0,0,1,14,1
1,0,69,8,6,1,0,1,27,1
1,1,58,3,8,7,0,1,6,0
1,0,20,2,5,1,0,1,12,1
1,1,24,2,5,1,0,1,6,1
1,1,67,6,4,6,0,1,10,1
1,1,50,8,3,2,0,1,15,1
1,0,27,1,7,0,0,1,11,1
0,1,14,3,1,0,0,1,3,1
0,0,48,6,6,3,0,1,11,1
1,1,36,7,2,0,0,1,10,0
0,0,76,5,14,14,0,1,4,0
0,1,25,2,0,1,0,1,10,1
0,1,24,2,4,2,0,1,23,2
0,0,73,4,8,7,0,1,14,1
0,0,19,4,0,0,0,1,15,1
0,0,67,5,2,8,0,1,8,1
1,0,9,1,2,0,0,1,17,1
0,0,53,3,5,2,0,1,5,1
1,1,53,4,9,0,0,1,16,1
0,1,25,3,3,2,0,1,13,1
1,0,119,10,12,7,0,1,5,1
1,0,46,2,4,1,0,1,8,1
1,1,27,1,6,6,0,1,6,1
0,1,21,1,2,0,0,1,14,2
0,0,93,7,12,43,0,1,4,1
1,1,10,1,1,0,0,1,18,2
1,0,34,1,3,10,0,1,8,1
1,0,101,1,9,10,0,1,7,0
0,0,10,1,0,1,0,1,4,1
1,0,46,6,5,4,0,1,10,1
1,1,17,1,4,4,0,1,16,1
0,0,60,4,12,3,0,1,6,0
1,1,8,1,0,0,0,1,5,1
0,0,12,1,1,0,0,1,13,1
0,0,64,3,3,9,0,1,8,1
1,0,8,1,0,0,0,1,9,1
0,1,17,1,0,0,0,1,6,0
0,0,10,1,3,0,0,1,9,1
0,1,13,1,2,1,0,1,10,1
0,0,10,1,1,1,0,1,5,1
0,0,28,2,5,2,0,1,8,1
0,0,18,3,1,0,0,1,7,0
0,0,5,1,0,0,0,1,8,0
1,0,11,2,0,1,0,1,9,0
1,1,22,1,4,2,0,1,14,0
1,0,24,1,2,6,0,1,4,1
1,1,34,2,7,1,0,1,7,0
1,1,32,3,2,11,0,1,5,0
0,0,95,8,5,7,0,1,38,2
1,0,36,5,3,1,0,1,7,1
1,1,32,2,0,2,0,1,11,1
1,1,27,1,3,1,0,1,54,3
0,0,71,5,3,2,0,1,5,0
0,1,18,2,1,3,0,1,7,0
0,0,13,2,2,0,0,1,10,0
1,0,54,5,2,12,0,1,10,1
1,1,46,6,3,2,0,1,8,0
0,0,9,1,1,0,0,1,6,1
0,1,34,3,4,2,0,1,10,1
0,0,21,1,3,0,0,1,11,0
1,1,33,3,5,1,0,1,21,3
1,0,28,5,1,1,0,1,13,2
1,1,23,4,1,0,0,1,6,1
0,0,15,1,1,3,0,1,7,1
1,1,57,3,3,2,0,1,5,1
0,0,58,7,7,14,0,1,65,3
0,0,50,7,5,1,0,1,15,1
0,1,24,5,2,1,0,1,20,2
1,0,94,3,4,4,0,1,52,3
0,0,39,6,5,0,0,1,56,4
0,0,15,1,7,2,0,1,15,1
0,1,13,3,1,0,0,1,13,1
0,1,12,2,1,1,0,1,12,1
0,1,21,1,4,0,0,1,31,1
0,0,82,7,5,1,0,1,9,1
0,0,30,2,5,6,0,1,22,2
0,0,35,3,3,1,0,1,7,0
0,1,21,3,2,1,0,1,28,2
1,1,39,1,2,9,0,1,20,1
1,1,52,6,9,2,0,1,52,2
1,1,10,1,1,2,0,1,7,1
0,1,30,2,4,1,0,1,20,2
1,0,16,1,6,0,0,1,9,0
1,0,59,7,1,6,0,1,6,1
1,0,10,1,4,0,0,1,9,1
1,0,29,1,5,5,0,1,8,1
0,0,29,4,2,3,0,1,12,1
1,1,63,6,4,2,0,1,8,1
0,1,34,5,5,0,0,1,6,1
0,1,12,2,0,0,0,1,12,2
0,1,33,4,4,3,0,1,15,0
1,0,45,5,4,6,0,1,7,1
0,0,27,2,8,0,0,1,13,1
0,1,46,5,2,9,0,1,10,1
0,0,13,2,1,1,0,1,15,0
1,1,14,2,1,0,0,1,4,0
1,0,70,1,12,14,0,1,8,1
1,0,42,5,3,3,0,1,12,1
0,0,31,1,2,9,0,1,7,0
1,0,9,1,3,0,0,1,6,1
0,1,13,1,1,2,0,1,10,2
1,0,132,12,4,2,0,1,8,0
0,0,56,6,3,1,0,1,16,0
0,0,8,1,0,0,0,1,8,1
1,0,42,8,3,0,0,1,3,0
1,1,62,7,3,22,0,1,11,1
0,0,53,6,4,6,0,1,10,0
0,0,73,4,3,9,0,1,4,0
1,1,25,2,6,7,0,1,11,1
1,1,11,1,1,0,0,1,12,1
0,1,35,3,8,3,0,1,4,0
1,1,27,3,1,0,0,1,11,0
1,1,87,6,8,18,0,1,10,1
0,0,42,7,2,4,0,1,4,1
1,0,9,1,2,0,0,1,5,1
0,0,49,3,1,8,0,1,23,2
0,1,43,3,5,12,0,1,5,0
0,0,51,8,7,0,0,1,13,0
0,0,20,1,7,0,0,1,13,0
0,1,19,2,2,1,0,1,35,3
1,1,98,9,9,12,0,1,12,1
0,1,17,2,2,0,0,1,8,1
0,0,82,3,14,1,0,1,11,1
1,0,51,6,3,7,0,1,22,0
0,0,44,4,4,7,0,1,8,0
0,0,17,1,3,0,0,1,5,1
0,1,76,6,5,23,0,1,9,1
1,1,12,1,2,0,0,1,2,0
1,0,32,5,3,6,0,1,29,1
0,1,8,1,1,1,0,1,10,1
1,1,12,1,2,2,0,1,10,1
0,0,18,3,3,0,0,1,13,1
1,0,12,2,2,1,0,1,10,1
0,1,13,1,2,0,0,1,6,0
0,0,14,2,0,0,0,1,29,2
1,1,83,8,8,5,0,1,6,0
0,1,27,3,1,1,0,1,14,1
0,1,8,1,0,0,0,1,97,4
0,1,11,1,4,0,0,1,9,1
0,0,6,1,0,0,0,1,10,1
0,0,65,6,4,9,0,1,14,1
0,0,56,8,6,0,0,1,12,1
1,0,84,12,7,6,0,1,10,1
1,1,20,3,0,0,0,1,11,1
0,1,26,2,1,0,0,1,19,0
1,1,122,10,13,7,0,1,5,0
0,0,22,3,1,0,0,1,17,2
0,0,10,1,0,0,0,1,6,1
0,1,24,2,2,3,0,1,66,3
1,0,116,11,6,22,0,1,8,1
0,0,41,7,5,2,0,1,3,0
1,0,37,5,3,2,0,1,19,1
0,0,20,2,5,0,0,1,24,2
1,1,24,4,2,2,0,1,10,1
0,0,23,2,0,1,0,1,11,1
0,1,48,5,7,1,0,1,5,0
0,1,19,2,1,0,0,1,8,1
1,0,30,4,2,1,0,1,18,1
0,1,42,3,9,2,0,1,5,0
0,0,10,1,3,1,0,1,7,1
1,1,11,1,1,0,0,1,33,2
0,0,40,4,3,0,0,1,1,0
0,1,12,1,2,0,0,1,57,4
0,0,29,2,2,2,0,1,12,1
1,0,35,2,5,1,0,1,13,1
0,0,19,2,3,1,0,1,10,1
0,0,29,2,3,1,0,1,12,1
1,1,36,4,0,2,0,1,7,1
0,0,50,3,2,7,0,1,7,1
1,1,20,2,0,1,0,1,8,1
1,0,31,4,2,1,0,1,21,1
0,0,14,2,3,2,0,1,10,1
1,0,34,4,7,2,0,1,24,0
1,1,62,8,3,7,0,1,4,1
0,1,7,1,0,0,0,1,22,1
1,1,16,2,1,0,0,1,6,1
1,1,9,1,1,1,0,1,24,1
1,0,41,5,4,13,0,1,11,2
0,0,120,14,8,6,0,1,34,3
1,1,18,2,3,1,0,1,6,1
0,1,39,3,6,3,0,1,54,6
1,1,52,8,3,2,0,1,5,1
0,0,32,4,2,2,0,1,11,1
0,0,9,1,1,2,0,1,10,0
1,0,70,5,6,9,0,1,9,1
0,1,58,5,3,0,0,1,30,1
0,1,34,2,4,3,0,1,12,1
1,1,18,1,2,3,0,1,16,0
0,1,22,2,2,1,0,1,21,2
1,0,163,17,1,15,0,1,10,1
0,0,42,3,5,0,0,1,8,0
0,0,19,2,3,1,0,1,16,2
0,1,26,2,0,2,0,1,10,0
1,0,13,2,0,0,0,1,6,1
1,1,134,20,3,5,0,1,3,0
1,1,80,6,9,10,0,1,12,1
0,0,53,6,4,1,0,1,4,1
0,0,9,1,1,0,0,1,7,0
1,1,11,1,3,0,0,1,4,0
0,1,22,4,1,3,0,1,9,0
1,0,12,1,2,0,0,1,6,1
0,0,128,11,9,20,0,1,26,1
1,1,15,1,3,4,0,1,26,2
1,1,48,6,5,1,0,1,13,1
0,0,23,3,3,1,0,1,6,1
1,1,38,3,6,2,0,1,11,1
0,1,16,1,1,2,0,1,12,0
0,1,8,1,2,1,0,1,8,1
0,1,33,3,1,2,0,1,20,2
0,0,28,2,2,3,0,1,4,1
0,0,26,5,1,1,0,1,11,0
0,0,28,3,2,1,0,1,8,1
0,1,42,2,10,5,0,1,60,8
0,0,23,3,2,0,0,1,8,1
1,1,64,3,6,1,0,1,18,3
0,1,6,1,2,0,0,1,11,0
1,0,44,2,11,0,0,1,5,1
1,1,106,8,9,13,0,1,9,0
1,1,38,3,5,3,0,1,7,0
1,1,8,1,1,0,0,1,3,0
0,0,68,6,3,4,0,1,39,4
1,0,71,4,5,2,0,1,18,0
0,0,16,2,1,4,0,1,29,3
1,0,55,9,3,17,0,1,6,1
1,1,68,6,7,4,0,1,16,0
0,0,23,3,2,0,0,1,13,2
0,0,45,6,5,1,0,1,15,1
0,0,7,1,0,0,0,1,18,1
0,0,11,1,1,1,0,1,18,0
0,0,10,1,0,0,0,1,36,5
1,1,60,8,2,3,0,1,20,1
0,0,59,5,8,1,0,1,37,3
1,0,11,1,1,0,0,1,20,1
1,0,21,2,3,1,0,1,10,1
1,1,17,1,3,0,0,1,28,4
0,1,22,3,3,3,0,1,27,1
0,0,12,2,1,1,0,1,9,1
0,1,16,1,1,0,0,1,7,1
0,1,9,1,0,0,0,1,8,0
0,0,16,3,0,1,0,1,13,1
1,1,30,5,1,2,0,1,4,1
0,1,9,1,1,0,0,1,14,1
0,1,24,2,2,0,0,1,6,1
0,1,15,2,1,4,0,1,8,1
0,1,16,2,1,0,0,1,32,2
0,0,25,1,1,1,0,1,2,0
0,1,25,4,3,4,0,1,27,3
0,0,18,3,0,0,0,1,10,1
0,0,20,2,0,1,0,1,6,0
0,0,18,1,1,0,0,1,5,1
0,0,61,9,6,10,0,1,10,1
0,0,20,3,1,2,0,1,7,1
1,0,58,10,3,2,0,1,34,2
0,0,16,2,2,2,0,1,14,0
1,1,75,2,9,10,0,1,3,0
1,1,120,7,22,15,0,1,5,1
0,1,12,2,1,0,0,1,23,2
0,1,15,1,1,4,0,1,4,0
0,1,71,8,9,5,0,1,8,1
1,1,20,2,3,1,0,1,7,0
0,1,7,1,0,0,0,1,14,3
0,1,62,4,12,6,0,1,33,2
0,0,84,9,4,20,0,1,3,0
0,1,54,4,1,3,0,1,19,1
0,0,75,11,4,8,0,1,7,0
1,0,32,5,3,2,0,1,14,1
1,1,83,8,3,5,0,1,9,1
0,1,23,3,2,3,0,1,5,0
0,0,48,2,13,1,0,1,34,2
1,0,20,1,0,1,0,1,11,1
0,1,28,2,7,5,0,1,37,1
1,0,11,1,2,0,0,1,6,1
0,1,43,3,5,5,0,1,66,1
1,1,11,1,0,0,0,1,58,0
0,1,68,1,8,0,0,1,8,0
0,0,16,1,2,1,0,1,22,2
0,0,15,1,4,1,0,1,41,2
0,0,46,4,5,1,0,1,9,2
0,1,89,9,7,6,0,1,67,6
0,1,51,9,2,3,0,1,6,0
1,0,21,4,5,1,0,1,4,1
1,1,50,1,5,0,0,1,8,0
1,1,74,7,11,12,0,1,8,1
0,0,23,2,3,0,0,1,9,0
1,0,7,1,0,0,0,1,5,0
0,1,21,3,1,3,0,1,5,1
0,0,46,7,3,6,0,1,11,1
1,1,84,8,10,8,0,1,41,2
0,1,14,1,2,1,0,1,27,3
0,1,21,1,4,0,0,1,13,1
0,0,23,1,3,3,0,1,12,1
0,0,14,2,1,0,0,1,7,1
0,0,83,8,3,1,0,1,37,0
0,1,26,5,3,2,0,1,10,0
0,1,21,3,1,0,0,1,7,1
1,1,62,8,4,2,0,1,22,1
1,0,92,14,5,12,0,1,4,0
1,1,22,2,2,3,0,1,3,0
0,0,71,1,5,1,0,1,8,0
1,1,78,9,3,19,0,1,9,1
0,1,37,2,3,15,0,1,13,1
0,0,40,1,1,0,0,1,23,0
1,1,98,3,2,0,0,1,8,1
0,0,7,1,1,0,0,1,14,2
1,0,35,4,5,5,0,1,9,1
0,1,29,3,2,4,0,1,32,3
0,0,41,4,2,1,0,1,5,1
0,0,15,1,1,5,0,1,11,1
1,1,23,2,1,5,0,1,18,1
1,1,36,5,1,1,0,1,48,3
1,0,23,1,5,1,0,1,10,0
1,1,14,2,0,1,0,1,5,0
0,0,60,6,7,4,0,1,60,5
1,0,25,2,4,2,0,1,9,1
1,1,103,4,1,6,0,1,7,0
1,1,39,3,6,8,0,1,9,0
0,0,38,2,5,1,0,1,21,1
0,1,9,1,0,0,0,1,8,1
1,1,28,4,2,1,0,1,9,0
0,1,33,3,8,1,0,1,7,1
1,0,91,5,12,13,0,1,15,2
0,1,27,4,2,2,0,1,8,1
1,0,18,1,0,0,0,1,7,1
0,0,51,2,6,6,0,1,5,0
1,0,25,2,1,2,0,1,5,0
0,1,16,1,2,0,0,1,3,0
1,1,53,5,3,4,0,1,3,1
0,0,17,1,2,0,0,1,12,1
0,0,11,2,0,0,0,1,7,1
1,0,86,7,7,18,0,1,13,0
1,1,13,2,0,0,0,1,7,1
0,0,53,1,12,0,0,1,11,1
0,1,32,3,5,1,0,1,13,0
0,1,15,2,2,0,0,1,28,1
1,0,54,8,5,3,0,1,6,1
0,0,6,1,0,0,0,1,18,0
0,1,13,3,0,0,0,1,54,2
0,1,46,1,2,21,0,1,9,0
0,0,19,3,1,3,0,1,16,1
1,0,69,9,4,6,0,1,5,0
1,1,38,3,10,5,0,1,9,1
0,0,28,3,2,9,0,1,13,1
0,1,14,2,2,0,0,1,13,1
0,0,96,10,8,2,0,1,12,1
1,1,80,13,3,10,0,1,8,0
0,0,20,3,2,0,0,1,15,1
0,1,45,4,2,2,0,1,12,1
0,0,41,1,9,4,0,1,11,1
1,1,14,1,3,2,0,1,8,1
0,0,12,2,1,0,0,1,10,1
0,0,85,4,16,9,0,1,7,1
0,1,25,2,5,0,0,1,58,4
0,0,35,2,7,3,0,1,47,2
1,0,7,1,0,0,0,1,7,1
1,1,46,1,1,0,0,1,7,0
0,0,22,2,1,2,0,1,2,0
1,1,59,7,5,3,0,1,13,1
1,0,143,1,11,34,0,1,6,0
1,1,48,5,5,2,0,1,9,1
1,1,41,3,7,1,0,1,11,2
0,1,12,1,2,1,0,1,11,1
1,1,12,1,1,0,0,1,17,1
1,0,12,2,0,0,0,1,36,6
0,0,52,6,6,3,0,1,11,0
1,0,78,3,4,1,0,1,9,1
1,1,61,5,7,0,0,1,14,1
1,0,31,4,2,1,0,1,9,1
0,0,8,1,2,0,0,1,8,0
1,1,44,5,9,4,0,1,17,1
1,0,28,3,3,3,0,1,47,2
0,0,62,1,12,16,0,1,3,0
0,0,14,2,1,0,0,1,21,2
0,0,20,2,1,0,0,1,18,1
0,1,36,2,6,1,0,1,32,1
0,1,41,6,5,5,0,1,11,1
0,0,16,2,1,0,0,1,31,3
0,0,60,4,5,10,0,1,6,0
0,0,15,3,1,0,0,1,7,0
0,0,12,2,1,0,0,1,9,1
1,0,24,2,1,1,0,1,13,1
1,1,47,4,5,1,0,1,26,2
1,1,26,4,2,0,0,1,12,1
0,0,12,1,1,0,0,1,6,1
1,0,61,1,10,15,0,1,8,0
1,0,21,2,2,1,0,1,3,0
1,1,26,2,3,1,0,1,17,0
1,0,32,1,0,13,0,1,13,1
0,1,21,3,3,0,0,1,5,0
1,1,137,8,12,10,0,1,15,1
1,1,28,6,1,0,0,1,9,0
1,1,85,5,4,4,0,1,25,1
0,0,38,3,8,4,0,1,8,1
0,0,24,4,1,1,0,1,59,4
1,1,73,3,4,17,0,1,14,1
0,0,10,2,0,0,0,1,9,1
1,0,21,3,1,0,0,1,7,1
0,0,9,1,3,2,0,1,7,0
0,1,13,2,1,0,0,1,13,1
1,1,95,21,6,0,0,1,6,0
0,0,9,2,1,0,0,1,29,3
0,0,38,3,6,4,0,1,47,2
1,1,18,1,6,8,0,1,3,0
0,0,19,2,1,2,0,1,28,3
0,0,13,1,3,2,0,1,9,1
1,1,25,4,3,5,0,1,11,0
0,1,6,1,0,0,0,1,7,1
0,0,33,5,1,0,0,1,13,2
1,0,33,3,4,4,0,1,11,1
1,0,17,3,2,0,0,1,4,0
0,1,27,1,1,7,0,1,15,3
0,1,45,6,4,1,0,1,11,1
0,0,13,1,1,3,0,1,5,1
1,0,92,15,5,0,0,1,7,1
0,0,16,3,2,0,0,1,7,0
0,1,16,1,6,2,0,1,6,1
0,1,135,11,11,20,0,1,8,3
1,0,26,1,5,0,0,1,18,0
0,0,17,3,1,0,0,1,7,1
0,1,23,3,2,2,0,1,12,1
0,1,14,1,1,1,0,1,8,1
1,1,26,3,3,1,0,1,18,1
0,0,17,1,2,4,0,1,6,1
0,1,59,7,6,1,0,1,9,1
0,0,22,2,2,0,0,1,10,1
0,1,10,1,2,0,0,1,5,1
1,1,20,3,2,1,0,1,15,1
1,1,24,1,4,4,0,1,6,0
1,1,43,7,3,2,0,1,13,1
1,1,44,4,6,3,0,1,5,0
1,0,41,1,16,1,0,1,22,1
1,1,20,2,3,0,0,1,17,0
1,1,14,2,0,1,0,1,11,0
1,0,9,1,1,1,0,1,8,0
0,0,63,4,9,14,0,1,8,0
0,0,13,3,1,0,0,1,12,0
0,1,10,1,1,0,0,1,11,1
1,1,139,13,3,21,0,1,11,0
1,0,23,6,1,0,0,1,9,0
0,0,13,1,2,4,0,1,8,1
0,1,12,1,1,3,0,1,25,0
1,0,23,3,2,0,0,1,10,0
1,0,48,4,2,1,0,1,9,0
1,0,9,1,1,0,0,1,7,1
1,1,65,3,6,1,0,1,7,0
1,0,21,2,2,3,0,1,7,1
1,0,26,4,4,3,0,1,12,1
0,1,17,2,4,0,0,1,3,0
0,0,35,5,3,2,0,1,21,2
1,0,114,11,9,17,0,1,10,1
1,1,13,2,0,1,0,1,14,1
1,0,11,1,4,0,0,1,7,1
0,1,19,1,4,4,0,1,11,1
0,1,14,2,0,0,0,1,44,1
1,1,24,3,1,0,0,1,54,3
0,1,6,1,0,2,0,1,11,1
0,0,115,10,10,11,0,1,19,1
0,1,25,3,2,0,0,1,10,0
0,0,22,2,3,1,0,1,10,1
0,1,11,1,2,0,0,1,7,1
0,1,28,3,5,1,0,1,62,9
1,0,43,1,0,4,0,1,9,0
1,1,12,1,1,2,0,1,7,1
0,0,99,3,6,15,0,1,6,1
1,0,83,15,4,5,0,1,23,0
1,1,14,1,1,0,0,1,2,0
1,1,11,1,3,0,0,1,20,1
1,0,26,3,1,1,0,1,7,0
1,1,16,3,0,0,0,1,7,0
0,1,110,4,9,13,0,1,52,1
0,0,42,4,5,3,0,1,18,1
0,0,11,2,1,1,0,1,5,0
0,0,49,3,9,6,0,1,11,1
0,1,9,1,1,0,0,1,20,1
0,0,15,2,2,0,0,1,4,0
0,0,37,4,1,2,0,1,27,3
1,0,80,15,2,20,0,1,10,1
1,1,18,3,3,1,0,1,33,1
1,1,19,1,1,1,0,1,7,0
1,1,54,4,8,10,0,1,18,2
1,0,43,4,6,9,0,1,14,1
1,1,12,2,2,0,0,1,10,1
1,1,34,5,5,0,0,1,12,0
1,1,161,11,5,14,0,1,9,0
1,1,71,3,6,3,0,1,6,0
0,0,27,1,1,1,0,1,7,1
1,0,8,1,3,1,0,1,9,1
0,1,17,1,3,0,0,1,24,1
0,1,42,5,7,2,0,1,12,1
1,0,40,3,4,0,0,1,20,2
1,0,10,1,0,1,0,1,29,0
1,0,98,10,5,14,0,1,26,2
1,0,13,1,2,1,0,1,8,1
1,1,16,1,1,0,0,1,13,1
0,1,13,2,1,0,0,1,17,2
1,1,41,1,7,0,0,1,5,1
0,1,34,6,3,0,0,1,25,2
0,0,14,2,1,0,0,1,3,0
1,1,23,2,2,0,0,1,13,1
0,0,51,2,11,6,0,1,17,1
0,1,18,2,2,0,0,1,12,1
0,0,42,5,6,0,0,1,8,1
0,0,12,2,1,0,0,1,44,2
0,1,14,2,1,1,0,1,20,1
0,0,22,3,4,6,0,1,23,1
1,0,79,9,4,1,0,1,7,1
0,1,28,3,3,1,0,1,7,1
0,1,25,1,1,2,0,1,8,1
0,0,110,9,10,5,0,1,9,1
0,0,37,3,1,1,0,1,29,2
1,1,122,10,13,15,0,1,29,1
0,1,12,1,1,0,0,1,11,0
0,0,27,2,8,0,0,1,9,0
0,0,94,5,10,0,0,1,36,0
0,0,11,1,3,2,0,1,8,1
0,0,12,2,1,1,0,1,8,1
0,0,10,1,2,0,0,1,23,3
1,1,49,5,6,6,0,1,9,1
0,1,25,2,2,0,0,1,14,1
1,0,63,5,7,0,0,1,13,1
0,0,17,1,2,4,0,1,5,1
0,1,41,4,9,5,0,1,12,1
0,0,13,3,1,0,0,1,6,0
0,0,61,6,9,12,0,1,7,1
0,0,15,1,1,4,0,1,16,1
1,0,76,3,4,8,0,1,10,1
1,0,92,7,15,9,0,1,7,1
1,1,33,5,5,1,0,1,5,0
0,1,22,3,1,1,0,1,6,1
0,1,10,2,1,0,0,1,12,2
0,1,42,5,2,7,0,1,10,1
0,0,9,2,0,1,0,1,21,1
1,0,64,7,8,3,0,1,19,2
0,1,70,6,6,0,0,1,11,0
0,0,75,6,5,6,0,1,11,1
1,1,72,6,6,4,0,1,35,3
0,0,55,8,5,4,0,1,12,0
1,1,125,16,9,2,0,1,6,1
0,1,27,1,5,5,0,1,19,1
0,1,48,3,4,8,0,1,58,11
0,0,146,10,8,8,0,1,20,1
0,1,20,2,2,1,0,1,4,0
0,0,53,6,5,0,0,1,13,1
1,1,145,8,7,24,0,1,19,1
0,1,20,1,1,8,0,1,25,2
0,1,27,3,1,6,0,1,8,0
0,0,17,3,0,0,0,1,25,1
1,1,20,1,10,2,0,1,13,3
0,1,10,1,0,0,0,1,9,1
0,1,21,1,6,4,0,1,25,1
0,1,22,1,6,3,0,1,5,0
1,1,15,2,1,2,0,1,11,1
1,1,116,11,11,5,0,1,15,2
0,0,34,4,4,8,0,1,22,1
0,0,13,2,1,1,0,1,11,2
0,1,42,5,4,3,0,1,53,5
0,1,19,2,1,1,0,1,4,0
0,1,30,4,2,0,0,1,16,0
1,0,11,1,1,0,0,1,7,1
1,0,98,8,10,0,0,1,60,2
1,1,67,7,8,10,0,1,6,0
1,1,79,4,10,13,0,1,15,1
0,0,11,2,0,0,0,1,7,0
0,1,11,1,3,1,0,1,8,1
1,1,53,3,7,0,0,1,28,4
0,0,45,1,3,36,0,1,3,1
1,0,127,17,9,20,0,1,44,3
0,1,33,3,2,4,0,1,20,3
1,1,39,4,3,6,0,1,32,0
1,1,10,2,0,0,0,1,12,0
0,1,82,5,13,13,0,1,8,1
1,1,17,1,2,1,0,1,20,1
1,1,11,1,1,0,0,1,15,0
0,0,111,6,13,16,0,1,8,1
1,0,64,9,6,5,0,1,6,1
0,0,30,5,1,1,0,1,6,1
1,1,24,2,1,1,0,1,12,1
1,0,48,4,7,1,0,1,9,1
0,1,19,3,2,0,0,1,12,1
0,0,55,5,4,7,0,1,25,2
0,0,12,2,2,1,0,1,24,1
0,0,12,2,0,2,0,1,16,2
1,1,56,7,8,4,0,1,10,1
0,0,31,3,3,1,0,1,9,1
0,0,17,2,2,0,0,1,7,1
0,0,12,1,3,0,0,1,8,1
0,0,8,1,2,0,0,1,7,1
1,0,163,12,6,13,0,1,4,0
0,0,15,1,3,1,0,1,10,1
0,0,17,1,6,1,0,1,9,1
0,1,12,2,0,0,0,1,36,2
0,0,6,1,0,0,0,1,10,0
0,1,28,3,4,2,0,1,39,3
0,1,31,3,5,0,0,1,41,3
1,1,11,1,0,1,0,1,5,0
0,1,48,4,2,2,0,1,12,1
0,0,30,2,2,2,0,1,7,0
0,1,9,1,1,0,0,1,9,1
1,1,113,6,13,6,0,1,4,0
1,1,44,4,3,3,0,1,6,1
1,1,20,2,5,1,0,1,18,1
1,1,14,3,1,0,0,1,7,1
0,0,61,4,4,10,0,1,11,1
1,1,40,4,5,3,0,1,15,2
0,0,47,6,4,5,0,1,18,0
0,0,80,8,7,2,0,1,9,1
0,1,9,2,1,0,0,1,35,2
1,1,74,7,11,3,0,1,10,1
0,1,42,2,1,8,0,1,8,1
0,1,17,1,2,5,0,1,63,5
0,0,25,2,5,2,0,1,12,1
0,1,12,1,1,1,0,1,7,0
1,0,12,2,1,0,0,1,9,1
0,0,41,2,3,0,0,1,6,1
1,1,27,5,2,3,0,1,19,1
0,0,31,4,1,4,0,1,8,2
0,1,41,1,10,11,0,1,9,1
1,0,13,2,1,0,0,1,7,1
1,1,53,3,4,2,0,1,13,1
1,1,144,10,12,16,0,1,20,1
1,1,26,4,1,0,0,1,64,0
0,1,20,2,3,0,0,1,42,1
0,0,24,2,5,0,0,1,7,0
1,0,116,4,13,4,0,1,32,2
0,1,14,1,1,4,0,1,13,1
1,1,25,4,4,1,0,1,10,1
1,0,32,4,4,0,0,1,31,3
0,1,19,4,2,3,0,1,4,1
1,1,20,1,13,3,0,1,9,1
0,0,82,7,2,9,0,1,9,1
0,1,26,4,3,2,0,1,5,1
0,0,42,3,4,9,0,1,12,1
1,1,21,1,6,6,0,1,5,1
1,0,35,7,0,0,0,1,24,3
0,1,32,1,6,0,0,1,16,1
0,0,25,4,1,1,0,1,5,1
0,0,52,1,8,1,0,1,12,0
1,0,24,1,3,1,0,1,4,1
1,1,23,3,3,1,0,1,4,1
0,1,7,1,0,2,0,1,6,1
1,1,18,1,3,3,0,1,8,1
1,0,112,14,11,2,0,1,3,0
0,0,26,2,3,1,0,1,44,2
1,1,81,7,5,2,0,1,15,1
0,0,10,1,5,1,0,1,4,0
1,1,32,5,2,2,0,1,5,0
0,1,29,2,5,4,0,1,8,3
1,1,20,3,1,0,0,1,12,1
1,0,17,2,0,4,0,1,4,0
0,1,21,5,1,1,0,1,4,0
1,1,30,2,4,4,0,1,9,2
1,1,34,3,0,4,0,1,7,0
1,1,68,6,11,2,0,1,7,0
0,0,22,1,7,6,0,1,3,0
0,0,21,1,4,4,0,1,11,1
1,0,110,11,7,30,0,1,17,2
1,1,8,1,1,1,0,1,10,0
1,0,12,2,2,0,0,1,11,1
0,1,78,6,12,1,0,1,52,2
1,0,37,4,5,5,0,1,6,0
1,1,41,6,2,1,0,1,8,1
0,0,18,4,1,0,0,1,8,1
0,1,9,1,1,1,0,1,5,1
1,0,39,4,6,4,0,1,18,1
1,1,18,1,3,2,0,1,21,2
1,1,21,4,3,0,0,1,15,1
1,0,115,10,4,15,0,1,70,2
0,1,8,1,0,0,0,1,38,2
1,1,43,3,3,0,0,1,27,1
0,0,4,1,0,0,0,1,13,1
1,1,62,6,4,10,0,1,9,0
1,1,21,3,2,3,0,1,11,1
1,1,12,2,0,3,0,1,10,1
1,1,38,3,1,3,0,1,15,2
0,1,12,1,0,2,0,1,15,1
0,1,43,4,4,7,0,1,10,1
0,0,9,1,1,0,0,1,14,1
0,0,18,1,4,2,0,1,12,0
0,0,26,6,0,0,0,1,12,0
1,0,65,5,2,0,0,1,34,2
0,0,12,1,2,0,0,1,3,0
1,0,25,2,2,3,0,1,5,1
0,0,37,4,3,8,0,1,3,0
1,0,10,1,1,0,0,1,11,1
1,1,63,6,4,8,0,1,4,1
0,0,57,5,2,4,0,1,12,1
0,1,7,1,1,0,0,1,39,2
0,1,18,2,1,3,0,1,5,1
0,1,9,1,0,0,0,1,10,1
1,0,24,3,5,3,0,1,5,1
1,1,12,1,3,3,0,1,51,5
1,0,10,1,0,0,0,1,11,1
0,0,28,5,1,0,0,1,15,1
0,0,13,3,0,0,0,1,10,1
0,1,16,1,8,0,0,1,36,4
0,0,59,6,1,1,0,1,17,0
1,1,15,3,1,1,0,1,11,1
1,1,19,2,5,0,0,1,7,1
0,1,6,1,1,0,0,1,25,3
1,0,92,7,9,15,0,1,5,1
0,1,24,3,4,1,0,1,38,2
1,1,155,7,14,27,0,1,11,1
1,0,78,14,7,2,0,1,16,1
0,1,8,1,2,0,0,1,16,2
0,0,23,3,2,1,0,1,11,1
0,0,22,2,2,1,0,1,11,1
1,0,18,1,2,1,0,1,42,4
1,1,93,15,5,11,0,1,8,1
1,1,17,2,3,0,0,1,7,1
0,0,26,3,3,1,0,1,10,1
1,0,13,2,0,0,0,1,22,0
1,0,46,3,7,0,0,1,6,1
0,1,12,2,1,1,0,1,7,1
0,0,11,1,2,0,0,1,3,0
0,1,33,4,5,1,0,1,46,3
1,1,13,2,0,0,0,1,9,1
1,1,11,1,2,1,0,1,11,0
0,0,21,2,2,0,0,1,14,0
0,0,19,1,5,1,0,1,9,1
1,0,52,4,5,0,0,1,11,0
1,1,61,5,8,5,0,1,18,1
0,0,9,1,2,1,0,1,11,1
1,0,37,5,1,1,0,1,13,1
1,0,25,1,9,0,0,1,10,1
1,0,76,8,14,4,0,1,37,1
0,0,26,3,3,0,0,1,9,1
0,1,10,1,1,1,0,1,4,0
1,0,37,6,1,0,0,1,8,1
0,1,24,2,0,1,0,1,11,1
0,0,10,2,0,0,0,1,9,1
1,0,49,4,6,4,0,1,2,0
0,0,27,3,2,1,0,1,12,1
1,0,243,1,25,6,0,1,7,0
0,0,25,2,1,2,0,1,2,0
0,1,90,4,13,12,0,1,57,3
1,0,19,4,1,0,0,1,9,1
1,1,30,1,5,0,0,1,10,1
0,0,40,3,3,9,0,1,6,1
0,1,16,1,0,1,0,1,32,4
1,0,44,5,1,6,0,1,8,0
1,1,25,3,2,1,0,1,62,4
0,1,33,2,3,0,0,1,4,1
1,0,71,3,3,4,0,1,18,0
0,1,94,13,8,10,0,1,69,6
1,1,13,2,3,0,0,1,5,1
0,0,19,2,4,1,0,1,12,1
0,1,17,1,3,1,0,1,37,6
0,0,13,2,2,1,0,1,24,1
0,0,22,2,6,0,0,1,9,1
1,0,66,6,4,5,0,1,10,1
0,1,35,8,1,1,0,1,10,1
1,1,46,6,2,1,0,1,26,1
0,1,59,3,12,5,0,1,9,1
0,1,79,5,7,4,0,1,11,1
0,1,12,1,2,0,0,1,28,1
0,1,36,2,6,3,0,1,9,0
1,1,42,2,5,1,0,1,9,1
1,1,106,9,13,10,0,1,26,2
0,1,6,1,1,0,0,1,6,1
0,0,20,3,1,4,0,1,14,0
0,0,68,7,4,7,0,1,5,1
1,0,37,4,3,2,0,1,8,1
0,0,14,1,1,1,0,1,11,1
0,1,82,5,6,8,0,1,61,1
1,1,13,2,0,1,0,1,15,1
0,0,19,1,6,1,0,1,8,1
0,1,22,1,6,0,0,1,9,1
1,0,13,1,4,1,0,1,10,0
0,1,11,2,0,0,0,1,25,4
1,0,94,5,7,5,0,1,6,1
1,1,64,5,12,7,0,1,11,1
0,0,101,13,8,0,0,1,14,1
0,1,26,2,2,1,0,1,8,1
1,1,38,1,1,0,0,1,7,0
1,1,12,2,1,0,0,1,21,4
1,1,30,3,1,1,0,1,15,0
0,1,29,4,2,1,0,1,8,1
0,0,26,3,1,4,0,1,5,1
1,0,165,24,4,27,0,1,22,1
0,1,8,1,1,1,0,1,7,1
1,1,121,12,11,5,0,1,15,1
0,0,15,2,2,3,0,1,2,0
0,1,22,1,6,0,0,1,8,1
0,0,14,2,1,0,0,1,31,2
0,1,37,2,6,0,0,1,7,0
0,1,25,3,1,0,0,1,18,2
0,1,35,2,4,4,0,1,14,1
1,0,41,2,5,0,0,1,12,1
0,0,62,3,11,5,0,1,24,1
1,1,7,1,0,0,0,1,17,3
0,1,22,4,1,0,0,1,10,1
0,0,41,6,1,3,0,1,19,1
0,0,57,3,3,6,0,1,16,1
0,0,16,1,3,1,0,1,9,1
1,1,19,1,4,0,0,1,7,1
1,0,20,2,3,0,0,1,16,1
1,0,95,15,3,6,0,1,12,1
0,0,35,1,4,11,0,1,11,0
1,0,24,3,2,3,0,1,6,1
1,1,25,4,1,1,0,1,14,1
1,0,20,2,2,0,0,1,11,1
0,0,27,4,2,2,0,1,4,0
0,1,21,2,1,2,0,1,44,3
1,1,11,1,0,2,0,1,6,1
0,1,58,2,5,14,0,1,7,0
0,1,30,1,2,0,0,1,7,0
1,0,38,5,4,3,0,1,9,1
0,1,67,10,3,4,0,1,21,2
1,1,61,5,9,7,0,1,7,0
0,0,92,8,7,13,0,1,13,1
0,0,24,3,2,1,0,1,11,1
0,1,33,4,4,0,0,1,17,1
0,0,10,3,0,0,0,1,8,1
1,1,69,5,6,6,0,1,8,1
1,0,34,7,3,1,0,1,15,0
0,0,15,2,2,0,0,1,4,1
0,1,19,2,1,3,0,1,10,1
1,1,54,5,3,2,0,1,23,1
1,1,34,2,6,6,0,1,8,3
0,0,12,1,6,0,0,1,9,1
0,1,23,2,4,0,0,1,18,2
1,1,57,5,5,5,0,1,44,2
1,1,31,6,5,0,0,1,6,1
0,0,41,5,1,1,0,1,8,0
1,0,41,2,8,2,0,1,8,1
0,0,47,8,3,3,0,1,20,2
0,1,24,1,1,3,0,1,23,1
0,0,124,8,4,7,0,1,45,3
1,0,24,4,2,0,0,1,16,0
1,1,7,1,2,0,0,1,6,1
0,0,22,3,3,0,0,1,15,1
0,1,11,1,3,2,0,1,9,1
0,0,17,3,1,4,0,1,15,3
0,1,6,1,2,0,0,1,6,0
0,1,16,1,3,3,0,1,15,2
1,1,8,2,0,0,0,1,7,1
1,1,82,8,6,24,0,1,9,1
1,1,8,1,1,0,0,1,6,1
1,1,17,3,0,1,0,1,4,0
0,0,8,1,0,0,0,1,9,1
0,1,18,1,3,0,0,1,24,0
1,1,24,1,8,3,0,1,14,0
0,1,54,4,6,7,0,1,46,3
1,0,15,3,2,0,0,1,16,1
1,1,62,6,3,5,0,1,7,1
0,0,20,2,3,0,0,1,4,1
0,1,9,1,2,0,0,1,25,3
0,0,23,3,2,1,0,1,11,0
1,1,8,1,1,3,0,1,6,0
0,0,10,2,0,0,0,1,8,1
0,1,37,4,3,0,0,1,40,1
1,0,23,3,2,1,0,1,8,0
1,0,50,4,7,6,0,1,20,0
0,1,45,5,4,3,0,1,22,1
1,0,14,3,0,0,0,1,11,1
0,0,21,5,1,0,0,1,21,1
0,0,82,14,5,2,0,1,14,1
1,1,11,1,2,0,0,1,16,1
1,1,23,3,2,2,0,1,71,2
0,0,11,1,2,1,0,1,56,3
0,0,46,2,1,0,0,1,2,1
1,0,49,4,7,0,0,1,9,1
0,1,33,2,2,3,0,1,77,10
0,0,72,8,9,10,0,1,8,1
0,1,16,3,5,0,0,1,13,1
0,0,53,8,4,0,0,1,2,0
1,0,7,1,3,2,0,1,10,1
1,1,28,3,8,0,0,1,21,1
0,0,17,1,3,2,0,1,13,1
1,1,18,2,4,2,0,1,12,1
0,1,27,2,3,5,0,1,18,2
1,0,11,1,2,0,0,1,11,1
0,0,30,4,2,0,0,1,11,1
1,0,19,2,2,0,0,1,11,1
0,0,14,2,1,1,0,1,9,1
1,1,17,1,2,0,0,1,17,0
0,0,14,1,1,0,0,1,8,0
1,1,6,1,2,0,0,1,13,1
0,0,92,6,6,33,0,1,4,0
0,0,41,2,2,19,0,1,4,0
1,0,26,4,2,0,0,1,7,0
1,0,19,3,2,0,0,1,12,0
0,0,28,2,1,0,0,1,2,1
0,1,9,1,0,0,0,1,8,0
0,0,59,5,7,4,0,1,70,8
0,0,22,1,5,0,0,1,25,0
0,0,55,4,5,5,0,1,27,1
0,0,12,2,1,1,0,1,15,0
0,0,8,1,4,0,0,1,15,3
0,1,56,5,4,1,0,1,9,1
0,0,16,1,4,1,0,1,14,1
1,1,21,3,2,3,0,1,15,1
0,1,85,8,5,4,0,1,9,1
1,0,32,3,1,1,0,1,20,0
1,1,50,3,3,6,0,1,13,0
0,1,23,3,2,1,0,1,7,1
1,1,22,3,0,0,0,1,14,1
1,1,29,3,2,2,0,1,21,2
1,1,20,2,1,2,0,1,72,5
0,1,5,1,2,1,0,1,4,0
0,0,33,1,3,5,0,1,11,1
0,0,20,3,4,3,0,1,13,0
1,1,67,9,6,1,0,1,14,1
0,1,48,6,2,0,0,1,24,1
0,0,9,1,1,0,0,1,12,0
0,0,83,6,10,3,0,1,56,5
0,1,13,2,0,0,0,1,32,2
0,1,12,1,3,1,0,1,25,2
0,0,37,3,2,3,0,1,11,1
0,1,13,3,2,0,0,1,9,0
0,0,12,2,4,0,0,1,17,2
0,0,60,6,8,2,0,1,3,0
0,0,137,4,5,10,0,1,4,0
0,0,39,3,8,9,0,1,30,2
1,0,104,8,13,13,0,1,12,2
1,1,22,2,0,2,0,1,11,1
0,0,21,1,4,1,0,1,11,1
0,1,16,2,2,0,0,1,17,2
1,0,64,9,2,12,0,1,7,1
1,1,63,6,5,5,0,1,49,0
1,1,65,6,9,2,0,1,37,2
1,0,7,1,0,0,0,1,4,1
0,0,13,1,2,0,0,1,3,1
0,1,32,3,2,4,0,1,10,1
0,1,7,1,1,0,0,1,9,1
1,1,7,1,2,0,0,1,25,5
0,1,9,1,2,0,0,1,30,1
0,0,13,1,3,2,0,1,10,1
1,0,28,2,5,4,0,1,15,1
0,0,24,3,1,0,0,1,4,1
0,0,24,2,1,0,0,1,18,3
1,1,43,1,5,7,0,1,8,1
0,0,26,1,2,2,0,1,18,0
1,1,22,3,1,0,0,1,7,1
0,0,42,4,3,1,0,1,8,0
1,0,53,8,4,1,0,1,11,0
1,1,47,5,5,4,0,1,7,1
1,0,68,1,11,2,0,1,18,0
1,1,37,4,3,5,0,1,4,1
0,0,25,4,1,2,0,1,9,1
0,1,14,2,0,0,0,1,12,1
0,1,24,2,1,0,0,1,14,1
0,1,25,4,4,3,0,1,13,1
1,1,38,3,10,6,0,1,8,1
0,1,29,4,3,3,0,1,21,0
0,1,23,2,1,1,0,1,9,0
1,0,18,2,1,6,0,1,20,2
0,1,21,2,3,0,0,1,11,1
1,0,84,6,6,8,0,1,5,1
0,1,54,7,3,0,0,1,24,1
1,0,87,9,8,11,0,1,6,1
1,1,14,2,1,6,0,1,9,1
1,0,19,2,1,2,0,1,11,1
0,0,41,4,9,22,0,1,21,0
0,0,32,2,6,0,0,1,12,1
1,1,68,6,5,11,0,1,9,1
1,1,6,1,3,0,0,1,10,1
1,0,55,3,7,1,0,1,8,1
1,0,22,4,0,0,0,1,29,1
1,0,40,3,11,5,0,1,9,0
1,0,84,6,13,19,0,1,75,7
0,0,23,4,1,0,0,1,13,1
0,1,80,7,3,10,0,1,4,0
1,1,26,3,4,0,0,1,5,0
0,1,14,2,2,0,0,1,21,2
1,1,13,2,1,2,0,1,48,2
1,0,67,4,8,4,0,1,10,0
0,1,55,8,10,0,0,1,23,2
0,1,60,6,2,8,0,1,78,3
0,1,14,1,1,0,0,1,8,2
1,1,34,2,7,1,0,1,4,1
1,1,91,7,10,8,0,1,8,1
1,0,77,9,5,0,0,1,7,1
0,0,19,3,2,0,0,1,5,1
1,0,11,1,0,0,0,1,11,1
0,1,25,2,6,0,0,1,39,2
0,0,53,7,1,3,0,1,8,0
1,1,39,1,7,20,0,1,7,0
0,1,30,3,0,2,0,1,43,4
0,0,12,1,7,0,0,1,11,0
0,0,28,4,2,0,0,1,40,3
1,0,30,4,5,0,0,1,21,0
1,1,13,2,1,2,0,1,6,1
1,1,43,1,1,10,0,1,16,1
1,1,33,1,3,1,0,1,6,0
0,1,81,13,4,1,0,1,9,0
0,0,95,6,4,4,0,1,9,1
0,0,26,5,1,2,0,1,39,2
1,1,16,1,5,0,0,1,10,1
0,0,24,1,9,1,0,1,6,0
1,1,53,3,8,0,0,1,4,1
0,0,21,3,1,1,0,1,48,0
0,0,29,1,4,0,0,1,8,0
0,1,9,1,2,1,0,1,14,1
0,0,14,2,3,2,0,1,24,1
0,0,10,1,3,0,0,1,10,1
0,0,52,5,4,13,0,1,4,0
0,0,37,4,2,1,0,1,16,1
0,0,9,1,1,2,0,1,13,2
0,0,50,4,4,6,0,1,16,2
0,1,8,1,1,1,0,1,9,1
1,0,12,2,2,2,0,1,33,0
0,1,17,3,2,0,0,1,15,1
0,0,22,2,2,2,0,1,7,0
0,0,41,6,2,0,0,1,10,1
0,0,18,2,1,0,0,1,6,0
0,0,66,7,2,21,0,1,10,0
0,0,25,2,1,0,0,1,6,1
1,1,41,5,5,1,0,1,4,1
1,0,26,4,1,5,0,1,4,1
0,1,45,2,4,9,0,1,31,2
0,0,33,2,3,4,0,1,7,2
1,1,11,2,2,0,0,1,7,1
0,1,24,1,4,0,0,1,14,2
0,0,44,2,4,2,0,1,9,1
0,1,13,2,1,4,0,1,33,2
0,0,8,1,1,2,0,1,15,0
0,1,31,2,4,4,0,1,36,4
1,1,58,7,3,0,0,1,37,2
0,1,43,2,1,6,0,1,71,0
0,1,12,1,3,1,0,1,8,1
1,0,18,3,1,2,0,1,20,1
0,0,12,3,1,0,0,1,5,1
1,0,17,2,2,0,0,1,8,0
0,0,12,2,1,0,0,1,8,1
0,0,15,1,9,0,0,1,14,1
1,1,23,3,1,1,0,1,8,1
0,0,51,1,11,13,0,1,3,0
1,0,92,4,13,5,0,1,11,1
0,0,53,5,6,1,0,1,13,1
1,1,10,2,1,0,0,1,16,1
0,1,16,4,0,0,0,1,12,1
1,0,97,8,6,7,0,1,11,1
0,1,17,1,3,0,0,1,3,0
1,0,62,1,6,8,0,1,37,2
1,1,35,4,4,0,0,1,4,1
0,1,16,2,3,0,0,1,61,0
0,0,29,1,2,0,0,1,8,0
1,0,55,3,2,7,0,1,13,2
0,1,63,5,6,3,0,1,6,1
0,1,8,1,3,0,0,1,8,1
0,1,32,1,11,6,0,1,22,1
1,1,36,2,3,10,0,1,8,1
1,0,52,6,4,4,0,1,8,0
1,0,34,4,4,7,0,1,7,0
0,0,31,3,3,7,0,1,35,2
0,0,8,1,3,3,0,1,28,0
0,1,19,1,2,4,0,1,5,1
0,1,23,4,1,1,0,1,11,0
1,0,93,1,3,5,0,1,7,0
0,1,80,2,12,15,0,1,18,3
1,1,90,9,11,4,0,1,12,0
1,1,29,3,1,4,0,1,5,1
0,0,15,1,3,3,0,1,5,0
1,0,28,3,2,2,0,1,18,1
0,1,23,3,1,1,0,1,6,1
0,1,8,1,1,1,0,1,5,0
0,0,18,2,3,4,0,1,3,0
0,0,21,1,3,5,0,1,12,1
1,0,182,13,6,48,0,1,6,1
1,0,197,11,4,8,0,1,9,1
1,0,41,7,2,3,0,1,15,1
1,1,8,1,1,0,0,1,12,1
0,0,22,2,4,1,0,1,25,0
0,1,40,4,3,1,0,1,29,2
0,1,29,3,3,1,0,1,16,1
0,0,28,2,1,2,0,1,9,2
0,0,42,1,2,2,0,1,8,0
0,1,55,5,4,9,0,1,3,0
0,0,21,2,6,1,0,1,18,0
0,1,32,5,5,3,0,1,6,1
0,1,15,2,1,0,0,1,6,0
0,1,8,1,0,0,0,1,7,1
1,1,22,3,2,2,0,1,4,1
0,1,9,1,1,0,0,1,8,0
0,0,21,4,1,1,0,1,8,0
1,0,67,3,8,7,0,1,4,0
1,1,19,1,2,1,0,1,16,2
0,0,16,1,4,0,0,1,12,1
0,0,141,13,6,24,0,1,10,1
0,0,14,1,3,2,0,1,13,1
1,1,30,1,1,0,0,1,11,1
0,0,53,1,5,1,0,1,12,1
0,1,114,9,8,9,0,1,33,2
0,1,40,6,3,1,0,1,57,4
0,0,28,5,1,3,0,1,5,0
0,0,16,2,1,1,0,1,11,1
1,1,18,2,2,0,0,1,20,1
0,0,76,6,5,10,0,1,9,1
1,0,107,9,8,12,0,1,22,1
0,0,37,2,4,7,0,1,4,1
1,1,83,7,10,6,0,1,5,0
0,0,41,5,3,6,0,1,14,1
1,0,23,3,2,1,0,1,12,1
0,0,20,2,6,3,0,1,18,1
0,0,32,2,2,4,0,1,2,0
1,1,59,6,2,4,0,1,7,0
0,1,12,3,0,1,0,1,4,0
0,0,13,2,1,2,0,1,14,1
1,1,8,1,1,0,0,1,10,0
0,0,30,1,3,0,0,1,22,4
1,1,52,3,2,1,0,1,18,5
1,1,16,2,1,4,0,1,9,1
0,0,34,3,1,1,0,1,20,1
0,1,38,3,10,7,0,1,7,0
0,1,10,1,0,0,0,1,26,1
1,1,41,5,4,3,0,1,14,1
1,0,15,1,4,0,0,1,7,0
1,0,38,5,4,2,0,1,21,2
0,1,11,2,0,0,0,1,21,2
1,1,16,1,1,6,0,1,14,1
0,0,19,2,0,3,0,1,8,1
0,0,19,3,0,1,0,1,8,1
1,0,13,2,1,0,0,1,4,0
0,1,32,3,7,5,0,1,8,0
0,0,13,1,1,2,0,1,3,1
0,0,27,2,3,0,0,1,15,1
1,1,34,5,1,1,0,1,6,1
0,1,31,2,3,0,0,1,17,0
1,1,16,3,0,0,0,1,29,1
1,1,73,12,1,12,0,1,11,1
1,0,74,6,2,1,0,1,13,0
0,1,8,1,0,0,0,1,24,1
0,1,22,2,1,1,0,1,7,1
1,1,5,1,0,0,0,1,31,1
1,0,19,3,2,1,0,1,10,0
1,1,27,5,4,1,0,1,10,0
1,1,86,7,5,4,0,1,8,1
0,0,14,1,0,1,0,1,4,1
1,1,10,2,0,0,0,1,15,2
1,0,26,1,6,0,0,1,13,2
0,1,38,5,2,1,0,1,10,0
1,0,53,3,7,0,0,1,8,1
0,1,3,1,0,0,0,1,4,0
0,0,36,5,2,0,0,1,12,2
0,0,30,3,4,1,0,1,8,0
0,0,15,1,5,2,0,1,6,0
0,0,14,1,2,3,0,1,6,0
0,0,25,6,0,2,0,1,12,1
0,0,5,1,2,0,0,1,5,1
0,1,16,1,6,2,0,1,12,1
0,0,21,2,1,2,0,1,16,1
0,1,13,2,3,0,0,1,12,1
0,0,15,2,1,0,0,1,5,0
1,1,16,2,0,1,0,1,10,0
1,1,78,8,6,7,0,1,5,1
1,0,39,2,3,8,0,1,9,0
1,0,76,5,8,1,0,1,14,1
0,0,7,1,2,0,0,1,9,1
0,0,11,2,1,0,0,1,9,1
1,0,23,3,4,1,0,1,22,2
0,0,70,9,4,6,0,1,11,1
0,1,14,2,1,1,0,1,15,1
1,1,21,3,1,3,0,1,4,1
0,1,77,5,3,5,0,1,13,1
1,1,9,1,2,0,0,1,8,1
0,0,29,4,2,1,0,1,21,2
0,1,28,3,1,0,0,1,12,1
1,1,37,5,3,1,0,1,53,3
1,1,9,1,1,0,0,1,8,1
1,1,21,4,0,0,0,1,15,1
1,1,63,3,5,0,0,1,7,1
1,1,26,2,1,1,0,1,22,3
0,0,43,3,8,7,0,1,5,0
1,1,7,1,1,0,0,1,4,1
1,1,19,2,1,1,0,1,9,1
1,0,57,7,2,3,0,1,29,1
1,1,22,3,1,1,0,1,10,1
1,1,41,3,4,7,0,1,11,0
0,1,16,1,1,5,0,1,9,0
0,1,35,2,8,4,0,1,7,1
1,1,19,2,0,1,0,1,8,1
0,0,14,1,7,0,0,1,6,0
0,1,43,5,4,0,0,1,22,1
0,0,28,2,6,10,0,1,38,5
1,0,21,4,1,2,0,1,6,0
1,1,12,1,1,0,0,1,8,1
0,1,12,1,2,0,0,1,5,1
0,1,53,1,8,30,0,1,8,2
0,0,24,1,3,5,0,1,8,1
0,1,15,2,2,1,0,1,5,0
1,1,15,4,0,0,0,1,10,1
0,0,22,3,4,0,0,1,23,2
0,0,26,3,2,0,0,1,8,0
1,1,29,5,4,1,0,1,8,1
0,1,22,2,1,0,0,1,11,0
0,1,14,1,2,4,0,1,6,1
0,0,11,1,2,0,0,1,30,2
0,0,30,2,0,3,0,1,10,1
1,0,70,7,2,6,0,1,12,1
0,1,58,4,1,1,0,1,4,0
0,0,94,3,13,10,0,1,18,3
1,1,11,1,0,0,0,1,16,1
1,1,14,2,0,0,0,1,12,0
0,0,23,3,2,0,0,1,39,1
1,0,21,3,1,1,0,1,11,1
0,1,14,1,4,1,0,1,7,1
1,1,43,2,9,8,0,1,1,0
1,0,50,5,5,9,0,1,7,0
0,0,27,4,2,2,0,1,11,1
0,0,21,6,0,0,0,1,9,1
0,1,39,4,4,3,0,1,11,1
1,0,79,4,17,9,0,1,5,1
0,1,14,3,0,0,0,1,7,0
0,0,22,5,2,0,0,1,7,1
0,1,15,1,2,2,0,1,41,2
1,0,41,5,2,0,0,1,11,1
1,0,52,9,5,2,0,1,8,1
1,0,37,4,1,1,0,1,6,1
0,1,27,2,3,1,0,1,7,1
0,1,74,3,14,15,0,1,12,0
1,0,119,7,4,8,0,1,8,1
0,0,12,1,0,3,0,1,8,1
1,1,45,3,4,12,0,1,16,1
1,0,17,1,4,3,0,1,4,0
0,0,13,2,0,2,0,1,6,0
0,0,26,4,3,6,0,1,10,1
1,1,60,3,2,5,0,1,12,3
1,1,16,1,3,4,0,1,4,0
0,0,31,5,4,6,0,1,26,1
1,1,48,7,2,3,0,1,56,3
1,0,19,2,2,1,0,1,13,1
0,1,6,2,0,0,0,1,19,0
0,0,22,2,4,6,0,1,9,1
1,1,58,8,7,5,0,1,9,0
0,0,12,1,1,1,0,1,23,2
0,0,26,3,2,7,0,1,9,4
1,0,179,15,12,2,0,1,3,0
1,0,22,3,0,9,0,1,9,1
1,0,20,2,2,1,0,1,29,2
1,0,9,1,1,0,0,1,5,1
0,1,15,1,0,3,0,1,5,0
1,1,22,3,4,0,0,1,10,1
1,1,14,2,0,2,0,1,12,0
0,1,63,5,5,1,0,1,9,1
0,0,59,5,2,2,0,1,7,1
1,0,51,7,0,3,0,1,15,2
0,0,83,5,21,6,0,1,8,1
1,1,28,3,3,2,0,1,4,0
1,1,28,4,0,10,0,1,5,1
1,1,55,2,19,7,0,1,5,0
0,0,22,2,2,3,0,1,8,0
0,0,13,1,2,1,0,1,11,1
0,0,24,2,2,0,0,1,5,1
0,0,33,3,5,1,0,1,7,1
1,1,15,3,0,0,0,1,9,1
0,1,10,2,0,0,0,1,10,1
0,1,11,1,3,1,0,1,10,0
0,0,24,4,1,3,0,1,12,1
0,0,36,4,2,0,0,1,7,0
1,0,77,5,9,7,0,1,13,1
1,0,25,1,3,8,0,1,8,1
0,1,50,4,3,4,0,1,10,1
0,0,9,1,2,2,0,1,26,2
0,0,34,2,5,1,0,1,6,1
0,0,8,1,0,0,0,1,49,3
0,0,16,1,2,1,0,1,31,1
0,0,53,8,3,2,0,1,28,0
0,0,16,1,4,1,0,1,34,1
0,0,102,3,13,40,0,1,3,1
0,1,23,2,5,0,0,1,9,1
1,0,26,2,1,1,0,1,8,1
1,1,15,2,1,1,0,1,20,1
0,0,35,2,5,4,0,1,7,0
0,0,21,3,2,2,0,1,16,1
1,1,142,18,10,22,0,1,26,2
1,0,98,7,9,5,0,1,7,1
0,1,36,5,3,3,0,1,10,1
1,1,45,5,4,4,0,1,4,1
1,0,39,4,4,2,0,1,1,1
0,1,72,4,5,1,0,1,72,6
0,1,17,3,1,0,0,1,12,2
1,0,15,2,1,0,0,1,5,1
0,0,66,6,9,5,0,1,10,2
0,0,75,5,5,10,0,1,36,1
0,1,14,2,1,2,0,1,8,0
1,1,35,3,5,3,0,1,14,1
0,1,22,5,0,3,0,1,39,6
0,0,10,1,0,0,0,1,7,0
0,0,15,2,2,0,0,1,11,1
1,1,37,3,2,4,0,1,79,4
1,1,13,2,0,2,0,1,2,0
1,1,45,6,1,5,0,1,29,1
0,0,15,2,1,1,0,1,12,1
0,0,12,2,2,1,0,1,10,1
1,1,84,8,4,11,0,1,9,2
1,0,25,1,6,2,0,1,14,0
0,0,65,5,5,11,0,1,9,1
0,1,29,4,3,0,0,1,1,0
0,0,19,2,3,0,0,1,11,1
0,1,34,3,8,0,0,1,11,1
0,0,38,5,1,3,0,1,19,2
1,1,39,3,2,5,0,1,21,4
1,1,21,4,1,1,0,1,33,2
0,0,16,1,2,0,0,1,15,1
0,0,66,6,12,5,0,1,4,1
0,1,7,1,0,0,0,1,30,2
0,0,14,1,8,2,0,1,16,0
0,1,13,2,1,0,0,1,14,1
0,1,46,5,2,2,0,1,20,3
1,1,39,3,5,9,0,1,7,0
0,0,20,3,1,0,0,1,26,2
0,1,43,3,3,14,0,1,5,0
0,0,30,4,1,6,0,1,7,1
1,1,75,7,7,13,0,1,63,5
0,0,50,3,4,4,0,1,24,2
1,1,40,6,2,2,0,1,28,3
1,1,33,6,3,0,0,1,10,1
1,0,18,2,5,3,0,1,12,1
0,1,15,2,1,1,0,1,14,1
0,1,9,2,2,0,0,1,10,1
1,1,21,1,4,6,0,1,24,2
1,0,40,2,7,0,0,1,5,1
0,0,37,3,4,1,0,1,6,1
1,0,26,3,1,0,0,1,22,2
0,0,39,8,3,0,0,1,14,0
0,1,12,1,5,0,0,1,8,1
0,0,80,2,8,27,0,1,17,0
1,1,100,6,10,4,0,1,98,3
0,0,15,3,0,1,0,1,4,0
0,0,20,2,8,0,0,1,6,1
0,0,16,2,1,0,0,1,11,1
0,0,15,3,0,2,0,1,18,0
0,0,24,3,3,1,0,1,7,1
1,0,46,4,3,0,0,1,5,1
1,1,40,2,2,6,0,1,7,1
0,1,11,1,0,4,0,1,8,1
1,1,51,8,6,6,0,1,9,0
1,0,21,1,6,3,0,1,6,1
1,1,8,1,1,0,0,1,12,1
1,0,8,1,3,0,0,1,6,0
0,0,19,2,1,1,0,1,4,1
1,0,120,16,5,5,0,1,15,1
0,0,45,4,5,9,0,1,12,0
1,0,84,6,6,4,0,1,16,1
1,1,70,4,9,5,0,1,25,1
0,1,21,2,6,0,0,1,7,0
0,0,64,4,7,0,0,1,19,1
0,0,9,1,1,0,0,1,4,1
0,0,16,3,1,1,0,1,10,2
1,1,93,5,8,17,0,1,26,2
0,0,103,7,21,20,0,1,11,2
0,0,15,1,1,1,0,1,8,1
1,1,91,6,6,7,0,1,10,1
1,1,19,4,1,0,0,1,30,4
0,1,34,3,4,1,0,1,4,1
1,1,51,5,3,4,0,1,29,1
0,0,33,2,3,3,0,1,10,1
0,0,14,2,2,2,0,1,7,1
1,0,79,3,21,3,0,1,8,1
0,0,35,4,9,7,0,1,17,2
1,1,51,8,5,4,0,1,5,1
0,0,103,7,7,18,0,1,3,0
1,0,91,13,8,1,0,1,4,0
0,1,11,1,1,2,0,1,26,2
1,1,31,1,1,0,0,1,8,0
0,0,55,10,4,0,0,1,6,0
1,1,64,7,2,1,0,1,30,0
0,1,36,2,3,2,0,1,29,1
0,1,16,3,1,0,0,1,9,1
1,0,25,2,4,1,0,1,6,1
1,0,11,1,4,1,0,1,42,0
0,0,20,4,2,0,0,1,6,1
0,1,15,2,3,1,0,1,5,0
1,1,33,4,2,6,0,1,8,0
0,0,47,5,4,1,0,1,64,2
0,1,12,2,2,0,0,1,5,1
0,1,26,1,6,0,0,1,11,1
0,0,31,3,4,3,0,1,10,1
1,0,114,8,7,1,0,1,10,1
1,0,45,1,5,0,0,1,29,2
0,0,15,1,3,1,0,1,10,1
1,1,23,2,1,2,0,1,16,2
0,0,13,1,2,0,0,1,6,1
1,0,34,2,4,2,0,1,4,0
1,1,8,1,0,0,0,1,27,4
0,1,57,6,5,4,0,1,19,3
0,1,50,5,11,2,0,1,45,2
0,0,23,2,1,3,0,1,56,8
1,1,26,3,2,5,0,1,7,0
1,0,57,9,5,7,0,1,10,1
0,1,11,2,0,1,0,1,6,1
0,0,8,1,0,0,0,1,18,3
0,0,16,2,4,6,0,1,25,1
0,0,33,4,3,0,0,1,40,3
0,1,89,5,15,10,0,1,12,1
0,1,20,2,1,0,0,1,5,0
1,0,157,20,8,13,0,1,13,0
0,0,31,3,2,11,0,1,9,1
1,0,13,2,3,0,0,1,24,3
0,0,27,2,3,3,0,1,78,4
0,0,15,2,1,0,0,1,6,0
1,1,53,7,8,2,0,1,20,2
0,0,21,1,6,4,0,1,6,1
0,1,14,1,2,1,0,1,3,0
0,0,27,2,4,2,0,1,12,1
0,0,23,4,1,1,0,1,37,3
0,0,70,8,8,15,0,1,36,2
0,1,10,2,3,2,0,1,4,1
0,0,45,4,9,3,0,1,15,1
0,0,37,4,5,0,0,1,7,1
0,1,11,1,2,1,0,1,9,1
1,0,92,2,13,0,0,1,7,0
1,1,24,4,1,1,0,1,4,0
0,0,22,2,4,0,0,1,12,1
1,1,13,3,0,0,0,1,13,0
1,1,39,6,0,0,0,1,4,0
1,1,12,1,2,0,0,1,11,3
0,0,54,1,3,10,0,1,16,1
0,0,20,3,1,0,0,1,9,1
1,0,10,1,0,0,0,1,7,1
0,0,14,3,1,0,0,1,3,1
1,0,41,4,3,3,0,1,14,1
0,0,21,2,3,2,0,1,9,0
1,1,81,4,5,1,0,1,4,1
1,0,31,3,10,0,0,1,7,1
0,1,28,3,2,1,0,1,11,1
1,0,71,14,3,3,0,1,18,0
0,1,29,3,1,2,0,1,22,1
0,1,23,1,11,1,0,1,11,0
1,1,18,3,1,0,0,1,13,1
1,0,52,5,3,4,0,1,4,1
0,0,36,5,4,2,0,1,9,0
0,1,12,1,2,0,0,1,34,2
1,1,59,6,2,4,0,1,12,1
0,1,17,1,3,0,0,1,29,0
1,1,24,4,3,6,0,1,66,2
0,0,36,3,6,1,0,1,6,1
0,0,15,1,3,0,0,1,22,2
1,1,13,2,2,0,0,1,5,0
0,1,24,2,0,0,0,1,9,1
1,0,44,1,7,9,0,1,2,0
1,0,49,3,1,0,0,1,7,1
0,0,17,1,2,1,0,1,37,2
0,1,12,1,0,0,0,1,8,1
0,0,35,3,3,3,0,1,21,2
1,1,33,3,4,0,0,1,15,1
0,0,17,2,1,1,0,1,12,0
0,1,25,1,7,0,0,1,42,2
0,0,71,11,8,5,0,1,34,2
0,1,18,3,1,2,0,1,18,1
1,1,52,2,6,0,0,1,5,1
0,0,23,6,0,2,0,1,10,0
0,1,30,3,4,0,0,1,8,1
0,1,108,1,8,8,0,1,8,0
1,0,93,6,8,5,0,1,31,1
0,0,17,1,2,1,0,1,24,2
1,0,107,10,6,2,0,1,8,1
0,1,12,2,1,1,0,1,10,1
0,0,13,1,0,1,0,1,9,1
1,1,86,11,7,12,0,1,6,0
0,0,44,1,0,3,0,1,7,1
0,0,35,3,3,0,0,1,10,1
0,0,12,1,2,1,0,1,44,6
0,0,21,3,1,0,0,1,62,5
0,0,37,3,5,5,0,1,18,1
1,1,70,4,9,7,0,1,23,0
1,1,21,3,2,0,0,1,4,1
1,1,22,3,2,4,0,1,11,1
1,0,48,7,5,9,0,1,6,1
1,1,36,2,2,1,0,1,9,1
0,1,26,4,4,7,0,1,26,3
0,1,17,1,4,1,0,1,71,7
1,0,21,1,1,7,0,1,36,4
0,1,12,1,0,0,0,1,7,1
0,1,19,1,0,0,0,1,7,0
0,0,31,4,2,3,0,1,16,0
0,1,11,1,2,0,0,1,15,1
0,0,69,4,14,10,0,1,53,3
0,0,11,1,2,2,0,1,4,0
1,1,119,15,5,5,0,1,27,1
0,1,30,4,3,2,0,1,10,1
0,1,29,4,1,0,0,1,12,1
0,1,38,1,0,10,0,1,8,1
1,1,79,8,11,7,0,1,7,0
0,1,13,1,2,0,0,1,25,1
0,0,43,2,8,0,0,1,16,1
1,1,54,7,3,4,0,1,14,1
0,1,48,6,4,1,0,1,3,1
1,1,38,5,3,2,0,1,46,4
1,1,43,4,4,2,0,1,8,1
0,0,21,3,2,3,0,1,8,1
1,0,22,1,8,1,0,1,9,1
0,1,12,1,4,0,0,1,17,1
1,1,23,3,2,4,0,1,9,1
1,1,9,1,0,0,0,1,8,0
1,0,54,1,11,14,0,1,9,0
1,1,51,6,3,4,0,1,10,0
1,0,63,5,4,0,0,1,9,1
0,1,17,1,3,0,0,1,14,1
0,1,40,2,8,6,0,1,17,0
1,1,27,4,2,4,0,1,6,0
1,1,15,2,1,0,0,1,20,1
0,1,24,2,0,3,0,1,11,1
1,1,33,4,2,9,0,1,3,0
1,0,13,1,1,3,0,1,7,0
1,0,22,2,3,4,0,1,30,1
0,0,57,6,4,1,0,1,18,0
1,1,26,2,4,1,0,1,6,0
0,0,41,10,6,0,0,1,26,2
1,1,51,5,4,0,0,1,8,0
0,0,16,2,6,0,0,1,23,0
1,1,38,6,4,0,0,1,10,1
0,0,33,2,4,0,0,1,10,1
1,0,15,2,3,3,0,1,11,1
0,1,27,2,3,2,0,1,12,0
1,0,77,8,14,16,0,1,24,3
0,1,29,1,1,0,0,1,18,2
1,0,136,5,15,18,0,1,4,1
1,1,57,6,2,10,0,1,32,1
1,0,36,5,2,0,0,1,6,1
0,1,9,1,3,0,0,1,8,1
1,0,97,5,3,28,0,1,4,1
0,1,29,2,4,1,0,1,19,2
0,1,23,2,1,3,0,1,14,0
1,0,68,6,6,4,0,1,17,2
1,0,17,1,6,1,0,1,9,0
1,0,27,4,2,0,0,1,7,1
0,0,16,1,3,0,0,1,33,2
0,0,20,3,2,1,0,1,7,1
0,1,12,1,1,0,0,1,13,4
1,1,95,9,7,10,0,1,3,1
0,1,7,1,0,0,0,1,31,2
1,0,7,1,1,0,0,1,10,1
1,1,30,4,2,1,0,1,4,1
0,1,9,1,3,0,0,1,6,0
1,0,24,3,0,1,0,1,4,1
0,0,109,5,9,8,0,1,15,1
0,0,45,3,9,11,0,1,40,1
0,0,58,5,5,13,0,1,10,1
1,0,44,3,5,4,0,1,15,1
1,1,14,1,2,0,0,1,25,1
1,1,24,3,2,4,0,1,12,1
1,0,44,3,3,1,0,1,5,1
0,0,48,1,10,2,0,1,13,1
1,1,10,3,0,0,0,1,5,1
0,1,27,3,2,1,0,1,15,1
0,1,6,1,0,0,0,1,35,3
0,0,16,2,1,0,0,1,12,1
0,0,27,2,4,3,0,1,32,0
1,1,56,5,3,0,0,1,4,1
1,1,19,1,3,0,0,1,6,0
0,1,27,3,2,1,0,1,23,2
0,0,20,2,2,2,0,1,11,1
0,0,27,5,2,0,0,1,9,0
0,0,19,2,2,0,0,1,10,0
0,0,63,4,11,6,0,1,12,1
1,0,32,2,9,1,0,1,11,1
1,1,47,4,5,1,0,1,19,1
1,0,170,1,6,1,0,1,8,0
1,1,17,2,3,0,0,1,61,2
0,0,67,4,7,0,0,1,42,0
0,0,30,5,1,1,0,1,66,5
1,1,12,2,2,0,0,1,16,0
0,1,14,1,1,0,0,1,7,0
0,0,17,2,2,0,0,1,8,1
1,0,29,4,2,1,0,1,11,1
0,0,8,3,0,0,0,1,27,2
1,1,17,2,3,3,0,1,6,0
0,1,33,5,2,1,0,1,37,4
0,0,14,1,2,0,0,1,12,0
1,0,36,3,3,1,0,1,8,0
0,1,10,1,3,0,0,1,10,2
0,1,18,2,2,3,0,1,10,0
0,0,38,2,5,3,0,1,13,1
1,0,135,13,13,14,0,1,66,0
0,0,17,1,3,2,0,1,8,0
1,1,18,2,2,0,0,1,7,1
1,1,68,4,9,5,0,1,11,0
1,0,65,8,2,5,0,1,8,1
1,1,52,6,4,3,0,1,20,2
0,1,41,2,3,0,0,1,9,0
0,0,16,2,1,2,0,1,5,0
0,0,90,11,8,2,0,1,70,1
0,0,11,1,2,0,0,1,20,2
0,0,16,3,0,0,0,1,4,1
0,1,48,3,7,6,0,1,13,2
0,0,14,3,3,1,0,1,11,1
0,1,15,1,3,2,0,1,6,0
0,1,13,2,1,0,0,1,15,1
0,0,22,2,2,0,0,1,20,2
0,0,20,1,4,1,0,1,38,3
1,0,21,3,1,1,0,1,8,0
1,0,19,1,1,2,0,1,12,1
0,0,11,1,1,1,0,1,7,1
1,1,28,4,2,0,0,1,14,1
1,0,31,5,3,5,0,1,7,1
0,0,13,1,4,1,0,1,4,1
1,1,17,3,2,0,0,1,16,0
0,0,7,1,1,0,0,1,6,0
1,1,23,3,4,4,0,1,21,4
0,1,51,4,9,5,0,1,52,5
0,0,10,1,3,0,0,1,2,0
1,0,88,4,9,1,0,1,18,1
1,1,18,4,1,0,0,1,14,1
1,0,68,9,7,4,0,1,14,0
0,1,41,9,1,0,0,1,10,1
0,1,38,3,9,3,0,1,4,0
0,0,32,3,6,5,0,1,11,0
0,0,51,5,7,0,0,1,14,1
1,0,72,10,7,2,0,1,22,1
0,1,45,5,4,0,0,1,11,1
0,1,29,4,1,1,0,1,11,1
1,1,9,2,0,0,0,1,13,1
1,0,44,4,6,5,0,1,13,1
0,0,7,1,0,0,0,1,12,1
1,0,12,1,2,1,0,1,12,1
0,0,26,4,2,2,0,1,13,1
1,0,54,9,3,6,0,1,9,1
1,0,181,13,7,12,0,1,63,5
1,0,15,1,5,0,0,1,21,0
0,1,131,9,11,1,0,1,70,3
1,1,26,1,6,0,0,1,5,1
0,1,15,2,1,2,0,1,7,0
1,1,28,3,1,0,0,1,8,1
1,0,77,9,5,3,0,1,8,1
1,0,43,5,2,2,0,1,3,0
1,1,40,3,3,4,0,1,16,2
0,1,23,3,2,2,0,1,20,5
0,0,43,2,2,3,0,1,10,1
0,0,47,4,4,0,0,1,14,0
0,0,13,1,2,1,0,1,6,0
0,0,17,1,3,2,0,1,9,1
1,0,88,8,4,5,0,1,13,1
0,0,13,3,0,0,0,1,5,0
0,1,37,5,4,4,0,1,36,4
1,1,78,8,4,2,0,1,18,2
0,0,76,5,6,2,0,1,14,0
0,0,9,2,0,0,0,1,17,1
1,1,22,2,6,0,0,1,32,3
1,1,28,3,2,3,0,1,6,1
0,1,45,3,5,1,0,1,26,0
1,1,35,4,3,0,0,1,78,4
1,0,52,4,5,5,0,1,8,1
0,1,73,7,9,21,0,1,35,1
1,0,19,2,1,2,0,1,46,3
1,0,112,10,10,25,0,1,3,1
0,1,23,1,0,1,0,1,5,1
0,0,23,3,0,5,0,1,11,1
1,1,96,6,15,30,0,1,4,1
0,1,66,6,2,3,0,1,19,0
0,0,18,1,3,0,0,1,16,1
0,0,17,4,0,0,0,1,4,1
0,1,26,4,3,0,0,1,9,1
1,1,40,7,4,1,0,1,7,0
0,0,30,3,3,2,0,1,10,1
0,1,13,2,1,2,0,1,7,0
1,1,136,8,6,8,0,1,35,2
0,1,29,3,4,2,0,1,3,1
0,0,17,3,1,0,0,1,5,1
0,1,22,3,3,0,0,1,6,1
1,1,62,2,7,8,0,1,8,0
1,1,15,2,2,0,0,1,9,1
1,0,88,8,12,3,0,1,8,0
0,1,13,1,1,1,0,1,9,1
0,0,8,1,1,0,0,1,3,0
1,0,54,7,8,2,0,1,4,1
1,1,42,2,5,6,0,1,24,0
1,1,11,1,4,0,0,1,8,1
0,1,45,1,6,13,0,1,8,0
1,0,53,8,4,1,0,1,12,1
0,0,17,2,2,0,0,1,11,1
1,1,52,3,2,0,0,1,21,2
0,1,25,6,1,0,0,1,43,0
1,0,30,4,3,3,0,1,12,1
0,0,18,2,5,0,0,1,16,1
1,0,11,3,0,0,0,1,11,1
0,0,28,2,5,2,0,1,15,4
1,0,111,7,5,9,0,1,13,2
0,1,21,2,2,1,0,1,5,1
1,0,86,6,12,10,0,1,9,1
1,1,31,2,4,5,0,1,50,2
0,1,11,1,0,1,0,1,12,0
0,1,43,2,7,0,0,1,10,1
0,1,113,4,12,0,0,1,7,0
0,1,15,2,2,0,0,1,7,1
1,0,48,4,8,5,0,1,8,1
0,0,24,1,2,0,0,1,15,1
0,0,19,2,5,1,0,1,12,0
1,1,14,3,0,0,0,1,6,1
0,1,22,2,2,1,0,1,7,0
1,1,53,1,5,0,0,1,13,1
0,1,13,1,1,8,0,1,7,0
0,0,28,2,4,3,0,1,11,0
1,1,41,1,8,10,0,1,29,1
1,1,29,5,1,0,0,1,11,0
1,1,46,3,6,4,0,1,9,1
1,1,51,4,5,4,0,1,10,1
1,1,113,10,10,4,0,1,60,4
1,0,55,1,2,3,0,1,7,0
1,1,72,9,10,4,0,1,20,0
1,1,63,6,5,0,0,1,8,1
0,0,40,3,6,4,0,1,11,1
1,1,14,2,1,0,0,1,9,1
0,1,36,4,5,0,0,1,28,4
1,0,43,6,3,4,0,1,25,2
1,1,31,2,7,1,0,1,36,2
0,1,22,4,0,0,0,1,38,4
1,1,50,7,3,0,0,1,20,2
0,1,20,3,0,1,0,1,9,1
0,1,54,1,6,3,0,1,36,2
0,1,73,6,5,9,0,1,33,3
1,1,90,1,1,13,0,1,8,0
0,1,8,1,0,0,0,1,5,0
0,1,17,1,2,0,0,1,41,3
1,1,34,3,2,2,0,1,10,0
0,0,33,3,3,1,0,1,6,0
1,0,41,1,3,0,0,1,8,0
0,1,15,3,0,3,0,1,7,0
0,0,10,2,0,1,0,1,35,7
0,0,12,1,3,0,0,1,12,1
1,0,33,1,3,0,0,1,10,1
1,1,33,4,2,7,0,1,7,1
0,1,17,1,1,0,0,1,8,0
0,1,17,2,1,3,0,1,10,1
1,1,21,1,2,8,0,1,10,1
1,0,10,1,1,0,0,1,5,0
0,1,17,3,2,0,0,1,6,1
1,0,21,1,4,3,0,1,7,1
1,1,37,2,2,8,0,1,20,1
1,1,68,9,5,7,0,1,11,1
0,0,14,1,2,0,0,1,22,2
0,0,32,3,4,2,0,1,11,0
1,1,57,3,5,0,0,1,12,1
0,0,42,4,6,3,0,1,8,1
0,0,25,4,2,1,0,1,9,1
1,0,45,5,3,1,0,1,14,0
0,0,8,1,0,0,0,1,6,0
1,1,34,2,5,4,0,1,7,1
1,0,58,7,4,7,0,1,9,0
0,0,36,3,3,5,0,1,14,1
0,1,13,1,5,3,0,1,2,0
1,0,28,2,1,4,0,1,11,2
1,0,85,8,11,7,0,1,5,0
0,1,14,2,2,1,0,1,28,2
0,0,71,3,4,19,0,1,21,1
0,0,13,2,2,2,0,1,47,3
0,0,78,8,6,10,0,1,15,1
0,0,11,1,2,1,0,1,4,1
1,0,44,3,6,5,0,1,8,1
0,1,11,1,2,0,0,1,6,0
0,1,46,3,4,1,0,1,14,1
0,0,20,2,3,5,0,1,8,0
1,0,14,3,0,0,0,1,8,1
0,1,48,5,10,6,0,1,6,1
0,0,16,2,1,4,0,1,9,4
1,0,40,4,3,0,0,1,9,1
1,0,80,10,8,6,0,1,14,1
0,0,29,3,2,6,0,1,18,0
0,0,17,3,2,1,0,1,10,1
1,1,47,2,7,19,0,1,13,1
0,0,19,1,5,3,0,1,15,2
1,1,26,2,4,0,0,1,5,0
0,0,21,2,1,2,0,1,2,0
0,1,74,1,4,2,0,1,17,0
0,0,52,2,10,5,0,1,18,0
0,1,12,1,2,2,0,1,5,1
1,1,20,3,4,1,0,1,5,0
0,0,17,2,1,0,0,1,8,1
1,1,22,2,0,2,0,1,8,1
0,1,103,6,4,12,0,1,8,1
0,0,73,4,6,10,0,1,13,1
1,1,6,1,2,0,0,1,20,0
0,0,26,3,3,1,0,1,8,0
0,0,14,2,2,1,0,1,11,1
0,0,41,4,2,3,0,1,7,1
0,0,23,1,4,0,0,1,14,1
0,1,22,2,3,0,0,1,13,0
1,1,51,3,1,2,0,1,8,0
0,1,50,7,7,10,0,1,25,1
1,1,35,6,1,3,0,1,10,1
0,0,13,3,0,0,0,1,7,1
1,0,10,1,0,0,0,1,13,1
1,1,34,4,4,5,0,1,6,0
1,0,66,7,4,10,0,1,13,2
1,1,60,5,7,1,0,1,15,1
1,1,17,3,1,0,0,1,32,0
1,1,71,8,7,7,0,1,9,0
1,1,25,1,8,0,0,1,9,1
1,1,14,2,1,0,0,1,9,1
0,1,13,1,1,0,0,1,28,1
1,0,93,14,12,4,0,1,13,0
0,1,10,1,2,3,0,1,28,2
0,1,16,3,1,0,0,1,7,1
0,0,8,1,0,1,0,1,16,2
1,0,51,3,7,7,0,1,5,1
1,0,18,3,1,0,0,1,8,1
0,1,61,9,2,5,0,1,4,0
1,0,103,4,13,16,0,1,7,1
0,1,37,2,5,1,0,1,16,0
0,0,28,3,7,1,0,1,30,2
0,0,21,3,3,1,0,1,7,1
0,1,22,3,1,1,0,1,20,0
0,1,41,3,13,0,0,1,46,2
1,1,49,4,6,2,0,1,9,1
0,1,13,1,0,1,0,1,5,1
1,1,36,5,4,2,0,1,8,1
1,1,16,2,1,3,0,1,21,1
1,1,7,1,0,1,0,1,7,1
0,0,63,8,4,3,0,1,14,1
1,1,32,5,3,0,0,1,24,2
0,1,9,2,0,1,0,1,18,2
0,0,12,1,2,1,0,1,7,1
0,0,41,5,1,5,0,1,12,0
1,0,99,10,12,2,0,1,7,1
1,0,92,6,10,22,0,1,7,1
1,1,34,3,1,3,0,1,10,0
1,0,86,10,6,0,0,1,7,1
1,1,7,1,3,1,0,1,10,1
0,0,48,2,5,3,0,1,7,1
1,1,14,3,1,0,0,1,7,1
1,0,56,6,4,4,0,1,21,2
0,0,31,2,4,2,0,1,7,0
1,1,25,2,9,2,0,1,19,2
1,1,61,6,2,1,0,1,6,0
1,1,28,1,6,8,0,1,28,0
1,1,24,2,3,1,0,1,24,2
1,1,24,2,4,0,0,1,9,1
0,1,24,2,1,2,0,1,47,3
0,0,16,2,1,1,0,1,6,1
1,1,26,3,4,0,0,1,8,1
0,1,18,1,1,6,0,1,14,1
0,0,50,6,3,2,0,1,28,2
1,1,44,5,3,1,0,1,13,2
0,1,43,3,11,7,0,1,22,1
0,1,51,6,13,2,0,1,10,1
0,0,21,2,2,0,0,1,8,0
1,1,61,6,11,1,0,1,45,4
0,1,29,4,4,1,0,1,9,1
0,1,16,1,3,2,0,1,10,1
1,0,41,7,3,0,0,1,26,3
1,1,27,2,7,2,0,1,15,0
0,0,32,1,7,0,0,1,39,2
1,1,33,6,2,0,0,1,8,1
0,1,15,1,1,8,0,1,8,1
0,0,12,2,0,1,0,1,9,1
0,0,32,3,3,3,0,1,6,0
1,0,67,10,0,0,0,1,4,0
1,0,46,4,5,6,0,1,6,1
0,0,7,1,1,0,0,1,13,1
0,0,33,5,3,1,0,1,15,2
0,0,21,1,1,7,0,1,71,2
1,1,40,4,6,1,0,1,17,1
1,1,10,1,1,0,0,1,8,1
1,1,38,4,7,8,0,1,13,1
0,0,33,1,6,7,0,1,12,0
0,0,25,2,4,0,0,1,9,0
0,1,30,4,2,0,0,1,33,0
0,1,30,1,12,0,0,1,10,1
1,1,25,2,4,0,0,1,8,0
0,0,25,2,2,4,0,1,9,1
0,0,9,1,2,0,0,1,6,1
0,0,12,2,0,4,0,1,12,1
1,0,18,2,3,4,0,1,5,0
0,0,12,2,0,0,0,1,12,0
0,0,22,3,1,0,0,1,8,1
1,1,73,11,4,14,0,1,30,0
1,1,19,1,7,0,0,1,6,1
1,1,27,2,2,2,0,1,10,1
0,0,22,2,2,2,0,1,5,0
0,0,60,5,3,6,0,1,19,1
1,0,104,1,10,17,0,1,8,1
0,0,13,1,1,0,0,1,5,0
1,1,54,4,1,5,0,1,9,0
0,1,24,2,3,0,0,1,16,0
1,0,41,3,5,1,0,1,11,1
0,0,16,2,1,1,0,1,15,1
0,0,40,4,2,3,0,1,5,1
0,0,11,2,0,0,0,1,9,0
0,1,10,1,1,0,0,1,4,0
1,0,97,14,4,10,0,1,7,1
1,0,25,2,5,8,0,1,17,0
0,0,23,3,2,2,0,1,33,0
1,0,59,7,5,2,0,1,5,1
1,1,60,9,3,1,0,1,10,1
0,1,14,1,1,0,0,1,10,0
0,1,22,2,1,2,0,1,11,0
1,1,30,2,4,9,0,1,8,0
0,0,42,2,5,4,0,1,16,0
0,0,26,2,1,4,0,1,11,1
1,1,18,2,2,1,0,1,7,1
0,0,50,6,5,7,0,1,15,1
1,0,82,11,11,15,0,1,12,0
1,0,61,6,3,2,0,1,17,1
0,1,104,9,1,25,0,1,9,1
0,1,13,1,2,0,0,1,5,0
0,1,16,2,1,2,0,1,9,1
0,0,12,1,0,0,0,1,8,2
0,1,13,1,2,2,0,1,4,1
1,1,65,8,6,4,0,1,57,3
1,1,12,2,2,0,0,1,5,1
0,0,13,1,3,0,0,1,17,1
1,1,81,6,6,4,0,1,26,2
0,1,14,2,0,1,0,1,17,2
0,0,53,5,2,6,0,1,27,3
1,0,48,4,1,0,0,1,34,2
1,0,14,3,0,0,0,1,32,2
0,0,54,6,4,3,0,1,7,1
1,1,9,1,1,0,0,1,11,1
0,1,47,1,6,12,0,1,8,1
1,0,93,12,5,11,0,1,4,1
0,1,34,3,7,5,0,1,58,3
0,0,94,7,5,4,0,1,12,0
0,0,23,1,7,6,0,1,3,0
0,0,24,2,3,7,0,1,5,1
0,0,14,4,0,0,0,1,10,1
0,0,9,1,4,4,0,1,8,1
1,0,38,2,6,8,0,1,3,1
0,1,62,4,7,5,0,1,15,1
1,1,101,10,5,3,0,1,13,1
0,0,6,1,1,0,0,1,13,1
1,0,59,4,6,9,0,1,16,1
1,0,46,8,2,8,0,1,9,0
0,0,20,3,1,1,0,1,5,0
0,0,18,1,3,0,0,1,9,1
0,1,26,3,1,1,0,1,36,4
1,1,48,2,4,4,0,1,5,1
0,1,67,8,5,3,0,1,14,1
1,1,58,4,5,5,0,1,22,2
1,1,20,1,2,2,0,1,9,1
0,1,33,5,2,0,0,1,6,1
0,1,28,2,2,3,0,1,5,0
1,1,107,9,10,12,0,1,9,1
0,0,13,2,1,0,0,1,9,0
0,1,15,1,2,2,0,1,5,1
0,0,27,3,1,3,0,1,7,1
0,1,40,3,3,0,0,1,28,0
1,0,31,3,5,2,0,1,9,1
0,1,80,6,9,9,0,1,5,1
1,1,50,7,5,1,0,1,8,0
1,0,13,1,1,0,0,1,18,0
1,1,8,1,2,0,0,1,5,1
0,0,22,4,0,0,0,1,6,0
1,0,84,3,0,11,0,1,10,0
1,1,25,3,3,0,0,1,10,1
1,1,15,2,1,1,0,1,6,1
1,1,30,2,3,0,0,1,12,1
0,0,9,1,3,0,0,1,11,1
1,1,10,1,0,1,0,1,9,0
0,1,15,1,1,3,0,1,7,1
0,0,8,1,0,0,0,1,51,1
0,0,9,1,2,2,0,1,35,1
1,0,19,1,2,1,0,1,16,1
0,1,8,1,2,0,0,1,12,1
0,0,55,1,1,0,0,1,7,0
1,1,28,1,3,2,0,1,5,0
1,0,88,8,10,2,0,1,44,6
1,0,26,3,1,2,0,1,5,1
0,1,6,1,0,0,0,1,2,0
0,1,11,1,3,1,0,1,11,2
0,1,13,2,0,0,0,1,13,0
1,1,20,4,2,1,0,1,14,1
0,0,63,6,3,1,0,1,20,2
1,0,73,6,6,4,0,1,4,0
1,0,19,2,2,1,0,1,9,1
1,1,38,4,2,2,0,1,12,1
0,0,29,4,3,1,0,1,15,1
0,0,20,2,1,0,0,1,6,1
1,1,20,2,2,1,0,1,11,0
1,1,86,1,4,4,0,1,7,0
1,0,12,3,0,1,0,1,4,1
0,1,17,2,0,1,0,1,4,1
1,1,10,3,1,0,0,1,11,1
0,0,41,5,8,3,0,1,3,1
0,0,46,2,11,4,0,1,9,1
1,1,75,5,5,6,0,1,13,1
1,0,23,4,2,1,0,1,15,0
1,0,34,3,2,0,0,1,5,1
0,0,17,1,3,0,0,1,11,1
0,0,13,1,3,0,0,1,5,1
0,1,52,3,13,8,0,1,10,0
0,0,35,4,3,2,0,1,18,1
0,1,59,3,12,17,0,1,4,1
1,0,51,7,3,2,0,1,4,1
0,0,46,7,4,0,0,1,12,0
0,0,39,3,4,0,0,1,33,2
1,1,22,2,1,2,0,1,5,0
0,0,24,1,4,2,0,1,8,1
1,1,17,4,0,0,0,1,8,0
1,0,126,13,10,22,0,1,7,1
0,1,22,1,0,0,0,1,23,1
0,0,69,7,6,7,0,1,13,0
1,1,21,2,4,1,0,1,11,1
0,1,11,1,1,1,0,1,13,1
0,1,10,1,1,0,0,1,16,1
1,0,47,5,8,5,0,1,5,0
0,0,19,1,4,0,0,1,14,1
1,0,12,2,2,0,0,1,17,2
0,0,35,7,0,0,0,1,6,1
1,0,11,2,2,1,0,1,7,1
1,0,100,9,14,5,0,1,5,0
0,1,40,3,9,5,0,1,19,2
0,1,13,1,2,0,0,1,33,2
1,1,156,12,8,8,0,1,9,1
1,0,42,1,16,1,0,1,7,1
0,0,27,2,7,1,0,1,8,1
0,0,20,3,0,1,0,1,15,1
1,0,146,9,13,8,0,1,28,2
1,1,60,4,6,9,0,1,14,1
0,1,15,1,2,1,0,1,37,2
0,0,15,2,3,1,0,1,7,1
0,0,28,3,0,2,0,1,9,1
0,1,9,2,0,0,0,1,50,5
0,0,24,2,2,2,0,1,7,1
0,0,8,1,1,0,0,1,19,0
0,0,33,3,3,2,0,1,5,1
0,0,13,3,1,1,0,1,6,1
1,1,41,2,7,8,0,1,5,1
0,0,26,2,1,2,0,1,47,3
0,1,18,2,2,1,0,1,11,1
0,1,15,3,1,0,0,1,11,1
0,0,23,4,1,1,0,1,12,1
1,1,75,7,8,0,0,1,29,1
1,1,31,6,5,1,0,1,26,2
1,1,72,3,13,8,0,1,11,1
0,1,45,5,5,2,0,1,11,0
1,0,68,1,2,2,0,1,7,0
1,0,76,5,7,10,0,1,8,0
1,0,56,2,1,19,0,1,11,0
0,0,66,6,5,18,0,1,13,0
1,1,25,2,0,1,0,1,8,1
0,0,22,4,1,0,0,1,7,0
0,1,18,3,1,0,0,1,13,0
1,0,20,4,0,0,0,1,4,0
0,0,11,1,1,0,0,1,4,1
0,1,21,3,3,0,0,1,10,0
1,1,116,9,13,16,0,1,12,0
0,1,19,3,0,0,0,1,10,0
1,1,17,2,1,0,0,1,12,1
0,1,106,9,1,42,0,1,8,0
1,1,61,8,4,11,0,1,8,3
0,0,11,2,1,0,0,1,7,1
1,1,14,3,0,1,0,1,22,0
0,0,42,4,1,5,0,1,4,0
1,1,20,4,1,4,0,1,13,1
0,1,8,1,0,1,0,1,12,1
1,0,19,2,1,2,0,1,8,1
0,1,21,4,0,0,0,1,7,0
1,1,16,3,1,0,0,1,8,0
0,1,67,6,9,0,0,1,11,1
1,1,7,1,0,0,0,1,4,0
1,1,31,3,2,7,0,1,4,1
0,1,25,3,2,1,0,1,13,1
0,1,57,3,13,0,0,1,6,0
0,1,18,2,2,3,0,1,4,0
1,1,34,1,2,0,0,1,10,1
0,1,33,2,7,2,0,1,5,1
0,0,21,3,3,0,0,1,6,1
0,1,35,5,3,0,0,1,8,1
1,1,37,2,4,1,0,1,3,0
0,0,14,3,1,2,0,1,20,1
1,0,53,3,4,1,0,1,10,1
0,0,25,4,3,0,0,1,12,1
0,1,31,1,3,1,0,1,10,1
1,1,31,5,3,0,0,1,6,0
0,1,84,2,9,0,0,1,8,1
0,0,33,4,2,3,0,1,74,2
0,0,22,2,1,2,0,1,5,0
1,1,32,3,3,6,0,1,36,2
0,0,12,1,5,0,0,1,28,2
0,0,13,1,2,0,0,1,12,1
1,0,55,9,4,0,0,1,9,1
0,0,31,5,1,2,0,1,17,1
0,0,19,3,2,0,0,1,8,1
1,1,18,2,2,1,0,1,5,1
0,0,30,3,4,1,0,1,20,1
0,0,40,5,4,3,0,1,14,3
1,0,16,1,0,4,0,1,12,1
0,0,61,1,11,0,0,1,7,0
1,1,10,1,2,1,0,1,9,1
0,1,44,8,3,4,0,1,6,0
0,1,41,6,1,0,0,1,8,1
0,0,13,2,1,0,0,1,10,1
1,1,71,8,2,5,0,1,22,0
1,1,12,1,1,0,0,1,12,0
1,0,19,2,2,4,0,1,12,1
1,0,29,4,0,1,0,1,12,1
0,0,67,6,10,0,0,1,8,1
0,0,98,18,8,2,0,1,61,4
1,0,21,2,5,0,0,1,5,0
1,0,18,1,5,0,0,1,18,0
0,0,38,4,7,6,0,1,9,0
0,0,12,2,1,0,0,1,48,5
0,1,16,1,5,1,0,1,5,1
1,1,86,6,12,9,0,1,43,3
0,0,17,2,0,3,0,1,17,0
1,0,118,8,15,16,0,1,3,0
1,0,24,2,2,3,0,1,7,1
1,1,44,4,3,2,0,1,11,2
0,0,23,3,2,0,0,1,58,0
0,0,12,1,3,1,0,1,29,1
1,0,31,3,1,4,0,1,9,1
0,0,28,3,1,2,0,1,6,1
0,0,22,3,4,0,0,1,7,1
0,0,6,1,1,1,0,1,14,1
0,0,15,1,1,0,0,1,8,0
0,1,33,1,5,2,0,1,10,1
1,1,7,1,2,0,0,1,7,1
1,1,8,1,1,0,0,1,19,1
1,0,49,7,2,2,0,1,11,1
1,1,23,3,1,3,0,1,9,0
0,1,18,2,1,0,0,1,7,1
1,0,78,4,3,13,0,1,10,1
0,0,14,1,3,2,0,1,15,1
0,1,21,2,2,0,0,1,10,1
0,0,14,1,1,0,0,1,11,1
1,1,30,1,2,8,0,1,18,0
1,1,86,3,6,28,0,1,3,0
0,0,46,7,2,4,0,1,7,1
1,0,79,4,8,5,0,1,8,0
0,1,9,1,0,0,0,1,14,1
1,1,71,8,5,11,0,1,6,1
0,0,11,1,0,1,0,1,19,3
1,0,188,24,15,20,0,1,10,1
1,1,61,1,8,0,0,1,43,4
1,1,15,2,1,0,0,1,29,3
0,1,15,1,2,1,0,1,12,1
0,0,28,4,3,0,0,1,9,0
0,0,7,1,1,0,0,1,13,1
1,0,45,6,4,1,0,1,22,1
1,0,37,4,3,6,0,1,16,0
0,1,11,1,0,0,0,1,8,0
1,0,32,2,2,1,0,1,36,0
1,1,14,3,0,1,0,1,7,1
0,1,11,1,2,0,0,1,8,1
1,0,15,1,2,1,0,1,12,1
1,0,18,1,2,0,0,1,4,0
1,1,174,13,5,7,0,1,11,1
1,1,15,1,2,1,0,1,9,1
0,1,13,1,2,0,0,1,27,1
1,0,20,2,0,2,0,1,6,0
0,0,55,5,3,6,0,1,15,1
1,0,13,2,0,0,0,1,9,0
1,1,19,3,0,0,0,1,40,2
0,0,130,13,12,5,0,1,52,4
0,1,30,3,1,3,0,1,4,1
1,1,9,1,1,0,0,1,10,0
0,1,39,5,3,2,0,1,67,5
1,0,17,2,4,6,0,1,10,1
1,1,21,1,1,5,0,1,53,3
0,1,41,5,3,4,0,1,40,1
1,0,78,8,9,6,0,1,15,1
0,0,54,8,2,0,0,1,29,2
1,1,15,1,1,2,0,1,48,4
1,1,26,3,4,1,0,1,7,0
0,1,26,5,1,0,0,1,8,0
0,0,19,1,2,1,0,1,17,0
1,1,73,6,4,4,0,1,33,2
1,1,99,9,8,2,0,1,7,1
0,0,65,6,7,17,0,1,9,0
0,1,19,2,5,3,0,1,5,0
0,0,27,5,2,0,0,1,7,1
0,1,9,1,1,0,0,1,1,0
1,0,18,3,2,1,0,1,9,1
0,1,12,1,2,2,0,1,4,1
0,1,28,2,5,1,0,1,69,2
0,1,36,4,8,2,0,1,9,1
1,1,66,5,1,8,0,1,5,1
0,1,24,2,1,0,0,1,17,2
1,0,15,2,2,0,0,1,24,1
0,1,25,1,5,10,0,1,6,0
0,0,13,2,0,0,0,1,25,2
0,1,30,3,4,7,0,1,8,0
1,0,90,6,14,21,0,1,12,1
0,1,15,2,1,3,0,1,10,0
0,0,8,1,1,1,0,1,25,5
0,0,23,4,1,0,0,1,5,0
0,1,26,2,1,2,0,1,40,3
1,1,14,1,3,1,0,1,10,1
1,0,11,1,1,0,0,1,7,0
0,0,17,2,2,0,0,1,12,1
0,0,30,5,2,2,0,1,49,2
1,1,15,2,1,0,0,1,26,2
1,0,30,6,3,1,0,1,4,0
1,1,14,2,1,0,0,1,9,1
0,0,58,8,3,0,0,1,19,1
0,0,26,3,2,5,0,1,14,0
0,1,19,3,2,0,0,1,14,1
1,1,45,3,7,2,0,1,16,1
0,0,30,2,1,1,0,1,74,3
0,0,6,1,0,0,0,1,11,1
0,1,18,3,2,2,0,1,5,0
1,1,52,3,5,6,0,1,13,1
1,1,29,4,0,1,0,1,6,0
1,0,201,1,7,44,0,1,28,1
0,1,34,4,3,1,0,1,12,1
0,0,18,2,0,1,0,1,7,1
1,1,11,2,2,0,0,1,4,0
0,0,35,7,0,12,0,1,56,3
0,1,66,5,5,3,0,1,12,1
0,0,72,5,5,6,0,1,20,1
0,1,23,3,1,0,0,1,31,4
1,1,22,4,0,2,0,1,3,1
0,0,4,1,0,0,0,1,8,0
0,0,37,3,1,5,0,1,9,1
0,1,34,5,5,0,0,1,15,1
0,1,22,2,2,0,0,1,20,1
0,1,28,1,0,1,0,1,8,0
0,0,17,1,5,4,0,1,3,0
1,0,132,11,8,31,0,1,12,1
1,1,29,5,1,1,0,1,15,0
0,1,19,1,2,0,0,1,40,6
1,1,18,3,1,0,0,1,27,1
1,0,8,1,1,0,0,1,5,1
0,0,45,3,3,5,0,1,6,1
1,0,30,2,9,2,0,1,26,1
0,1,28,7,0,1,0,1,18,2
0,0,8,2,1,0,0,1,5,1
0,1,36,4,4,4,0,1,9,1
0,0,33,1,7,7,0,1,14,1
1,0,59,9,2,0,0,1,10,0
0,1,27,1,6,1,0,1,8,1
0,1,61,4,5,3,0,1,12,1
0,0,82,1,7,5,0,1,7,0
1,1,20,1,0,0,0,1,9,0
0,1,87,7,11,8,0,1,18,2
0,0,41,4,2,1,0,1,6,1
1,0,28,2,2,5,0,1,6,1
1,1,77,6,4,2,0,1,12,1
0,1,16,2,2,0,0,1,10,1
0,0,10,1,1,0,0,1,13,2
1,1,90,17,1,0,0,1,16,0
0,1,14,1,1,4,0,1,4,1
0,1,15,3,1,1,0,1,15,1
1,0,98,6,6,29,0,1,6,0
0,0,11,2,1,0,0,1,9,1
0,0,97,5,12,3,0,1,43,3
0,1,25,3,1,3,0,1,33,0
0,0,35,2,4,7,0,1,11,1
0,0,14,1,2,2,0,1,5,1
0,0,40,2,3,7,0,1,10,1
0,1,29,5,3,5,0,1,5,0
0,1,20,2,0,1,0,1,6,0
0,0,36,4,3,3,0,1,33,3
0,0,53,8,3,2,0,1,10,1
0,1,11,2,2,0,0,1,37,3
1,1,155,11,8,22,0,1,14,1
1,0,20,3,2,1,0,1,5,0
0,0,9,1,1,0,0,1,5,1
0,0,17,1,1,4,0,1,17,2
0,1,13,1,2,2,0,1,16,1
0,1,36,3,4,2,0,1,11,1
0,1,12,1,2,0,0,1,8,0
1,1,21,2,5,5,0,1,7,1
1,1,71,8,4,1,0,1,18,1
1,1,63,7,7,4,0,1,7,0
0,0,12,2,1,0,0,1,16,2
0,0,27,2,2,0,0,1,33,2
1,0,42,3,5,0,0,1,29,5
0,0,13,2,1,0,0,1,6,1
1,1,20,2,2,1,0,1,12,1
1,1,20,1,3,0,0,1,11,1
0,0,21,2,1,1,0,1,14,0
1,0,11,2,2,0,0,1,5,1
0,1,15,1,2,1,0,1,8,1
0,1,14,1,1,2,0,1,23,1
1,1,111,5,9,6,0,1,11,1
0,1,8,1,1,0,0,1,19,1
1,1,19,2,1,2,0,1,67,3
0,1,21,1,2,5,0,1,8,0
0,1,23,6,0,1,0,1,24,3
0,1,49,6,4,1,0,1,9,1
0,0,13,3,1,0,0,1,15,0
1,1,20,1,1,0,0,1,6,0
1,1,84,1,8,24,0,1,4,1
0,1,73,6,3,30,0,1,32,1
1,1,47,4,4,2,0,1,7,1
1,1,22,4,0,0,0,1,19,0
0,0,17,1,2,2,0,1,4,0
1,0,60,4,12,7,0,1,24,5
1,1,24,3,2,1,0,1,13,1
1,1,36,2,8,7,0,1,17,2
1,0,77,7,2,13,0,1,5,0
0,0,19,2,2,0,0,1,12,1
0,1,72,7,2,15,0,1,17,0
0,1,38,6,1,0,0,1,11,1
1,0,11,2,0,0,0,1,11,1
1,1,14,2,1,0,0,1,5,1
0,0,24,2,1,2,0,1,44,3
0,0,27,4,1,0,0,1,6,1
1,1,112,8,5,30,0,1,12,1
1,1,17,4,1,1,0,1,8,1
1,1,38,6,2,2,0,1,8,0
0,0,24,2,2,0,0,1,6,0
1,0,280,1,9,22,0,1,8,0
1,0,55,2,8,9,0,1,7,1
1,0,59,8,3,2,0,1,23,2
0,1,37,3,4,9,0,1,16,1
0,1,17,2,2,2,0,1,9,1
0,1,32,6,1,0,0,1,74,3
1,1,10,1,2,0,0,1,3,0
1,0,51,1,2,0,0,1,7,0
1,1,10,2,0,1,0,1,12,1
1,1,14,2,1,0,0,1,5,0
0,0,24,2,2,1,0,1,10,0
0,0,22,2,2,4,0,1,35,2
0,1,37,2,3,7,0,1,6,1
0,0,87,8,6,2,0,1,20,1
1,0,99,10,2,10,0,1,34,4
0,1,45,4,6,6,0,1,6,0
0,0,30,2,7,3,0,1,49,0
1,1,25,2,1,0,0,1,3,1
0,0,13,2,2,0,0,1,36,1
1,1,14,2,2,1,0,1,9,1
0,0,17,3,1,3,0,1,8,1
1,0,72,3,7,3,0,1,7,0
1,0,11,1,0,0,0,1,13,2
0,0,24,2,1,3,0,1,16,1
1,1,16,2,1,1,0,1,11,1
1,1,9,1,2,1,0,1,2,0
1,1,104,8,2,27,0,1,9,1
0,1,11,1,1,0,0,1,11,0
0,0,12,1,2,0,0,1,9,1
0,0,37,1,2,3,0,1,7,0
1,0,21,3,2,1,0,1,5,1
0,1,40,5,4,3,0,1,23,4
0,1,68,1,4,16,0,1,7,1
0,0,94,7,3,0,0,1,61,6
0,0,26,3,3,1,0,1,63,1
0,0,63,8,7,30,0,1,17,3
0,0,9,1,0,0,0,1,13,1
0,0,21,1,3,4,0,1,7,1
1,0,54,5,7,8,0,1,9,1
1,1,47,4,6,1,0,1,76,4
1,0,19,3,1,2,0,1,7,1
1,0,76,5,9,8,0,1,21,1
0,1,19,3,1,4,0,1,10,1
0,0,13,3,1,0,0,1,18,1
0,0,39,3,1,5,0,1,12,1
0,0,11,2,1,0,0,1,11,0
1,1,18,3,1,2,0,1,15,1
1,1,12,1,2,0,0,1,11,1
0,1,15,1,1,1,0,1,4,1
1,0,33,2,4,10,0,1,5,1
1,1,68,13,0,0,0,1,18,0
0,0,13,1,2,3,0,1,6,1
0,0,56,4,5,10,0,1,3,0
0,0,16,2,1,2,0,1,5,0
0,1,7,1,1,0,0,1,6,1
0,0,30,3,2,2,0,1,24,1
1,1,22,4,1,3,0,1,7,0
0,0,43,5,3,1,0,1,39,0
0,1,24,5,2,2,0,1,8,1
1,1,128,6,15,6,0,1,25,1
1,1,115,10,8,18,0,1,6,1
0,1,12,1,4,2,0,1,9,2
0,1,23,3,3,2,0,1,8,1
1,1,17,1,2,0,0,1,4,0
1,0,24,4,1,4,0,1,12,1
0,0,22,1,18,0,0,1,16,1
1,1,25,2,1,2,0,1,5,0
1,1,25,4,2,0,0,1,14,1
0,1,40,2,3,0,0,1,29,1
1,1,37,3,2,0,0,1,6,1
0,0,35,3,2,2,0,1,4,0
0,0,23,3,3,0,0,1,36,2
1,1,6,1,0,0,0,1,5,0
0,1,10,1,3,0,0,1,45,4
0,1,37,4,3,2,0,1,33,2
0,1,24,2,1,2,0,1,4,0
1,0,69,9,8,3,0,1,10,0
0,0,51,3,10,6,0,1,14,1
1,1,11,1,0,1,0,1,7,0
0,0,38,3,3,4,0,1,31,2
0,0,29,2,3,0,0,1,11,1
0,0,74,6,8,5,0,1,31,2
1,0,79,4,14,20,0,1,4,0
0,1,30,2,5,7,0,1,64,10
0,0,12,1,1,0,0,1,11,1
0,0,17,2,1,1,0,1,23,2
1,0,64,9,1,7,0,1,9,0
0,1,19,2,4,0,0,1,7,0
1,0,14,3,0,0,0,1,24,0
1,1,96,9,5,8,0,1,3,0
1,1,59,2,6,7,0,1,4,1
1,1,77,9,4,9,0,1,26,0
0,1,56,7,3,1,0,1,11,1
0,0,10,2,1,0,0,1,6,1
0,0,14,3,2,2,0,1,12,1
0,1,42,4,3,6,0,1,10,0
1,1,33,6,2,0,0,1,8,0
1,1,23,5,0,1,0,1,25,0
1,0,80,7,13,0,0,1,8,1
1,1,42,3,5,4,0,1,8,1
1,1,48,4,8,3,0,1,8,1
0,0,42,4,4,7,0,1,18,1
1,0,45,4,5,1,0,1,8,1
1,1,27,4,2,0,0,1,34,2
0,0,10,2,0,1,0,1,6,1
0,0,25,3,2,8,0,1,13,1
1,1,33,5,5,3,0,1,25,1
0,0,11,2,0,0,0,1,10,1
1,1,131,14,9,3,0,1,9,1
0,0,22,2,1,2,0,1,8,1
0,1,106,7,15,3,0,1,5,0
0,1,31,4,2,0,0,1,22,0
0,0,19,2,3,4,0,1,8,0
1,1,20,4,0,0,0,1,13,1
1,1,40,2,1,3,0,1,11,1
0,1,38,3,3,2,0,1,12,1
0,1,20,2,8,5,0,1,13,1
0,0,20,2,1,2,0,1,46,3
0,1,20,3,4,0,0,1,32,2
0,1,14,1,1,5,0,1,5,0
1,1,24,1,7,0,0,1,11,0
0,1,51,4,5,4,0,1,7,1
0,0,9,1,2,1,0,1,8,1
0,0,22,3,1,4,0,1,11,0
1,0,64,5,14,6,0,1,7,0
1,0,10,2,0,0,0,1,13,0
1,1,23,3,1,1,0,1,8,1
1,1,22,3,1,3,0,1,18,2
0,0,27,5,1,0,0,1,5,0
0,0,60,5,2,15,0,1,16,0
0,0,69,8,4,13,0,1,4,0
0,1,10,2,0,0,0,1,46,5
0,0,33,2,1,4,0,1,10,0
1,1,94,8,8,0,0,1,26,1
1,1,80,7,8,5,0,1,11,1
0,1,18,2,4,1,0,1,4,0
0,0,36,3,1,3,0,1,46,3
0,0,39,2,0,2,0,1,8,1
1,0,24,2,0,2,0,1,4,0
1,0,80,12,4,9,0,1,10,1
0,0,25,2,6,2,0,1,36,2
0,1,56,5,2,4,0,1,11,0
0,0,17,2,0,0,0,1,9,0
0,0,16,2,2,1,0,1,12,1
0,1,29,2,6,2,0,1,12,1
0,0,29,3,6,1,0,1,8,0
1,0,25,1,1,6,0,1,10,1
0,1,11,2,0,1,0,1,4,1
1,1,20,2,2,2,0,1,13,3
1,0,50,6,2,15,0,1,7,1
0,1,71,10,7,7,0,1,4,0
1,0,51,5,5,6,0,1,4,0
0,0,32,6,2,3,0,1,48,3
0,0,18,3,2,0,0,1,4,1
1,1,75,3,3,10,0,1,10,0
1,1,31,4,2,1,0,1,24,1
1,1,22,3,1,1,0,1,11,1
1,0,94,7,11,4,0,1,6,0
1,1,32,2,4,4,0,1,6,0
0,0,28,3,1,1,0,1,19,1
1,1,32,4,1,1,0,1,14,1
0,0,10,1,0,2,0,1,12,1
1,1,94,5,13,2,0,1,14,1
0,1,17,2,1,1,0,1,10,1
0,0,25,2,1,0,0,1,9,1
1,1,29,3,1,7,0,1,10,1
1,1,69,1,3,2,0,1,8,0
0,1,18,1,1,1,0,1,44,3
1,1,17,4,1,1,0,1,8,1
0,1,19,3,2,2,0,1,12,1
0,1,8,1,2,1,0,1,7,1
0,0,9,1,2,1,0,1,16,0
0,1,19,2,2,0,0,1,7,1
1,0,16,2,1,0,0,1,8,0
1,0,18,4,2,3,0,1,3,0
0,0,21,4,0,1,0,1,12,1
0,0,41,4,4,0,0,1,11,1
0,1,13,1,1,0,0,1,21,1
1,1,46,2,3,14,0,1,10,0
0,1,43,7,3,5,0,1,15,1
1,1,49,1,5,6,0,1,7,1
0,0,10,1,2,1,0,1,10,1
0,1,27,6,1,5,0,1,3,0
0,1,39,2,9,3,0,1,64,2
1,1,19,2,1,2,0,1,19,2
1,0,106,18,4,8,0,1,15,3
1,1,13,1,3,1,0,1,10,0
0,1,36,1,5,2,0,1,25,4
1,1,57,7,6,18,0,1,4,0
0,0,24,1,6,10,0,1,7,1
1,1,25,2,3,2,0,1,15,1
1,1,19,3,3,1,0,1,9,1
0,0,38,5,4,4,0,1,12,1
0,0,37,2,6,4,0,1,14,1
0,0,46,5,9,3,0,1,9,1
0,0,28,3,6,3,0,1,5,0
1,0,30,5,2,1,0,1,18,3
0,1,20,3,1,0,0,1,34,3
1,1,32,5,2,5,0,1,28,2
1,0,111,10,14,1,0,1,14,1
0,0,27,2,3,1,0,1,17,0
1,1,11,1,1,1,0,1,6,1
1,0,48,3,3,6,0,1,6,0
0,0,11,2,0,0,0,1,3,1
1,1,145,9,12,19,0,1,4,1
0,0,12,2,1,0,0,1,19,2
0,0,15,1,3,0,0,1,5,1
1,1,11,1,2,1,0,1,16,0
1,0,47,1,3,10,0,1,5,1
1,1,35,6,4,7,0,1,12,1
0,0,88,8,2,4,0,1,22,1
1,1,18,3,3,0,0,1,14,0
0,0,47,1,6,0,0,1,9,0
0,0,18,1,2,0,0,1,20,1
1,0,15,1,6,0,0,1,5,1
0,0,32,3,6,5,0,1,23,2
1,0,58,4,7,1,0,1,15,1
1,1,10,1,1,3,0,1,9,1
1,1,16,2,2,0,0,1,9,1
1,0,8,1,0,0,0,1,4,1
1,1,30,3,4,2,0,1,13,3
0,0,34,4,3,0,0,1,15,1
0,0,61,5,6,14,0,1,7,1
1,1,27,1,4,0,0,1,8,1
0,1,18,3,1,3,0,1,10,0
1,1,42,3,3,5,0,1,5,1
0,0,25,3,4,0,0,1,6,0
0,0,42,3,3,1,0,1,4,1
1,0,12,1,2,1,0,1,7,1
0,1,63,6,1,9,0,1,24,1
0,1,27,3,2,0,0,1,35,2
1,1,73,7,12,12,0,1,5,0
1,1,43,5,4,1,0,1,10,0
0,0,78,1,4,1,0,1,7,0
0,1,12,1,1,0,0,1,10,1
0,0,88,9,5,7,0,1,4,0
0,1,21,3,3,0,0,1,14,1
0,0,7,1,1,0,0,1,9,0
0,1,18,3,2,1,0,1,15,1
1,1,15,2,2,0,0,1,14,1
0,0,7,1,1,0,0,1,5,1
1,1,47,4,5,8,0,1,38,0
1,0,64,8,4,0,0,1,30,1
0,0,27,2,3,0,0,1,61,4
1,1,93,10,6,12,0,1,5,1
0,0,33,4,2,5,0,1,26,2
1,1,37,4,3,0,0,1,16,1
1,1,125,14,12,8,0,1,18,2
1,1,63,5,5,2,0,1,8,1
1,0,146,12,18,7,0,1,19,1
1,1,63,6,6,6,0,1,31,0
0,1,12,2,0,0,0,1,6,0
1,1,21,2,4,2,0,1,7,1
0,0,40,3,7,1,0,1,21,0
0,1,27,1,1,0,0,1,13,1
0,0,13,1,2,1,0,1,11,1
0,0,24,3,4,2,0,1,8,0
0,0,32,4,3,1,0,1,14,1
0,1,8,1,2,0,0,1,21,2
0,1,60,7,3,4,0,1,49,2
1,1,13,2,2,0,0,1,7,1
1,0,30,6,0,7,0,1,16,0
1,1,85,8,6,17,0,1,14,1
0,0,15,2,1,1,0,1,66,4
0,0,11,1,1,0,0,1,23,3
0,0,11,1,1,1,0,1,15,1
1,1,14,2,1,0,0,1,27,2
0,0,28,1,6,2,0,1,10,1
1,1,65,8,6,8,0,1,6,0
1,1,50,2,7,11,0,1,14,4
0,0,99,9,12,23,0,1,4,0
0,0,14,1,2,1,0,1,55,4
0,0,75,3,18,8,0,1,4,0
1,1,14,1,3,4,0,1,16,1
1,1,25,3,4,2,0,1,3,0
0,1,13,2,0,0,0,1,9,1
0,0,75,10,9,2,0,1,11,3
0,1,64,1,15,5,0,1,27,1
1,0,93,7,7,23,0,1,8,0
1,0,72,8,7,4,0,1,6,2
0,0,20,1,4,0,0,1,33,2
1,1,285,1,15,16,0,1,7,0
0,0,18,2,1,5,0,1,17,1
0,0,18,2,3,1,0,1,4,1
0,0,94,4,3,7,0,1,13,1
0,1,16,2,2,0,0,1,19,6
0,0,23,3,3,3,0,1,10,1
1,1,24,2,2,0,0,1,7,1
0,0,27,2,4,0,0,1,7,0
1,0,29,2,3,0,0,1,8,2
1,0,106,8,7,8,0,1,14,1
1,0,46,3,2,10,0,1,16,0
0,1,42,2,1,0,0,1,34,4
1,0,79,7,10,9,0,1,11,1
1,0,23,3,1,1,0,1,9,1
1,1,64,7,5,4,0,1,25,2
1,1,84,3,15,0,0,1,6,1
1,0,47,5,4,5,0,1,11,1
0,1,66,1,11,4,0,1,7,1
0,0,9,1,1,0,0,1,5,1
1,0,93,12,4,7,0,1,14,0
1,0,12,2,1,0,0,1,24,1
0,1,39,3,6,0,0,1,11,1
0,0,56,6,5,1,0,1,8,1
1,1,9,1,1,0,0,1,4,0
0,1,13,1,2,1,0,1,12,1
0,0,22,2,2,1,0,1,16,0
0,0,24,3,1,1,0,1,8,1
1,0,16,2,1,2,0,1,26,2
0,1,26,3,0,2,0,1,3,1
1,0,70,6,8,10,0,1,10,1
1,0,24,3,1,0,0,1,9,0
0,0,11,2,1,1,0,1,9,0
0,0,10,1,0,1,0,1,5,1
1,1,13,1,2,0,0,1,5,0
0,1,62,7,4,0,0,1,9,1
0,0,11,1,0,3,0,1,14,1
0,0,16,2,0,0,0,1,22,1
0,0,41,4,2,1,0,1,9,0
0,0,5,1,1,0,0,1,5,0
1,1,15,1,2,0,0,1,27,0
0,0,44,3,6,11,0,1,13,2
1,0,20,2,1,0,0,1,8,1
1,1,37,4,1,4,0,1,19,1
0,1,17,2,2,1,0,1,21,0
1,0,56,6,5,3,0,1,16,0
1,1,22,3,5,1,0,1,32,1
0,0,40,4,2,5,0,1,5,1
0,0,50,1,12,6,0,1,10,0
1,1,74,3,6,10,0,1,5,1
0,0,28,2,5,1,0,1,11,1
1,0,80,6,18,6,0,1,6,1
0,1,10,1,1,0,0,1,4,1
0,1,10,2,1,1,0,1,17,0
0,1,25,2,0,3,0,1,10,1
0,1,15,1,0,2,0,1,18,2
1,1,26,1,5,3,0,1,8,0
1,1,28,2,5,3,0,1,11,1
1,0,36,2,3,8,0,1,7,1
0,1,13,2,1,0,0,1,6,0
1,0,71,5,2,14,0,1,6,0
0,1,17,1,4,1,0,1,22,0
0,0,23,4,2,1,0,1,44,3
0,1,100,9,8,6,0,1,12,1
1,0,152,9,10,10,0,1,8,1
1,1,24,2,4,2,0,1,6,1
1,0,66,5,6,9,0,1,12,1
1,0,62,2,14,5,0,1,13,1
1,1,32,4,2,2,0,1,40,3
0,0,11,1,2,0,0,1,11,1
1,0,76,9,6,1,0,1,29,1
1,1,33,3,0,5,0,1,12,1
0,0,71,8,6,12,0,1,13,1
0,0,32,3,4,10,0,1,10,0
1,0,106,1,8,5,0,1,7,0
0,0,44,4,4,2,0,1,9,1
1,1,46,4,4,4,0,1,18,1
0,0,9,2,1,0,0,1,11,1
1,1,54,5,7,1,0,1,66,4
0,1,5,1,2,0,0,1,16,1
0,0,7,1,0,0,0,1,25,2
0,1,17,2,2,1,0,1,51,1
0,1,49,6,1,2,0,1,11,1
1,0,8,1,1,1,0,1,10,1
0,1,10,2,0,0,0,1,63,2
1,1,93,8,4,2,0,1,10,1
1,1,17,1,1,0,0,1,14,0
0,0,20,1,6,0,0,1,15,0
1,1,31,4,4,5,0,1,19,1
0,0,20,1,1,0,0,1,28,2
0,1,20,1,2,2,0,1,5,1
1,1,16,1,2,5,0,1,7,0
0,1,11,1,2,0,0,1,13,1
0,1,62,1,3,0,0,1,8,0
1,1,41,4,6,0,0,1,9,0
1,0,62,3,6,4,0,1,10,1
0,0,14,3,1,1,0,1,11,1
0,0,24,3,2,1,0,1,9,1
1,0,113,12,9,2,0,1,5,1
0,1,14,3,2,2,0,1,9,0
1,0,33,6,2,2,0,1,9,1
1,0,35,3,2,7,0,1,5,1
1,1,66,4,6,0,0,1,14,1
1,0,36,4,2,3,0,1,2,0
1,0,26,2,3,6,0,1,9,1
1,0,25,1,7,6,0,1,9,1
1,0,40,4,4,0,0,1,9,0
1,1,11,2,0,0,0,1,8,1
1,0,70,10,4,17,0,1,35,1
1,1,84,15,3,2,0,1,32,1
0,0,55,1,1,22,0,1,12,1
0,1,65,7,6,6,0,1,8,1
0,0,17,1,3,2,0,1,17,1
1,1,200,1,6,4,0,1,7,0
0,0,26,4,1,0,0,1,18,1
0,1,39,2,4,1,0,1,9,1
1,1,26,4,3,4,0,1,9,0
0,1,52,3,7,2,0,1,8,0
0,1,10,1,0,1,0,1,34,5
0,0,16,1,2,0,0,1,6,0
1,1,47,1,3,14,0,1,15,2
1,1,68,11,6,0,0,1,26,2
0,1,33,2,4,3,0,1,19,2
0,0,12,1,1,1,0,1,15,1
1,1,13,1,2,0,0,1,22,1
0,1,11,1,4,1,0,1,8,1
1,1,49,3,4,5,0,1,8,0
0,0,10,1,3,0,0,1,10,0
0,1,33,1,8,6,0,1,74,3
1,1,151,21,14,5,0,1,15,0
1,1,63,8,7,0,0,1,22,2
0,0,16,1,2,0,0,1,6,0
0,0,36,2,7,6,0,1,22,0
1,1,85,10,7,5,0,1,13,1
1,1,19,2,4,3,0,1,7,1
0,1,21,2,1,0,0,1,13,1
1,1,73,5,2,4,0,1,5,1
0,1,15,3,0,1,0,1,14,1
1,1,19,4,1,3,0,1,11,1
1,0,13,2,1,0,0,1,45,5
1,1,19,1,11,0,0,1,6,1
1,1,21,1,2,0,0,1,9,0
0,0,27,3,4,5,0,1,15,1
1,1,14,2,3,2,0,1,3,0
1,0,135,11,10,6,0,1,9,1
0,0,36,5,3,6,0,1,17,1
0,0,25,2,3,0,0,1,7,0
1,1,93,5,13,6,0,1,6,1
0,0,20,1,2,3,0,1,12,1
0,0,24,3,2,6,0,1,14,1
0,0,39,4,4,2,0,1,7,1
1,0,37,3,4,2,0,1,14,1
0,0,19,1,3,5,0,1,8,0
0,1,17,2,4,2,0,1,7,1
0,0,14,3,0,0,0,1,12,1
1,1,8,1,1,1,0,1,5,0
0,1,17,2,5,0,0,1,9,1
0,1,42,3,2,16,0,1,9,0
0,0,57,1,1,0,0,1,35,6
0,0,9,3,0,0,0,1,12,1
0,1,18,3,1,3,0,1,12,1
1,0,34,2,5,8,0,1,6,0
0,0,57,6,5,1,0,1,9,0
0,0,50,5,7,3,0,1,11,1
0,1,9,1,1,0,0,1,22,2
1,0,65,11,7,6,0,1,5,1
0,1,12,1,3,2,0,1,64,6
0,0,21,3,0,3,0,1,13,2
0,1,12,1,1,0,0,1,55,3
1,1,19,3,0,2,0,1,7,0
1,1,53,5,10,0,0,1,15,1
0,0,16,2,1,1,0,1,10,1
0,0,11,1,1,0,0,1,12,0
0,0,21,2,3,0,0,1,9,0
0,1,27,4,1,0,0,1,11,1
0,1,23,2,4,1,0,1,11,0
0,0,19,3,0,1,0,1,12,1
0,0,46,4,6,1,0,1,10,1
1,0,50,4,0,8,0,1,21,2
1,1,15,2,1,0,0,1,10,1
1,0,24,3,1,2,0,1,9,1
0,1,21,2,4,0,0,1,10,1
1,1,32,6,4,1,0,1,10,0
0,0,27,2,0,3,0,1,17,3
0,0,58,3,9,6,0,1,38,2
1,1,32,3,2,9,0,1,9,1
0,1,25,2,2,8,0,1,21,0
0,0,61,3,5,8,0,1,4,0
0,0,38,4,4,2,0,1,53,2
1,1,61,7,3,11,0,1,6,0
1,0,28,2,4,2,0,1,5,1
0,1,9,1,0,2,0,1,11,1
1,1,28,2,6,1,0,1,11,1
1,1,46,4,7,4,0,1,25,2
0,1,65,6,6,3,0,1,8,1
1,1,19,4,0,2,0,1,54,4
0,1,10,1,1,0,0,1,7,1
1,1,60,8,5,6,0,1,22,3
0,0,100,5,8,14,0,1,13,1
0,1,17,2,1,0,0,1,36,0
1,1,32,3,5,1,0,1,16,2
0,1,8,1,1,0,0,1,7,1
0,0,10,1,1,2,0,1,6,0
1,0,78,1,6,0,0,1,10,1
1,1,21,1,2,1,0,1,35,2
0,0,8,1,0,0,0,1,6,1
0,1,8,1,0,0,0,1,20,1
0,1,16,2,3,0,0,1,11,1
1,0,106,14,16,3,0,1,31,1
1,1,70,5,8,7,0,1,10,1
1,0,16,3,1,3,0,1,12,1
0,1,21,3,2,0,0,1,14,2
0,1,67,8,11,18,0,1,75,4
0,0,12,2,2,1,0,1,24,1
0,1,23,4,1,1,0,1,36,3
0,0,45,7,1,3,0,1,7,0
1,1,19,3,0,0,0,1,14,0
1,1,23,2,2,3,0,1,10,0
0,0,53,4,3,3,0,1,12,0
0,1,11,2,1,0,0,1,11,1
0,0,60,5,10,9,0,1,6,0
0,1,21,3,1,1,0,1,15,1
0,0,76,4,5,16,0,1,18,1
0,0,45,4,2,4,0,1,11,1
0,1,10,2,0,1,0,1,6,0
0,0,24,2,2,1,0,1,5,0
1,0,65,10,2,7,0,1,11,2
0,0,20,3,0,0,0,1,52,4
0,0,6,1,1,0,0,1,16,2
0,0,147,17,16,7,0,1,8,1
0,1,16,1,1,2,0,1,20,1
1,1,27,4,3,1,0,1,6,0
1,0,112,15,8,0,0,1,15,1
1,0,44,4,2,7,0,1,5,1
0,0,18,3,0,2,0,1,14,0
1,1,93,9,2,7,0,1,10,1
1,0,105,10,10,9,0,1,13,2
0,1,27,2,5,1,0,1,11,1
1,1,55,9,3,2,0,1,14,2
0,1,52,3,2,4,0,1,17,1
0,0,54,9,3,0,0,1,17,1
1,0,11,2,1,0,0,1,4,0
0,1,19,2,2,2,0,1,17,0
1,1,49,2,4,0,0,1,6,0
1,0,30,3,3,4,0,1,5,0
0,0,27,3,4,2,0,1,8,0
1,1,75,7,7,5,0,1,13,1
1,0,86,7,9,8,0,1,4,1
1,0,38,6,5,3,0,1,8,1
1,1,9,1,2,1,0,1,14,1
1,0,21,1,0,1,0,1,5,1
1,0,88,5,8,5,0,1,14,2
0,0,12,1,1,3,0,1,18,1
1,1,23,2,3,5,0,1,9,0
0,1,18,1,3,0,0,1,7,0
0,0,18,2,1,1,0,1,17,1
1,1,28,5,2,1,0,1,5,1
1,1,20,3,1,0,0,1,7,0
1,1,30,2,6,0,0,1,9,1
1,0,18,4,1,0,0,1,9,1
0,0,71,7,6,6,0,1,11,1
1,0,43,7,4,3,0,1,7,1
1,0,51,5,4,2,0,1,7,1
0,1,94,11,2,36,0,1,16,1
1,0,20,3,3,1,0,1,7,1
0,0,33,6,2,1,0,1,12,0
0,0,29,3,3,2,0,1,14,2
1,1,10,1,1,0,0,1,9,1
0,1,32,5,3,3,0,1,34,0
0,1,16,2,1,2,0,1,10,1
1,1,48,3,13,0,0,1,2,0
0,0,24,2,2,2,0,1,78,3
1,1,33,3,1,7,0,1,20,1
1,0,200,1,19,40,0,1,10,2
0,0,18,1,5,3,0,1,16,2
0,0,19,2,1,3,0,1,4,0
0,0,32,3,3,0,0,1,11,1
0,1,31,4,3,1,0,1,12,0
1,0,72,10,7,10,0,1,50,0
0,0,38,4,1,0,0,1,9,1
1,1,45,2,1,0,0,1,7,0
0,0,41,4,5,6,0,1,9,1
1,1,60,4,1,5,0,1,8,1
1,0,27,2,4,2,0,1,12,1
1,1,29,3,4,2,0,1,6,1
0,0,23,5,1,0,0,1,20,0
1,1,32,3,3,3,0,1,8,1
0,1,7,2,0,0,0,1,3,0
0,0,19,2,3,0,0,1,12,1
0,0,45,5,1,0,0,1,12,1
0,0,27,3,0,3,0,1,15,1
1,0,17,2,2,0,0,1,6,1
1,0,8,1,0,0,0,1,7,1
0,1,11,1,0,1,0,1,41,4
1,0,98,13,4,0,0,1,7,0
1,0,14,2,1,1,0,1,6,0
1,1,22,3,0,3,0,1,48,2
0,0,49,4,3,10,0,1,7,1
0,0,11,1,1,1,0,1,4,0
0,0,32,2,2,3,0,1,19,1
1,0,55,5,4,21,0,1,9,1
1,1,14,2,1,0,0,1,21,1
1,1,11,1,2,1,0,1,15,0
0,0,38,5,2,0,0,1,11,1
0,0,26,5,2,3,0,1,8,1
0,1,85,8,5,10,0,1,15,1
1,1,32,4,2,3,0,1,21,1
1,0,35,6,1,2,0,1,19,1
0,1,81,5,9,2,0,1,35,1
1,1,48,6,4,1,0,1,25,2
0,1,17,3,1,2,0,1,8,0
0,0,22,2,2,2,0,1,9,1
0,0,9,2,0,0,0,1,8,1
0,0,29,5,0,3,0,1,65,3
0,0,53,5,6,9,0,1,19,2
0,1,13,2,2,1,0,1,8,1
0,1,11,3,0,0,0,1,7,0
0,1,27,1,9,0,0,1,12,1
1,1,26,2,1,3,0,1,27,2
0,1,57,6,7,4,0,1,30,0
0,1,13,2,1,0,0,1,5,1
1,1,19,3,1,0,0,1,13,0
1,1,9,1,1,2,0,1,10,1
0,0,64,9,5,1,0,1,15,1
0,0,66,5,12,2,0,1,6,1
1,0,25,3,3,0,0,1,12,1
0,0,92,10,4,8,0,1,11,1
1,1,48,9,1,0,0,1,12,1
1,1,32,4,1,2,0,1,8,1
0,0,30,3,2,2,0,1,25,3
0,1,13,2,0,1,0,1,25,2
1,1,29,5,2,1,0,1,9,1
0,1,131,4,11,29,0,1,13,0
0,0,78,7,5,0,0,1,12,0
1,1,44,2,7,2,0,1,11,1
1,1,100,12,3,3,0,1,13,1
0,0,9,1,0,0,0,1,11,1
0,0,87,5,15,13,0,1,36,2
0,0,22,2,1,2,0,1,5,0
1,0,60,8,12,4,0,1,8,1
0,1,32,4,4,1,0,1,8,1
0,0,11,1,2,1,0,1,4,0
0,0,72,7,5,7,0,1,8,1
1,1,42,2,8,24,0,1,9,1
0,0,15,1,0,4,0,1,17,1
1,0,18,1,4,3,0,1,5,0
1,1,72,7,6,0,0,1,22,3
1,1,16,3,1,0,0,1,16,1
1,1,73,4,7,7,0,1,12,0
1,1,11,3,0,0,0,1,5,1
0,1,103,9,8,13,0,1,24,2
0,1,15,4,1,0,0,1,8,1
0,0,25,4,2,0,0,1,10,1
0,0,30,3,3,2,0,1,15,0
0,1,15,1,1,0,0,1,9,1
1,1,97,3,12,16,0,1,18,1
1,1,23,3,4,0,0,1,10,1
0,1,59,4,5,5,0,1,17,2
0,1,40,5,1,4,0,1,9,1
1,0,132,13,12,19,0,1,13,2
0,0,47,3,5,1,0,1,25,2
0,1,43,5,2,2,0,1,10,1
1,1,9,2,0,0,0,1,13,1
1,1,16,2,1,0,0,1,8,0
0,0,59,4,12,6,0,1,15,2
1,0,9,1,2,1,0,1,5,0
1,1,7,1,0,2,0,1,7,1
0,0,26,1,2,1,0,1,57,2
0,1,29,4,3,1,0,1,12,1
1,0,75,10,7,2,0,1,5,1
0,0,58,6,5,2,0,1,70,8
1,1,62,6,3,14,0,1,33,2
0,1,38,4,3,2,0,1,10,0
0,0,25,2,9,0,0,1,10,1
0,0,95,13,12,3,0,1,8,0
0,0,12,1,4,4,0,1,26,3
0,0,53,4,10,10,0,1,9,0
0,0,54,4,4,5,0,1,18,1
1,1,15,3,0,0,0,1,4,0
0,0,42,6,5,4,0,1,26,1
1,0,39,7,3,0,0,1,55,1
0,0,14,1,2,0,0,1,30,0
1,1,43,4,1,4,0,1,7,0
0,0,61,7,3,14,0,1,9,1
1,1,114,11,5,1,0,1,12,1
1,0,15,3,1,0,0,1,10,1
1,0,17,2,1,2,0,1,9,1
1,0,84,6,6,0,0,1,25,2
0,0,53,11,2,5,0,1,22,3
0,0,61,3,8,0,0,1,23,1
1,1,23,4,2,0,0,1,10,0
1,1,170,1,12,0,0,1,8,0
0,1,7,1,2,0,0,1,17,2
1,0,22,1,3,4,0,1,29,2
1,0,11,1,3,0,0,1,4,0
0,0,11,1,1,1,0,1,11,1
0,1,110,16,9,11,0,1,41,0
0,0,26,4,2,0,0,1,42,2
0,0,8,1,0,0,0,1,18,2
1,1,62,8,3,13,0,1,15,1
0,0,14,1,3,4,0,1,26,2
0,0,40,2,11,0,0,1,16,1
1,0,65,7,7,0,0,1,28,1
1,1,9,1,0,0,0,1,5,1
0,0,22,4,0,2,0,1,9,1
1,0,15,3,1,0,0,1,52,4
0,0,32,2,9,4,0,1,22,2
1,1,107,1,6,5,0,1,7,0
0,0,75,10,5,0,0,1,5,1
0,0,23,3,3,0,0,1,3,0
0,0,37,4,4,3,0,1,37,1
0,1,82,8,3,5,0,1,30,4
0,0,33,5,2,0,0,1,12,1
0,0,24,3,1,2,0,1,13,1
1,1,21,3,0,2,0,1,8,0
0,1,24,3,1,0,0,1,6,0
0,0,70,8,8,9,0,1,28,3
0,1,37,3,3,1,0,1,8,1
0,1,11,1,1,0,0,1,17,3
0,0,21,1,5,1,0,1,4,1
1,1,85,5,16,18,0,1,18,1
1,0,16,3,1,1,0,1,9,0
1,1,10,1,2,0,0,1,5,1
0,1,74,6,7,7,0,1,9,1
0,1,23,4,1,5,0,1,11,1
0,0,83,10,8,15,0,1,12,0
1,1,13,1,5,1,0,1,33,2
0,0,62,5,7,0,0,1,34,1
1,1,51,5,4,0,0,1,20,1
0,1,40,1,1,5,0,1,33,2
1,0,47,7,3,7,0,1,12,2
0,0,28,3,3,2,0,1,13,1
1,0,39,5,4,4,0,1,6,1
1,1,17,3,0,0,0,1,13,0
0,0,24,1,4,2,0,1,3,0
1,0,39,5,6,0,0,1,7,1
1,0,16,2,0,1,0,1,5,1
0,0,15,2,2,1,0,1,8,1
0,1,25,2,3,0,0,1,12,0
0,0,7,1,1,0,0,1,18,1
0,0,45,6,3,8,0,1,8,3
0,1,9,1,0,0,0,1,11,0
0,1,10,2,0,0,0,1,10,0
1,1,32,3,2,7,0,1,8,1
0,0,68,3,9,0,0,1,15,1
0,1,101,8,1,45,0,1,53,5
1,0,23,5,0,1,0,1,25,2
1,1,15,1,1,1,0,1,12,4
0,0,34,4,4,4,0,1,9,1
0,0,17,2,1,1,0,1,8,0
0,1,30,2,1,4,0,1,9,1
0,0,34,2,6,2,0,1,12,1
0,0,20,3,1,0,0,1,16,1
0,0,36,7,2,0,0,1,12,1
0,0,7,1,0,0,0,1,8,0
0,1,22,2,2,0,0,1,4,0
0,1,26,3,3,0,0,1,3,0
1,0,21,1,3,1,0,1,10,1
1,1,47,5,4,0,0,1,11,0
1,0,32,4,6,1,0,1,7,1
0,1,75,5,5,4,0,1,30,2
0,0,44,3,6,6,0,1,10,1
0,0,91,10,6,3,0,1,10,0
1,1,13,2,1,0,0,1,8,1
1,0,11,2,2,2,0,1,5,1
0,0,67,5,5,14,0,1,8,1
0,1,46,3,2,2,0,1,10,1
1,1,21,2,2,0,0,1,17,0
1,1,16,2,1,3,0,1,40,6
1,1,24,4,2,0,0,1,23,3
1,0,30,3,4,1,0,1,25,1
1,1,12,1,2,0,0,1,7,1
0,0,12,2,1,0,0,1,16,1
0,1,12,2,1,0,0,1,12,2
0,0,23,3,2,0,0,1,9,1
1,0,29,3,2,0,0,1,6,0
0,1,12,1,2,1,0,1,7,0
1,0,19,2,4,3,0,1,4,1
0,0,20,3,2,2,0,1,10,0
0,1,12,2,2,0,0,1,14,0
0,1,10,2,0,0,0,1,13,2
0,0,9,2,0,0,0,1,10,1
1,0,50,1,8,0,0,1,14,1
1,1,37,4,9,0,0,1,7,1
0,0,8,1,2,1,0,1,9,1
1,1,47,9,4,3,0,1,8,0
0,1,15,2,2,0,0,1,8,0
1,1,87,8,13,2,0,1,54,3
0,1,50,1,8,10,0,1,5,0
1,0,55,1,12,4,0,1,35,3
1,1,8,1,3,0,0,1,3,0
0,0,52,7,7,4,0,1,11,1
0,0,16,2,2,0,0,1,9,1
0,1,38,2,1,14,0,1,7,1
0,0,21,1,3,2,0,1,10,0
1,1,13,3,0,0,0,1,3,0
0,1,12,1,3,1,0,1,14,1
0,1,38,2,5,5,0,1,9,1
0,0,81,2,10,2,0,1,11,1
0,1,37,1,5,0,0,1,27,1
0,0,15,2,1,2,0,1,9,1
0,0,49,6,3,1,0,1,16,3
1,1,55,2,4,0,0,1,13,1
0,1,17,1,6,0,0,1,7,0
0,0,25,3,1,1,0,1,13,1
0,1,40,5,1,2,0,1,6,1
0,0,17,3,1,0,0,1,9,0
0,0,13,2,1,0,0,1,10,1
0,1,14,2,1,0,0,1,15,1
0,1,6,1,0,0,0,1,19,1
0,0,14,2,3,0,0,1,6,0
0,0,46,5,0,1,0,1,8,1
0,0,82,10,4,4,0,1,55,2
0,0,35,4,4,2,0,1,9,1
1,0,25,5,0,5,0,1,10,1
1,1,8,1,2,2,0,1,4,1
0,0,28,2,4,3,0,1,5,1
1,0,15,2,2,0,0,1,13,1
0,1,23,2,2,1,0,1,7,1
1,1,11,2,1,0,0,1,17,1
1,1,78,6,5,8,0,1,38,0
0,1,30,3,4,0,0,1,24,4
0,1,49,5,3,1,0,1,19,2
1,0,21,1,2,0,0,1,6,1
0,0,6,1,1,0,0,1,23,1
0,0,48,4,7,11,0,1,7,1
1,0,38,4,4,4,0,1,17,0
0,1,24,3,1,4,0,1,7,0
0,1,37,6,1,0,0,1,37,3
0,1,24,3,1,2,0,1,10,1
1,0,22,4,1,1,0,1,7,1
0,0,26,3,1,1,0,1,11,1
0,1,9,1,2,0,0,1,38,1
0,0,6,1,0,0,0,1,7,0
1,1,154,11,12,21,0,1,8,3
0,0,8,1,1,0,0,1,7,1
1,0,71,4,4,9,0,1,22,1
0,0,33,2,5,0,0,1,24,2
0,1,23,2,4,0,0,1,49,3
0,0,25,2,2,5,0,1,7,0
0,1,10,2,1,0,0,1,11,1
0,0,16,2,2,0,0,1,5,1
0,1,59,9,9,8,0,1,26,2
0,0,28,3,3,1,0,1,3,0
0,1,17,1,4,0,0,1,79,2
1,1,46,8,5,1,0,1,10,1
0,0,73,6,10,2,0,1,34,1
1,0,33,2,5,5,0,1,6,0
1,1,15,1,3,1,0,1,8,0
0,0,11,2,0,2,0,1,8,1
0,0,16,1,4,1,0,1,6,1
0,1,13,3,1,0,0,1,8,0
0,0,23,3,0,2,0,1,9,1
1,0,17,1,3,0,0,1,11,1
1,0,24,3,6,3,0,1,5,1
0,1,108,9,12,27,0,1,42,2
1,0,20,2,7,1,0,1,5,1
0,0,114,11,10,19,0,1,30,2
0,0,18,1,6,4,0,1,6,1
1,1,16,1,2,1,0,1,55,3
0,1,15,1,5,1,0,1,9,1
0,0,14,3,1,0,0,1,16,1
1,0,109,10,13,6,0,1,34,2
1,0,30,2,0,4,0,1,24,2
1,1,41,2,7,0,0,1,5,0
0,1,6,1,0,0,0,1,10,1
1,1,13,1,2,1,0,1,4,0
0,0,20,2,6,2,0,1,8,1
1,0,16,1,3,0,0,1,11,1
0,0,18,1,3,0,0,1,11,1
1,0,108,8,7,32,0,1,20,1
1,0,40,4,4,3,0,1,6,1
1,1,57,6,4,1,0,1,34,2
0,0,111,9,6,7,0,1,76,5
0,0,13,1,2,0,0,1,7,1
0,1,26,4,3,5,0,1,3,0
1,1,72,5,7,9,0,1,14,1
1,0,25,2,1,2,0,1,12,1
0,0,33,5,3,1,0,1,19,1
0,0,23,4,1,0,0,1,25,2
1,1,121,1,5,1,0,1,8,0
1,0,88,12,2,7,0,1,7,0
1,0,9,2,0,0,0,1,7,0
0,1,18,2,2,1,0,1,13,0
0,0,12,2,0,2,0,1,8,1
0,0,29,3,5,1,0,1,15,2
0,1,11,1,1,0,0,1,33,0
1,1,129,9,16,12,0,1,15,1
1,0,96,3,5,3,0,1,26,1
1,1,31,4,4,0,0,1,32,5
0,1,17,1,2,0,0,1,13,1
0,1,33,3,7,2,0,1,15,2
1,0,103,12,5,15,0,1,10,2
0,0,11,2,1,0,0,1,12,1
0,1,22,1,2,2,0,1,7,1
1,1,6,1,0,0,0,1,13,1
0,0,21,2,2,4,0,1,4,1
1,0,26,3,2,1,0,1,7,1
0,0,15,3,0,0,0,1,7,1
1,0,84,9,10,15,0,1,10,1
0,1,10,1,0,0,0,1,16,1
1,1,41,4,4,7,0,1,11,1
1,1,106,14,7,8,0,1,5,0
0,0,83,9,18,2,0,1,7,0
0,1,37,3,5,3,0,1,4,1
1,0,41,4,0,1,0,1,11,1
1,1,27,5,0,4,0,1,4,1
0,1,19,1,3,0,0,1,9,1
1,0,49,2,3,0,0,1,12,1
0,1,32,2,2,8,0,1,21,1
0,0,22,3,1,0,0,1,4,1
0,1,8,1,2,1,0,1,11,1
1,0,19,4,0,0,0,1,27,2
0,1,66,5,11,0,0,1,8,1
0,1,36,1,7,7,0,1,27,2
0,0,68,1,1,10,0,1,16,0
0,0,7,1,1,0,0,1,32,3
0,1,25,2,1,3,0,1,17,1
1,0,127,13,10,20,0,1,14,2
0,1,9,1,2,0,0,1,63,2
0,0,20,3,1,1,0,1,27,4
1,1,92,9,4,6,0,1,9,1
0,1,21,2,2,0,0,1,13,1
0,1,33,4,4,4,0,1,11,1
0,1,32,3,3,3,0,1,6,0
0,1,25,3,3,0,0,1,16,1
0,0,75,10,7,9,0,1,9,0
1,0,46,4,2,3,0,1,9,0
0,0,9,1,1,0,0,1,5,1
0,0,91,2,10,1,0,1,9,1
0,0,12,1,1,4,0,1,9,1
1,0,61,4,11,9,0,1,7,0
1,1,14,1,3,0,0,1,7,0
1,0,14,2,1,0,0,1,12,1
1,0,28,5,2,1,0,1,16,1
1,1,39,6,1,2,0,1,36,1
0,0,59,7,2,9,0,1,17,1
1,1,108,8,13,2,0,1,2,0
0,1,16,1,3,0,0,1,9,1
1,1,49,6,8,5,0,1,13,0
0,1,26,2,2,3,0,1,12,0
1,0,10,1,3,0,0,1,42,0
0,0,32,1,5,1,0,1,21,0
1,1,18,1,4,3,0,1,7,1
0,1,35,3,7,11,0,1,11,0
1,1,44,4,8,5,0,1,12,1
1,0,24,2,2,1,0,1,15,0
1,1,80,12,6,13,0,1,30,1
0,0,18,2,3,2,0,1,13,2
0,1,13,1,3,3,0,1,14,0
0,0,13,1,0,1,0,1,6,0
0,0,32,3,5,0,0,1,12,1
0,0,66,6,4,2,0,1,13,2
1,0,11,2,1,0,0,1,4,1
1,1,12,2,1,1,0,1,11,0
0,0,139,1,5,10,0,1,7,0
1,1,10,1,0,2,0,1,17,0
0,1,50,4,8,3,0,1,78,7
1,1,38,2,4,4,0,1,7,0
0,0,76,10,6,4,0,1,18,1
0,0,5,1,0,0,0,1,9,1
1,0,103,10,9,2,0,1,31,2
1,1,18,1,3,3,0,1,16,1
1,1,19,2,2,3,0,1,29,1
1,0,10,1,2,0,0,1,10,1
1,1,109,10,2,2,0,1,8,1
1,0,15,1,4,1,0,1,7,0
0,0,23,1,4,0,0,1,31,4
0,0,41,7,0,6,0,1,18,0
0,1,62,8,3,0,0,1,10,1
1,0,14,1,0,1,0,1,10,1
1,1,17,3,1,0,0,1,16,1
1,1,56,6,2,1,0,1,4,1
1,1,18,2,2,0,0,1,9,1
0,1,61,2,10,4,0,1,8,1
0,0,19,4,1,1,0,1,9,1
0,0,63,2,12,0,0,1,16,1
1,1,21,4,1,5,0,1,2,0
0,0,10,2,2,0,0,1,10,2
0,0,34,2,3,1,0,1,25,2
0,1,30,1,8,0,0,1,9,2
1,0,61,11,1,6,0,1,8,1
0,0,62,2,16,0,0,1,24,2
0,0,65,9,10,8,0,1,31,0
1,0,62,6,8,4,0,1,26,3
1,0,15,2,2,1,0,1,3,1
0,0,27,3,4,1,0,1,48,1
1,1,22,3,1,0,0,1,5,1
0,0,48,4,7,0,0,1,26,1
1,1,41,5,3,4,0,1,22,2
1,1,33,2,3,0,0,1,11,1
0,1,93,10,4,8,0,1,12,0
0,0,27,1,7,7,0,1,16,1
0,0,15,1,3,5,0,1,9,1
0,1,49,4,8,1,0,1,44,3
0,0,49,2,3,3,0,1,29,1
0,1,9,2,1,2,0,1,5,0
1,0,25,2,1,3,0,1,11,2
1,0,55,9,1,0,0,1,45,5
0,0,18,2,3,0,0,1,7,0
0,1,26,2,1,1,0,1,32,0
1,0,34,6,1,1,0,1,16,0
1,1,30,4,1,2,0,1,42,2
0,0,20,1,5,0,0,1,8,1
0,1,21,2,3,0,0,1,10,1
0,0,13,1,1,0,0,1,8,1
0,0,72,5,7,10,0,1,18,1
1,0,13,2,1,0,0,1,8,3
1,0,75,3,10,3,0,1,10,0
0,0,25,4,2,2,0,1,7,1
0,1,40,6,3,0,0,1,7,1
1,1,41,1,0,3,0,1,7,0
0,1,27,4,2,2,0,1,4,0
1,0,73,8,3,2,0,1,10,1
0,1,29,3,3,1,0,1,14,1
1,0,21,2,2,4,0,1,4,1
1,0,95,6,3,7,0,1,6,1
1,1,28,5,2,2,0,1,7,0
0,0,61,8,4,5,0,1,14,1
1,1,25,4,1,0,0,1,11,1
1,1,8,1,1,1,0,1,5,0
0,0,20,2,1,3,0,1,5,0
0,1,83,3,2,4,0,1,13,1
1,0,29,2,6,1,0,1,5,0
1,1,19,2,1,2,0,1,57,5
0,0,15,3,0,0,0,1,4,1
0,0,48,5,1,2,0,1,29,4
1,1,12,2,2,0,0,1,34,3
1,1,79,3,3,37,0,1,4,0
0,0,81,11,6,2,0,1,11,1
1,0,138,13,15,16,0,1,23,0
1,1,50,6,3,2,0,1,10,1
1,1,18,2,1,1,0,1,13,0
0,1,57,7,11,1,0,1,9,1
0,1,23,1,5,8,0,1,5,1
1,1,76,7,5,9,0,1,10,2
0,1,16,1,3,0,0,1,23,1
1,0,121,12,9,9,0,1,11,1
1,1,20,4,1,2,0,1,9,0
0,1,24,2,9,10,0,1,9,1
0,0,9,1,1,0,0,1,5,0
0,0,50,1,1,0,0,1,8,0
0,1,66,12,4,1,0,1,10,1
1,1,11,1,0,2,0,1,6,1
1,0,139,14,5,22,0,1,45,2
1,0,35,4,4,3,0,1,10,1
1,1,85,4,11,20,0,1,9,1
0,1,9,1,2,0,0,1,17,0
0,0,22,2,2,1,0,1,3,0
1,1,17,1,2,4,0,1,35,2
0,0,17,1,4,1,0,1,7,0
0,0,10,1,2,0,0,1,13,1
1,1,22,3,2,2,0,1,75,3
1,0,30,2,9,1,0,1,4,1
0,0,56,3,5,1,0,1,10,1
1,1,28,4,1,7,0,1,8,0
1,0,15,2,3,2,0,1,9,1
1,0,102,6,4,16,0,1,57,3
1,0,34,3,0,2,0,1,3,0
0,1,25,4,2,2,0,1,9,1
1,1,64,1,1,25,0,1,6,0
1,1,36,4,0,1,0,1,26,1
1,1,56,6,6,4,0,1,13,1
1,1,110,1,3,5,0,1,7,0
0,0,41,5,3,1,0,1,16,1
1,1,22,1,4,5,0,1,4,0
1,1,9,2,1,0,0,1,9,1
0,0,15,2,1,2,0,1,9,0
0,0,45,4,3,9,0,1,13,1
1,0,17,2,6,0,0,1,8,0
1,1,12,2,0,0,0,1,15,1
1,1,41,4,5,2,0,1,8,0
1,0,67,4,2,13,0,1,12,1
0,0,13,1,0,1,0,1,8,1
0,0,22,1,4,0,0,1,8,1
1,1,93,9,9,4,0,1,3,0
1,0,45,4,6,1,0,1,11,1
0,0,59,5,2,2,0,1,11,0
0,1,34,2,3,3,0,1,44,3
1,1,58,10,5,0,0,1,9,0
1,1,10,2,1,0,0,1,6,1
1,1,68,7,4,1,0,1,23,1
1,1,100,10,6,6,0,1,82,1
1,1,31,4,1,2,0,1,7,1
1,0,20,2,3,1,0,1,5,1
1,0,15,2,2,0,0,1,9,0
0,0,28,5,1,3,0,1,9,0
1,1,23,1,5,4,0,1,15,1
1,1,61,8,6,21,0,1,5,1
0,1,25,3,0,1,0,1,10,1
0,0,10,1,5,2,0,1,7,1
1,0,18,3,2,0,0,1,6,0
0,0,13,1,2,1,0,1,13,1
0,1,9,1,1,0,0,1,17,1
0,0,55,4,4,6,0,1,13,1
0,1,42,3,4,0,0,1,8,1
1,1,102,6,4,16,0,1,56,2
1,0,84,8,7,16,0,1,12,0
0,1,10,2,0,2,0,1,7,1
0,0,15,1,4,2,0,1,34,14
0,0,15,1,5,0,0,1,9,1
1,1,33,1,7,3,0,1,10,1
0,1,71,6,3,7,0,1,26,2
1,1,18,1,4,0,0,1,13,0
0,1,26,3,4,0,0,1,45,2
0,0,10,1,0,1,0,1,5,1
1,1,65,5,10,0,0,1,7,1
1,0,53,4,4,5,0,1,8,0
1,1,30,4,2,0,0,1,18,2
0,0,22,2,2,3,0,1,11,0
0,1,32,7,1,3,0,1,15,1
1,1,18,1,3,3,0,1,7,1
0,0,27,1,4,2,0,1,12,1
0,0,55,6,4,2,0,1,11,0
1,1,122,18,11,7,0,1,62,0
1,0,8,1,1,0,0,1,11,1
1,1,22,1,1,7,0,1,3,0
0,1,33,1,4,1,0,1,18,3
0,0,57,3,7,3,0,1,29,1
0,1,17,1,3,2,0,1,10,0
1,1,17,3,0,1,0,1,8,1
1,1,71,5,6,2,0,1,16,1
1,0,16,4,0,0,0,1,11,1
0,0,22,4,3,0,0,1,10,1
1,1,20,2,2,2,0,1,9,0
1,0,45,6,5,5,0,1,10,0
1,0,80,8,3,22,0,1,9,1
1,0,14,3,1,2,0,1,5,1
1,1,66,7,5,4,0,1,10,1
0,0,35,3,3,2,0,1,7,1
0,1,8,1,3,0,0,1,15,3
1,1,9,1,0,0,0,1,11,1
1,1,14,1,5,1,0,1,19,1
0,0,28,3,6,5,0,1,18,1
1,0,53,4,8,13,0,1,44,2
1,0,24,4,1,0,0,1,36,0
1,0,19,3,1,4,0,1,7,0
0,1,15,2,3,1,0,1,15,1
1,0,71,5,8,9,0,1,12,1
1,0,19,2,1,0,0,1,11,0
1,1,32,2,2,1,0,1,7,0
1,1,21,3,0,1,0,1,10,1
1,0,17,1,3,1,0,1,4,1
1,0,47,2,2,10,0,1,3,0
0,1,98,8,9,18,0,1,7,0
0,0,44,5,6,1,0,1,1,0
0,1,42,7,2,3,0,1,8,1
1,1,30,3,2,9,0,1,15,2
0,0,9,1,1,0,0,1,4,0
0,1,20,3,2,0,0,1,7,1
1,1,30,4,2,1,0,1,8,1
1,0,71,2,3,0,0,1,26,3
1,1,44,6,3,0,0,1,7,1
1,0,29,3,6,4,0,1,12,0
0,0,12,1,1,0,0,1,2,0
0,1,19,3,3,0,0,1,13,1
1,1,24,3,2,1,0,1,16,1
1,1,55,5,3,8,0,1,56,5
1,1,32,5,3,2,0,1,40,2
0,0,61,8,4,0,0,1,12,1
0,0,25,2,1,2,0,1,9,1
0,0,42,1,3,24,0,1,3,0
0,1,68,2,11,2,0,1,4,0
0,0,36,4,7,2,0,1,33,2
0,0,54,7,4,0,0,1,20,0
0,1,20,2,1,1,0,1,14,2
0,1,12,1,2,2,0,1,5,1
0,1,26,1,2,2,0,1,36,3
1,1,36,3,4,3,0,1,5,1
0,0,82,11,4,7,0,1,7,1
0,0,32,2,1,1,0,1,12,0
0,0,13,2,1,0,0,1,7,0
0,0,15,3,1,0,0,1,6,1
1,0,35,6,2,1,0,1,17,0
1,0,55,5,4,0,0,1,16,1
1,0,29,4,1,1,0,1,9,0
0,1,8,1,2,1,0,1,26,2
0,1,54,10,3,0,0,1,64,6
1,1,30,1,0,1,0,1,7,0
1,0,41,2,8,0,0,1,7,1
0,1,15,2,2,0,0,1,41,3
1,1,58,9,2,18,0,1,5,1
0,1,47,3,4,0,0,1,30,1
1,1,14,1,3,1,0,1,9,1
1,1,32,3,6,0,0,1,10,1
0,0,63,3,9,17,0,1,70,10
0,0,117,6,13,1,0,1,35,0
1,0,43,2,3,8,0,1,9,1
0,0,17,1,5,1,0,1,3,0
1,1,54,6,8,5,0,1,8,1
1,1,12,1,2,1,0,1,8,1
0,0,52,5,4,5,0,1,10,0
0,0,26,2,3,4,0,1,8,0
0,0,35,1,5,0,0,1,12,0
0,1,22,3,2,1,0,1,8,1
0,1,22,2,4,0,0,1,7,1
1,1,27,2,2,8,0,1,10,1
1,0,31,3,6,4,0,1,11,1
1,0,36,4,5,1,0,1,11,1
0,1,18,2,5,1,0,1,66,1
1,1,19,4,1,0,0,1,6,0
0,1,35,2,9,2,0,1,3,1
0,0,25,4,5,0,0,1,11,0
1,0,22,2,9,2,0,1,65,6
1,0,21,2,1,2,0,1,5,0
1,1,29,2,2,2,0,1,9,1
0,0,23,3,1,0,0,1,20,1
1,1,100,14,6,9,0,1,9,1
1,1,28,3,3,4,0,1,6,0
1,1,39,3,6,5,0,1,10,1
1,1,52,4,3,1,0,1,14,1
1,0,76,2,17,29,0,1,13,2
0,1,10,1,1,0,0,1,10,0
0,1,37,1,5,6,0,1,8,1
0,0,16,1,1,6,0,1,14,0
1,1,33,5,3,1,0,1,11,1
0,1,25,2,3,4,0,1,8,1
1,1,14,1,1,0,0,1,18,1
1,0,17,4,0,2,0,1,17,1
0,0,18,1,5,0,0,1,10,1
0,0,23,3,2,6,0,1,13,1
1,1,16,3,1,0,0,1,10,1
1,0,96,10,9,14,0,1,43,0
0,1,81,9,4,3,0,1,55,3
0,1,29,3,2,1,0,1,24,2
0,1,6,1,2,1,0,1,5,0
1,0,32,4,3,0,0,1,12,0
1,0,76,5,3,5,0,1,8,1
0,1,26,2,6,1,0,1,20,0
1,0,25,3,2,2,0,1,5,1
0,0,30,4,3,0,0,1,13,1
1,1,54,5,9,1,0,1,8,1
1,0,36,3,2,6,0,1,6,1
1,1,55,5,6,8,0,1,11,0
1,0,88,5,9,0,0,1,20,1
1,1,35,3,4,4,0,1,5,1
1,1,11,1,1,0,0,1,11,1
0,0,63,5,6,2,0,1,38,3
1,0,98,7,4,13,0,1,5,1
1,1,20,2,2,0,0,1,14,1
1,0,39,1,2,0,0,1,26,1
0,0,10,1,1,0,0,1,4,1
1,0,106,10,11,8,0,1,7,1
0,0,31,2,2,3,0,1,7,1
0,0,15,1,0,0,0,1,4,0
0,0,31,6,1,0,0,1,8,1
1,0,57,1,5,3,0,1,13,1
0,1,26,3,5,1,0,1,5,1
0,0,55,7,7,0,0,1,3,1
1,1,36,1,3,0,0,1,26,0
0,0,49,4,9,8,0,1,5,0
1,0,14,2,1,0,0,1,8,0
0,0,36,2,0,14,0,1,6,1
1,0,6,1,1,0,0,1,24,2
0,1,17,3,3,0,0,1,6,1
0,1,8,1,1,0,0,1,9,1
1,0,22,4,1,2,0,1,8,1
1,0,58,6,1,6,0,1,8,1
1,1,42,3,8,7,0,1,12,1
0,0,19,3,2,0,0,1,24,1
0,0,17,2,1,0,0,1,9,1
0,1,23,2,0,1,0,1,10,1
0,0,13,1,3,1,0,1,5,1
0,1,11,2,0,0,0,1,7,1
0,0,21,2,2,3,0,1,12,1
1,1,8,1,1,0,0,1,13,1
1,1,11,1,4,1,0,1,3,0
0,0,19,2,2,1,0,1,16,1
1,1,25,1,3,1,0,1,13,1
1,1,29,2,5,1,0,1,7,1
0,1,9,1,0,0,0,1,14,2
1,1,35,7,0,13,0,1,10,0
0,0,48,4,11,1,0,1,14,1
1,0,37,5,3,3,0,1,3,0
1,0,12,1,1,3,0,1,6,0
0,0,47,2,3,9,0,1,7,1
0,1,33,1,4,7,0,1,8,1
0,0,8,1,1,1,0,1,9,1
0,1,47,6,8,0,0,1,10,1
1,0,8,1,2,0,0,1,18,0
0,0,16,1,2,1,0,1,14,1
1,1,75,7,6,7,0,1,39,1
0,0,53,6,7,1,0,1,9,1
0,0,44,3,9,9,0,1,35,5
1,1,62,8,5,3,0,1,12,1
1,0,12,1,1,0,0,1,1,0
1,0,106,12,2,13,0,1,15,1
0,1,25,2,4,1,0,1,42,3
0,0,15,1,1,0,0,1,9,1
0,1,9,1,1,0,0,1,4,1
0,0,183,6,15,11,0,1,10,1
1,0,58,2,4,1,0,1,10,1
0,0,19,1,2,0,0,1,7,0
1,1,11,2,0,0,0,1,9,1
1,0,11,2,3,0,0,1,7,0
0,0,43,7,2,0,0,1,60,4
1,1,103,9,7,2,0,1,11,1
0,1,53,2,1,2,0,1,7,1
0,1,26,2,0,6,0,1,10,2
0,1,19,3,1,2,0,1,12,1
1,1,20,3,1,3,0,1,7,0
0,0,33,3,4,2,0,1,8,1
0,0,30,3,1,3,0,1,72,0
1,1,51,2,6,2,0,1,7,0
1,0,40,7,0,1,0,1,10,0
0,0,11,1,4,1,0,1,5,1
0,1,22,1,6,5,0,1,7,0
1,1,16,1,3,3,0,1,60,4
1,1,34,3,2,6,0,1,28,3
0,0,14,2,2,0,0,1,20,2
0,0,28,4,1,4,0,1,9,0
1,0,9,1,1,1,0,1,4,1
1,1,17,1,3,2,0,1,8,1
1,0,41,2,4,2,0,1,9,1
0,0,47,5,5,0,0,1,26,1
0,1,33,4,2,2,0,1,12,0
0,0,11,2,0,0,0,1,48,0
1,1,19,2,2,1,0,1,7,0
1,1,20,2,1,2,0,1,15,1
0,1,41,4,2,1,0,1,13,1
1,1,8,1,2,0,0,1,5,0
0,0,108,23,5,20,0,1,56,6
1,0,20,2,1,0,0,1,8,1
0,1,24,4,2,1,0,1,9,0
1,1,57,7,4,4,0,1,8,1
0,0,73,7,6,7,0,1,6,1
1,0,46,2,5,10,0,1,3,0
0,0,29,3,1,2,0,1,5,0
0,1,40,5,0,0,0,1,18,1
0,0,25,1,4,0,0,1,15,1
0,0,16,1,2,1,0,1,9,1
1,1,82,13,9,4,0,1,37,0
1,1,25,3,6,3,0,1,10,1
0,1,27,1,5,0,0,1,43,3
1,0,12,1,1,2,0,1,8,1
0,0,36,6,4,1,0,1,9,1
1,0,14,2,1,3,0,1,7,1
0,0,7,1,0,0,0,1,5,0
0,0,94,8,11,14,0,1,5,0
0,0,25,1,2,11,0,1,44,4
0,0,31,2,1,14,0,1,5,0
1,0,15,2,3,0,0,1,12,1
0,0,8,1,0,1,0,1,6,1
0,1,65,9,5,7,0,1,8,1
1,1,90,11,10,4,0,1,30,2
1,1,39,5,6,0,0,1,8,1
0,1,57,5,2,14,0,1,9,1
1,1,17,5,0,0,0,1,10,1
0,0,36,1,4,5,0,1,47,1
1,1,24,3,4,0,0,1,11,1
0,0,34,3,1,3,0,1,7,1
0,0,57,4,6,0,0,1,27,0
1,1,26,2,1,1,0,1,7,1
0,1,39,4,3,9,0,1,26,2
0,0,14,1,2,2,0,1,4,1
0,0,13,1,2,0,0,1,27,1
1,1,58,3,3,10,0,1,3,0
1,0,9,1,1,0,0,1,4,0
0,0,42,1,4,0,0,1,9,1
1,1,17,2,4,0,0,1,42,2
1,1,19,1,3,3,0,1,6,0
0,0,57,1,3,9,0,1,7,0
0,0,36,5,3,1,0,1,7,1
1,0,59,12,4,2,0,1,34,3
0,0,16,3,1,1,0,1,10,1
1,1,32,4,3,0,0,1,24,1
1,1,14,1,1,3,0,1,15,1
0,0,21,3,2,0,0,1,6,1
1,1,14,2,0,1,0,1,12,1
1,0,21,4,1,0,0,1,15,0
0,0,11,1,0,0,0,1,6,0
1,1,55,9,5,2,0,1,7,0
0,1,16,2,1,2,0,1,14,1
1,1,38,5,1,2,0,1,7,0
0,1,49,3,6,0,0,1,23,1
0,0,22,3,2,0,0,1,7,1
1,0,35,3,8,0,0,1,25,1
0,0,19,3,1,0,0,1,15,1
0,0,12,1,1,0,0,1,12,1
0,0,25,5,1,1,0,1,9,1
0,0,21,4,0,2,0,1,22,1
0,0,15,1,3,0,0,1,4,1
1,1,48,6,3,1,0,1,7,1
0,1,25,4,0,0,0,1,5,1
0,1,28,3,6,2,0,1,37,3
0,0,15,1,3,3,0,1,10,1
0,0,52,6,4,0,0,1,10,1
0,1,32,4,3,1,0,1,8,0
1,1,12,3,0,0,0,1,17,1
1,0,23,4,2,0,0,1,13,1
0,1,7,1,1,0,0,1,9,0
0,1,14,1,4,1,0,1,15,0
1,1,60,5,3,11,0,1,15,0
0,1,12,2,2,1,0,1,7,1
1,1,66,5,9,1,0,1,9,1
1,0,20,2,3,0,0,1,15,1
1,1,134,12,9,23,0,1,7,0
0,0,17,2,2,3,0,1,4,0
1,1,17,1,2,4,0,1,3,0
1,1,43,5,4,5,0,1,41,3
0,1,14,1,4,1,0,1,19,2
0,0,47,3,9,4,0,1,7,1
0,0,21,4,1,0,0,1,11,2
1,1,13,1,5,0,0,1,30,4
1,0,46,3,4,3,0,1,10,1
0,1,10,1,1,1,0,1,9,1
0,1,10,1,4,0,0,1,17,1
0,0,19,1,6,6,0,1,46,2
1,1,40,4,4,11,0,1,11,1
1,1,49,3,9,3,0,1,5,1
1,0,61,4,5,12,0,1,18,0
1,0,91,8,7,3,0,1,13,1
1,0,21,1,6,1,0,1,6,1
0,1,15,1,2,0,0,1,14,0
1,1,24,4,2,1,0,1,9,1
0,0,20,4,0,1,0,1,2,0
0,1,10,1,2,2,0,1,10,1
0,0,8,1,1,0,0,1,22,1
1,1,90,5,15,6,0,1,11,1
1,0,67,10,1,1,0,1,11,1
0,0,16,2,1,1,0,1,3,0
0,0,22,2,4,6,0,1,8,0
0,0,22,1,4,3,0,1,4,1
0,0,85,5,11,5,0,1,44,4
1,1,50,6,7,1,0,1,17,1
1,0,13,1,3,2,0,1,12,1
1,1,31,4,1,2,0,1,7,0
0,1,48,5,5,3,0,1,9,1
1,0,63,5,6,2,0,1,9,2
0,0,63,1,17,17,0,1,4,0
0,0,59,5,7,5,0,1,4,0
0,1,23,3,1,0,0,1,18,1
1,1,67,6,9,4,0,1,4,0
0,0,41,2,7,10,0,1,7,1
0,0,40,4,1,3,0,1,20,1
0,0,43,5,6,11,0,1,35,3
0,0,18,4,0,3,0,1,12,1
1,0,24,2,1,2,0,1,7,0
1,0,33,6,1,1,0,1,11,1
0,0,12,3,0,2,0,1,6,1
0,0,41,4,5,0,0,1,2,0
0,1,25,3,3,1,0,1,23,3
1,0,84,12,6,3,0,1,15,1
0,1,16,3,2,0,0,1,14,1
0,0,29,2,2,1,0,1,5,1
0,1,28,3,3,0,0,1,29,4
1,1,64,6,6,9,0,1,5,1
1,1,8,2,0,0,0,1,8,1
1,1,28,3,3,1,0,1,75,4
0,1,18,3,2,1,0,1,9,1
1,1,29,1,6,2,0,1,18,1
1,0,22,4,1,3,0,1,14,1
1,0,63,6,2,5,0,1,37,6
0,0,11,1,1,2,0,1,6,1
0,1,43,6,4,2,0,1,18,1
0,1,12,3,1,0,0,1,31,2
0,0,20,1,3,3,0,1,11,1
0,0,112,13,2,27,0,1,9,1
0,1,32,4,1,3,0,1,37,1
0,0,14,3,1,0,0,1,7,0
1,0,56,6,5,7,0,1,3,1
1,1,14,1,3,0,0,1,26,5
1,1,35,6,2,0,0,1,3,1
0,0,32,2,6,1,0,1,31,4
0,0,62,1,5,2,0,1,7,0
0,1,11,2,1,1,0,1,7,1
1,1,55,5,5,0,0,1,3,1
1,0,37,3,3,5,0,1,6,1
1,0,11,2,1,0,0,1,14,2
1,1,38,3,8,6,0,1,42,3
0,0,22,3,4,3,0,1,8,1
0,0,17,3,1,0,0,1,36,2
1,1,28,4,2,1,0,1,14,0
0,0,18,3,1,2,0,1,17,2
0,0,57,7,5,4,0,1,14,1
0,1,12,1,1,3,0,1,5,0
1,0,14,1,2,0,0,1,19,1
0,1,21,2,1,3,0,1,8,1
0,0,143,9,4,0,0,1,14,1
1,0,43,3,1,3,0,1,5,0
1,1,25,1,9,1,0,1,3,0
1,0,64,4,3,13,0,1,5,0
0,1,16,2,2,1,0,1,14,1
0,0,11,1,4,0,0,1,7,1
0,1,28,3,2,4,0,1,24,4
0,1,15,2,2,1,0,1,29,2
0,1,42,2,6,4,0,1,9,2
1,1,35,3,10,0,0,1,14,1
0,0,77,1,11,0,0,1,10,1
1,0,20,1,2,1,0,1,31,3
0,0,19,2,4,5,0,1,5,1
0,0,29,2,8,5,0,1,4,0
0,0,14,2,0,0,0,1,20,1
1,0,46,3,1,16,0,1,5,0
1,1,99,7,11,4,0,1,9,0
0,0,71,4,4,8,0,1,10,1
0,1,29,3,2,0,0,1,47,2
1,1,72,7,4,0,0,1,43,6
0,1,14,1,2,3,0,1,42,8
0,0,16,2,1,2,0,1,9,0
0,1,32,5,5,4,0,1,10,1
1,1,37,5,0,2,0,1,3,0
0,0,36,5,3,0,0,1,16,2
0,0,8,1,0,0,0,1,3,0
1,0,17,2,2,0,0,1,9,2
1,1,38,3,0,1,0,1,42,4
0,1,12,2,1,0,0,1,14,1
1,0,124,13,9,0,0,1,23,2
1,0,117,10,5,5,0,1,10,1
1,0,23,3,1,0,0,1,10,0
0,0,9,1,1,0,0,1,15,1
0,0,12,2,0,0,0,1,12,1
0,1,11,1,1,0,0,1,26,4
0,1,103,14,7,2,0,1,45,1
0,1,13,1,1,1,0,1,12,1
1,1,70,8,7,5,0,1,4,0
0,0,25,3,3,1,0,1,10,1
0,0,30,3,3,2,0,1,11,1
1,1,47,5,3,0,0,1,11,1
0,0,87,9,8,2,0,1,46,3
1,1,13,1,1,3,0,1,10,0
1,1,13,3,0,0,0,1,33,2
1,1,30,4,3,1,0,1,11,1
0,0,48,1,7,14,0,1,54,4
1,0,18,3,1,0,0,1,6,0
1,0,19,3,4,0,0,1,8,0
0,0,13,1,3,0,0,1,8,1
1,0,83,11,10,8,0,1,6,0
1,1,26,4,1,0,0,1,9,1
0,1,74,1,3,1,0,1,7,0
1,0,91,10,10,3,0,1,10,1
1,1,54,4,11,1,0,1,14,0
1,0,9,1,4,2,0,1,9,2
0,0,26,2,2,0,0,1,25,1
0,1,11,2,1,0,0,1,25,1
1,1,30,3,3,1,0,1,18,2
1,1,92,9,6,13,0,1,9,0
0,0,31,2,3,6,0,1,46,3
0,1,13,2,1,0,0,1,59,3
1,1,57,3,2,3,0,1,7,1
0,0,11,2,1,0,0,1,11,1
0,0,8,1,0,0,0,1,13,0
0,0,45,6,5,0,0,1,5,1
1,0,41,6,4,3,0,1,7,1
0,0,24,2,0,3,0,1,9,1
1,1,18,2,2,3,0,1,8,0
0,1,17,3,1,0,0,1,6,1
1,1,11,1,4,0,0,1,18,1
0,1,9,2,1,0,0,1,11,1
0,0,27,4,2,1,0,1,7,1
1,1,13,3,0,0,0,1,12,1
0,0,25,1,1,2,0,1,6,1
1,1,7,1,1,1,0,1,20,1
0,1,33,2,8,8,0,1,5,1
1,1,11,2,0,0,0,1,10,1
0,0,20,2,3,3,0,1,23,2
1,1,17,1,5,1,0,1,5,0
0,1,23,3,4,2,0,1,9,1
1,0,26,1,5,0,0,1,8,1
0,0,38,4,3,3,0,1,10,1
0,0,60,8,4,2,0,1,7,0
1,1,95,5,6,4,0,1,42,3
1,1,85,10,7,6,0,1,27,2
1,0,42,3,9,1,0,1,15,2
0,0,13,1,1,1,0,1,24,2
1,1,22,1,2,0,0,1,12,1
0,0,19,3,1,0,0,1,40,1
0,1,31,5,2,0,0,1,46,3
0,0,43,7,1,0,0,1,7,1
1,1,109,12,10,5,0,1,11,1
0,0,34,3,4,9,0,1,53,4
0,0,37,2,5,1,0,1,22,1
0,1,56,5,5,9,0,1,31,2
0,1,74,8,3,3,0,1,6,1
1,1,45,4,8,4,0,1,25,1
0,0,98,13,5,5,0,1,6,0
1,1,21,2,2,3,0,1,8,1
1,1,100,6,13,7,0,1,10,2
0,0,48,2,1,5,0,1,7,1
1,1,58,6,5,1,0,1,9,1
0,1,44,6,3,6,0,1,5,0
0,0,10,1,2,1,0,1,4,0
1,0,10,1,1,1,0,1,6,0
1,0,103,5,14,2,0,1,11,0
1,1,177,1,10,4,0,1,7,0
1,0,23,2,3,0,0,1,18,2
1,0,52,4,6,2,0,1,7,1
1,0,93,4,5,28,0,1,6,0
0,1,16,4,0,0,0,1,14,1
0,0,45,6,2,2,0,1,12,1
0,1,20,2,1,0,0,1,7,1
0,1,29,2,3,4,0,1,12,0
1,0,57,6,8,9,0,1,14,0
1,0,24,3,2,4,0,1,2,0
0,1,18,3,1,0,0,1,7,0
0,0,20,1,1,1,0,1,6,1
0,0,14,3,0,0,0,1,4,1
1,1,9,1,1,1,0,1,4,0
1,1,35,6,3,6,0,1,23,1
1,0,30,4,6,1,0,1,25,1
1,1,44,5,7,0,0,1,8,0
1,1,43,5,1,4,0,1,10,0
1,0,78,6,2,5,0,1,9,1
0,1,13,2,1,1,0,1,10,1
0,0,16,2,1,1,0,1,8,1
0,1,30,4,2,0,0,1,7,1
0,0,24,2,1,2,0,1,15,1
0,0,35,2,1,9,0,1,10,1
0,0,9,1,0,1,0,1,3,1
0,1,15,2,1,0,0,1,5,0
1,1,39,4,4,6,0,1,54,2
1,0,148,16,8,17,0,1,36,0
1,1,39,3,8,1,0,1,23,4
0,0,18,2,2,0,0,1,17,1
0,0,80,9,4,6,0,1,15,0
0,0,20,4,0,2,0,1,18,1
1,1,48,4,4,1,0,1,5,1
1,0,30,2,1,5,0,1,6,0
0,0,8,1,0,3,0,1,16,1
0,0,26,4,2,0,0,1,6,0
0,1,24,3,1,1,0,1,9,1
1,0,17,1,7,1,0,1,13,0
1,0,20,3,1,4,0,1,6,1
1,1,87,9,7,1,0,1,44,2
1,1,54,2,5,0,0,1,9,0
0,0,17,2,3,0,0,1,4,1
1,1,32,4,4,0,0,1,9,1
0,1,12,1,5,0,0,1,32,2
0,0,22,3,5,3,0,1,7,1
1,1,36,1,1,0,0,1,8,0
1,1,43,4,3,4,0,1,59,3
1,1,27,3,1,1,0,1,13,0
0,0,59,4,10,1,0,1,7,0
1,1,97,4,7,1,0,1,47,2
1,1,22,2,1,2,0,1,3,1
1,0,130,19,12,2,0,1,12,1
0,1,41,6,2,0,0,1,3,0
0,1,15,2,1,0,0,1,14,0
1,1,28,2,1,1,0,1,42,1
1,1,20,2,1,0,0,1,7,1
1,1,123,4,18,28,0,1,2,0
0,0,18,2,0,1,0,1,13,2
0,0,13,2,3,2,0,1,3,1
1,1,42,4,9,1,0,1,6,1
1,0,9,1,2,0,0,1,5,0
0,0,36,4,5,1,0,1,7,1
0,0,27,4,3,0,0,1,7,1
0,1,24,2,3,0,0,1,14,2
1,1,89,13,7,6,0,1,44,2
0,0,32,2,5,1,0,1,12,1
1,0,21,3,1,0,0,1,3,1
1,0,13,2,1,0,0,1,12,2
1,1,49,3,7,6,0,1,13,1
0,1,27,1,5,4,0,1,18,1
1,1,45,6,3,2,0,1,10,1
0,1,17,1,2,0,0,1,3,0
0,1,14,1,2,1,0,1,5,1
0,1,34,4,2,1,0,1,12,2
0,0,24,2,2,4,0,1,7,1
0,0,12,2,1,0,0,1,13,0
0,0,26,1,5,4,0,1,44,2
0,0,41,5,1,2,0,1,7,0
1,0,67,6,10,2,0,1,54,4
1,1,22,4,2,0,0,1,8,0
0,1,23,4,3,5,0,1,20,1
1,1,11,1,0,1,0,1,8,1
0,1,13,1,3,0,0,1,41,0
0,1,16,2,2,3,0,1,15,1
0,0,23,4,1,0,0,1,14,2
1,1,46,4,2,3,0,1,10,1
0,1,14,1,1,0,0,1,20,0
1,1,8,1,0,0,0,1,10,1
1,0,22,2,4,1,0,1,4,1
0,1,14,1,2,0,0,1,6,1
1,0,73,4,18,0,0,1,11,2
1,1,111,4,13,2,0,1,17,0
0,0,53,7,4,1,0,1,10,1
0,1,67,6,7,10,0,1,54,2
1,1,64,5,4,3,0,1,13,1
0,0,10,2,0,0,0,1,8,0
1,1,26,1,6,0,0,1,17,2
0,1,18,1,1,1,0,1,15,1
0,0,34,1,4,0,0,1,9,0
0,1,23,2,6,2,0,1,10,0
1,0,27,1,2,0,0,1,7,0
1,0,93,12,9,0,0,1,5,0
1,1,13,3,0,1,0,1,14,1
1,1,40,3,9,7,0,1,7,0
1,0,118,9,13,8,0,1,11,1
1,0,12,3,0,6,0,1,17,2
0,0,53,7,5,0,0,1,16,2
0,0,22,3,2,0,0,1,9,0
1,1,24,1,3,1,0,1,9,0
1,1,37,6,6,2,0,1,16,1
0,0,32,3,4,1,0,1,19,3
1,1,62,5,7,4,0,1,9,1
1,1,21,4,1,0,0,1,16,1
1,1,13,2,0,5,0,1,16,0
0,0,15,2,2,2,0,1,10,1
1,1,13,3,0,0,0,1,9,1
1,0,41,2,4,1,0,1,4,0
1,1,31,3,2,2,0,1,9,1
1,1,38,5,4,0,0,1,10,1
0,0,26,1,2,2,0,1,4,0
1,1,47,7,1,2,0,1,17,1
0,1,7,1,1,0,0,1,11,1
0,0,13,1,5,1,0,1,5,1
0,1,10,1,1,0,0,1,10,1
1,1,54,6,5,11,0,1,23,1
1,1,26,3,4,0,0,1,7,1
1,0,61,4,5,8,0,1,9,1
0,0,17,1,2,0,0,1,13,1
1,0,111,16,10,1,0,1,15,1
0,0,31,3,4,2,0,1,11,0
1,0,11,1,2,0,0,1,11,0
0,0,45,5,2,4,0,1,16,1
1,1,100,10,2,55,0,1,12,1
0,0,26,3,1,1,0,1,9,0
0,1,35,3,4,9,0,1,33,3
1,1,58,5,7,7,0,1,17,0
1,0,145,10,7,36,0,1,12,1
0,0,44,2,6,2,0,1,6,1
0,1,14,2,1,2,0,1,10,1
1,1,130,13,6,4,0,1,62,0
1,0,47,7,2,0,0,1,27,2
0,1,35,4,2,2,0,1,9,1
0,0,10,1,1,0,0,1,18,2
0,1,22,1,1,1,0,1,18,0
1,0,27,3,2,2,0,1,5,1
0,1,55,7,2,1,0,1,3,0
1,1,45,8,2,0,0,1,40,3
0,0,51,1,9,0,0,1,7,0
1,0,112,1,4,11,0,1,7,0
1,1,19,1,3,1,0,1,8,1
0,0,48,5,6,1,0,1,4,1
1,1,31,3,2,1,0,1,23,1
0,1,30,4,0,3,0,1,12,0
0,1,15,3,0,0,0,1,1,0
0,1,57,6,8,0,0,1,34,2
1,0,49,3,5,14,0,1,13,0
1,1,118,10,20,19,0,1,55,3
0,0,67,4,7,22,0,1,4,0
1,0,20,1,2,0,0,1,14,0
1,0,14,2,1,3,0,1,8,1
0,0,41,4,2,3,0,1,15,3
1,1,10,1,0,1,0,1,33,2
0,1,62,3,7,5,0,1,10,1
1,1,5,1,2,0,0,1,8,1
1,0,14,3,1,0,0,1,7,1
0,1,14,2,5,2,0,1,15,1
1,1,15,1,1,3,0,1,18,2
1,1,28,3,2,2,0,1,4,1
1,0,13,2,1,0,0,1,7,1
1,1,15,3,0,0,0,1,22,1
1,0,55,6,6,5,0,1,34,2
0,0,34,4,1,0,0,1,10,0
0,0,60,8,3,6,0,1,20,1
1,1,10,1,2,0,0,1,10,1
0,0,82,4,26,26,0,1,16,4
0,1,39,3,6,1,0,1,14,1
1,0,24,1,1,9,0,1,8,1
0,0,121,3,2,83,0,1,11,1
0,0,22,1,1,3,0,1,5,1
1,0,24,4,2,0,0,1,5,1
1,1,11,2,2,1,0,1,6,0
0,0,66,4,2,21,0,1,9,0
0,1,9,2,1,0,0,1,25,2
0,0,9,1,1,0,0,1,7,1
0,0,67,7,7,3,0,1,8,1
1,1,26,3,1,2,0,1,13,0
0,0,19,3,2,0,0,1,20,2
1,1,14,1,2,0,0,1,8,1
0,0,28,3,3,0,0,1,5,1
0,0,23,2,2,2,0,1,6,1
0,1,78,7,8,26,0,1,4,0
0,0,39,3,3,5,0,1,11,0
0,1,13,2,1,0,0,1,9,1
1,1,25,1,3,0,0,1,22,4
0,0,26,1,6,0,0,1,13,1
0,0,23,1,4,5,0,1,4,0
0,1,27,3,1,2,0,1,6,1
1,1,17,3,1,4,0,1,6,1
0,1,28,2,3,4,0,1,53,5
0,1,22,5,1,0,0,1,18,1
0,1,10,1,2,0,0,1,27,1
0,1,15,3,2,3,0,1,5,0
1,1,72,8,7,1,0,1,58,1
0,1,39,7,4,0,0,1,12,1
0,1,17,3,0,0,0,1,13,0
0,0,110,11,3,5,0,1,28,0
1,1,22,2,1,1,0,1,6,1
1,0,72,6,7,13,0,1,6,1
0,0,16,2,0,1,0,1,17,1
0,0,12,2,2,0,0,1,11,1
1,1,37,5,3,1,0,1,28,0
1,1,56,5,6,2,0,1,24,1
0,0,28,3,1,2,0,1,3,1
0,0,44,5,3,6,0,1,13,1
1,0,10,1,0,2,0,1,4,0
0,0,14,1,4,1,0,1,22,3
0,1,13,1,1,2,0,1,9,1
0,1,19,1,3,0,0,1,7,1
0,0,65,3,5,11,0,1,5,1
1,0,14,2,1,1,0,1,7,0
1,0,54,16,1,0,0,1,3,0
1,1,15,1,2,3,0,1,8,0
0,0,61,3,8,1,0,1,30,1
1,1,11,3,0,1,0,1,4,0
1,1,96,2,14,10,0,1,5,1
0,0,21,3,1,4,0,1,12,1
0,0,16,2,1,1,0,1,16,2
0,1,35,1,4,3,0,1,8,1
1,0,31,3,2,3,0,1,32,2
1,0,79,1,5,2,0,1,7,0
1,1,65,6,7,9,0,1,11,0
0,1,58,6,3,9,0,1,10,1
0,1,20,2,3,0,0,1,9,0
1,1,92,7,7,20,0,1,7,0
1,0,59,5,5,2,0,1,26,6
0,0,89,9,9,18,0,1,4,0
1,0,28,5,3,5,0,1,8,1
1,1,24,1,6,5,0,1,56,2
1,0,38,3,5,7,0,1,12,1
0,0,26,3,2,0,0,1,24,1
0,0,19,3,1,0,0,1,6,1
1,0,9,1,1,1,0,1,11,0
0,1,17,2,2,2,0,1,21,0
1,0,23,4,1,4,0,1,10,1
0,0,14,1,0,1,0,1,8,1
0,0,15,2,1,0,0,1,24,1
1,1,29,4,3,0,0,1,9,1
0,0,70,1,14,0,0,1,43,3
1,1,7,1,1,0,0,1,9,0
1,1,28,3,2,0,0,1,18,0
1,1,14,2,2,0,0,1,15,2
1,1,14,2,1,4,0,1,4,0
0,0,35,2,6,1,0,1,7,1
0,1,12,2,0,0,0,1,22,0
1,0,25,2,4,3,0,1,12,0
0,0,12,1,6,0,0,1,5,1
1,1,75,6,4,8,0,1,6,1
0,1,17,2,0,1,0,1,13,1
1,1,15,2,1,1,0,1,2,0
0,0,11,1,2,0,0,1,33,3
1,0,108,8,9,17,0,1,7,1
0,0,12,1,3,2,0,1,14,0
0,0,9,1,0,1,0,1,6,1
0,0,25,4,2,1,0,1,13,1
1,1,89,5,16,5,0,1,18,1
1,1,34,3,0,2,0,1,9,1
0,0,90,10,6,7,0,1,41,1
0,1,96,6,12,0,0,1,26,2
1,1,28,3,2,2,0,1,9,1
1,1,15,2,4,1,0,1,46,4
0,0,62,11,3,0,0,1,12,1
0,0,23,3,3,1,0,1,10,1
1,1,15,2,1,0,0,1,12,0
0,0,13,3,0,0,0,1,9,1
0,1,24,1,2,0,0,1,12,1
0,0,21,1,3,5,0,1,6,1
0,0,8,1,5,0,0,1,8,1
1,1,9,1,2,0,0,1,14,0
1,1,39,2,5,0,0,1,16,1
0,1,10,1,0,1,0,1,7,1
0,0,27,1,2,1,0,1,53,7
1,1,31,3,4,3,0,1,20,2
1,1,75,10,8,0,0,1,79,6
1,0,30,6,3,3,0,1,12,1
0,1,20,2,1,1,0,1,7,1
0,1,10,2,1,0,0,1,7,0
1,0,20,3,2,1,0,1,12,0
0,0,20,1,6,0,0,1,10,1
1,0,9,1,1,1,0,1,7,0
0,0,12,2,1,0,0,1,16,1
0,0,74,6,8,3,0,1,2,0
0,0,34,5,1,2,0,1,53,4
1,1,28,3,1,2,0,1,42,0
1,1,25,3,1,3,0,1,9,0
1,1,27,3,4,1,0,1,16,2
0,0,47,3,4,4,0,1,9,1
1,0,54,7,7,0,0,1,15,1
0,1,31,3,7,3,0,1,9,1
0,1,25,4,0,4,0,1,7,1
1,0,15,2,3,0,0,1,20,1
1,1,10,1,1,0,0,1,14,0
1,1,63,8,5,1,0,1,14,0
1,1,18,1,2,1,0,1,6,1
0,0,11,1,8,1,0,1,4,0
0,0,30,4,1,2,0,1,13,1
1,1,36,5,2,0,0,1,8,1
1,0,25,1,1,0,0,1,8,0
1,1,61,6,5,6,0,1,14,0
1,1,17,3,1,4,0,1,15,3
1,0,8,1,1,0,0,1,5,1
0,1,13,2,2,1,0,1,3,0
0,0,37,2,7,0,0,1,4,0
1,1,9,2,0,2,0,1,4,1
1,1,12,1,2,0,0,1,70,1
0,0,11,3,0,1,0,1,14,1
0,0,35,1,3,1,0,1,7,0
1,0,110,9,5,6,0,1,32,1
1,0,109,13,11,14,0,1,25,2
1,1,48,3,9,4,0,1,7,0
1,1,24,2,1,0,0,1,9,1
1,0,50,3,6,0,0,1,7,0
0,1,52,3,6,0,0,1,12,0
0,0,43,4,5,7,0,1,15,1
1,1,21,2,2,1,0,1,14,0
1,1,21,2,3,2,0,1,12,1
1,0,67,6,4,6,0,1,11,1
1,1,51,4,4,3,0,1,11,1
1,0,48,2,9,8,0,1,5,1
0,1,38,1,8,5,0,1,7,0
1,1,40,4,5,4,0,1,45,2
1,1,34,4,3,1,0,1,13,2
1,1,22,3,1,0,0,1,11,1
1,1,10,1,1,0,0,1,6,0
0,1,9,1,1,0,0,1,6,0
1,1,40,3,5,5,0,1,4,0
0,1,29,4,1,8,0,1,7,0
1,1,22,2,3,3,0,1,25,2
0,1,17,1,1,1,0,1,28,2
1,1,67,9,1,4,0,1,22,1
0,1,91,12,13,3,0,1,25,1
0,1,24,2,4,0,0,1,9,1
1,1,75,6,4,5,0,1,21,1
0,1,24,1,2,0,0,1,10,1
0,1,13,1,1,1,0,1,28,4
0,0,10,2,1,0,0,1,26,1
0,1,48,3,3,7,0,1,71,3
0,0,45,2,7,6,0,1,8,1
0,1,39,4,1,2,0,1,5,1
1,0,89,8,11,14,0,1,4,1
0,1,56,5,4,5,0,1,10,0
1,0,19,2,1,2,0,1,10,1
0,0,94,9,10,13,0,1,11,1
1,1,17,2,1,1,0,1,18,1
1,0,129,1,0,12,0,1,11,1
0,0,9,1,1,0,0,1,22,1
0,1,41,2,8,0,0,1,39,0
0,0,26,3,3,0,0,1,16,0
1,1,24,4,1,1,0,1,6,1
1,0,32,2,3,4,0,1,11,1
1,1,49,6,8,14,0,1,10,1
0,0,20,3,1,3,0,1,16,2
1,1,18,1,2,2,0,1,15,2
0,0,36,3,3,3,0,1,12,1
0,1,32,3,0,4,0,1,6,1
1,1,12,2,2,0,0,1,10,2
1,0,15,2,1,0,0,1,7,0
0,0,6,2,0,1,0,1,3,0
0,1,9,1,1,1,0,1,12,1
1,0,25,3,3,1,0,1,11,1
1,0,38,5,3,1,0,1,13,1
1,0,41,2,10,4,0,1,22,1
1,0,24,1,5,0,0,1,6,1
1,0,32,4,3,0,0,1,16,1
1,1,11,1,2,1,0,1,15,2
1,1,35,1,7,10,0,1,41,3
0,1,31,5,2,0,0,1,25,1
0,0,21,2,4,1,0,1,17,0
1,0,25,3,2,0,0,1,4,0
0,1,25,1,5,1,0,1,9,1
1,1,15,1,2,1,0,1,5,1
1,0,109,13,10,2,0,1,13,1
0,1,38,6,3,2,0,1,37,3
0,0,25,2,4,6,0,1,11,3
1,0,39,1,5,3,0,1,6,1
0,0,13,2,0,0,0,1,9,1
1,1,65,8,3,0,0,1,5,0
0,1,33,2,7,4,0,1,8,0
1,0,50,5,3,16,0,1,11,1
1,1,24,2,3,0,0,1,10,1
1,0,37,4,5,4,0,1,10,1
1,1,9,1,2,2,0,1,5,0
0,0,14,1,2,2,0,1,6,0
0,0,20,2,1,1,0,1,12,0
0,1,45,3,6,2,0,1,7,1
1,0,13,3,0,0,0,1,6,1
0,1,63,2,11,10,0,1,9,1
0,0,10,1,1,4,0,1,7,1
0,0,51,5,3,0,0,1,38,1
1,1,38,4,4,8,0,1,4,0
0,0,15,3,0,0,0,1,28,2
0,1,13,3,0,1,0,1,7,1
1,1,23,2,6,2,0,1,6,1
0,1,35,3,2,1,0,1,20,2
1,1,42,3,9,13,0,1,3,0
1,1,25,3,1,3,0,1,14,0
1,1,19,2,4,0,0,1,14,1
0,0,17,1,4,0,0,1,6,1
0,1,41,7,4,1,0,1,34,0
0,1,129,7,15,24,0,1,70,1
1,0,16,3,1,0,0,1,9,0
0,0,53,4,5,3,0,1,6,0
0,0,24,2,4,2,0,1,13,0
0,0,43,8,3,3,0,1,29,3
1,0,24,5,0,0,0,1,13,1
0,1,10,1,5,0,0,1,8,2
1,0,47,3,3,8,0,1,4,1
0,0,42,8,3,0,0,1,12,1
0,0,25,1,3,1,0,1,53,1
1,1,80,9,1,4,0,1,7,1
0,0,71,4,8,8,0,1,8,0
1,1,41,2,7,1,0,1,11,1
1,0,97,17,4,1,0,1,16,1
0,0,16,1,2,1,0,1,7,1
0,0,31,4,5,2,0,1,7,0
1,0,23,3,2,0,0,1,9,0
0,0,22,4,1,4,0,1,19,1
1,0,42,4,3,3,0,1,11,0
0,0,23,2,2,3,0,1,11,0
1,1,10,2,1,1,0,1,5,1
0,1,52,5,8,3,0,1,19,2
1,1,18,5,1,1,0,1,8,1
1,1,15,2,1,0,0,1,12,2
0,1,9,2,1,0,0,1,5,0
0,0,16,1,3,0,0,1,11,1
0,0,41,5,5,0,0,1,29,2
1,1,33,2,6,2,0,1,10,1
0,0,20,1,1,5,0,1,7,0
0,1,15,1,2,0,0,1,19,3
1,1,61,5,7,10,0,1,9,0
1,1,15,1,3,2,0,1,11,1
0,0,30,4,2,1,0,1,12,1
0,1,50,4,7,2,0,1,28,1
0,0,16,1,3,1,0,1,6,0
0,1,22,2,3,2,0,1,11,1
0,0,119,9,8,23,0,1,46,10
0,0,72,8,4,2,0,1,19,1
0,1,90,9,6,14,0,1,7,1
1,1,41,6,5,0,0,1,7,0
0,0,13,2,1,0,0,1,8,1
0,0,30,5,1,6,0,1,2,1
0,0,15,3,1,0,0,1,8,0
1,0,26,2,6,1,0,1,9,0
1,0,16,3,1,0,0,1,17,2
0,0,22,3,3,0,0,1,13,1
1,1,120,14,10,12,0,1,29,1
0,0,9,1,1,1,0,1,8,1
0,0,27,1,4,2,0,1,8,1
1,0,108,5,20,7,0,1,1,0
1,1,89,7,7,6,0,1,5,0
1,1,35,3,3,2,0,1,47,3
0,1,20,3,1,2,0,1,5,0
1,0,35,4,1,3,0,1,8,1
1,0,109,7,13,0,0,1,7,1
0,1,52,3,5,0,0,1,14,1
0,1,9,1,4,2,0,1,32,2
1,0,37,5,4,0,0,1,30,1
1,1,22,3,2,2,0,1,10,1
0,0,64,7,4,7,0,1,11,1
0,1,47,5,5,7,0,1,29,1
0,0,31,1,4,13,0,1,9,0
0,1,23,3,2,4,0,1,8,1
1,1,33,4,7,2,0,1,14,0
0,1,35,2,3,1,0,1,19,2
0,1,9,2,0,0,0,1,18,1
1,1,34,2,9,5,0,1,4,1
1,0,101,4,5,2,0,1,35,2
1,1,11,1,2,1,0,1,5,0
1,0,33,3,5,3,0,1,7,0
0,1,61,4,8,6,0,1,26,1
1,0,60,5,11,5,0,1,6,0
1,0,30,3,5,0,0,1,5,1
1,1,27,1,3,4,0,1,46,3
0,1,14,1,2,1,0,1,9,1
1,0,18,1,1,3,0,1,12,0
0,1,19,3,1,5,0,1,12,0
1,0,49,1,9,7,0,1,15,0
1,1,39,3,4,10,0,1,7,0
0,0,16,2,2,1,0,1,12,1
1,0,24,2,4,1,0,1,8,0
0,1,31,4,3,5,0,1,13,1
1,1,11,1,1,1,0,1,15,1
0,0,53,3,1,3,0,1,9,1
1,1,12,3,0,0,0,1,7,1
1,1,103,5,24,15,0,1,9,0
1,1,52,3,0,0,0,1,7,1
0,0,29,2,6,4,0,1,7,0
1,1,43,4,5,0,0,1,10,1
1,1,90,14,4,5,0,1,11,1
0,0,14,2,1,0,0,1,8,1
0,1,15,1,3,0,0,1,3,0
1,1,24,4,3,0,0,1,4,0
0,1,54,1,3,0,0,1,4,1
1,1,101,11,10,10,0,1,3,0
1,1,47,4,3,7,0,1,18,0
0,0,8,1,1,0,0,1,9,1
1,0,7,1,0,0,0,1,6,1
1,0,16,2,1,2,0,1,11,1
1,1,7,1,2,0,0,1,2,0
1,0,13,3,1,0,0,1,27,1
1,1,22,2,4,3,0,1,7,1
1,1,8,1,1,0,0,1,15,1
1,1,60,6,0,2,0,1,20,1
0,1,12,1,3,1,0,1,8,0
0,0,36,4,6,2,0,1,4,0
0,1,33,4,3,0,0,1,5,1
1,0,133,9,7,13,0,1,13,1
1,1,9,1,3,1,0,1,5,0
1,1,40,6,9,2,0,1,4,1
1,0,76,3,6,23,0,1,5,1
1,1,20,3,3,1,0,1,4,1
0,1,15,3,0,3,0,1,5,0
1,1,71,6,8,6,0,1,5,0
1,0,22,1,1,0,0,1,3,1
1,1,40,3,5,7,0,1,12,1
0,0,49,5,6,2,0,1,7,0
0,0,11,1,0,0,0,1,11,0
1,1,94,5,15,17,0,1,13,0
0,1,70,7,6,15,0,1,8,0
1,1,49,7,1,9,0,1,10,0
1,0,30,5,1,1,0,1,13,1
1,1,125,11,12,8,0,1,19,1
1,0,76,5,13,5,0,1,4,0
1,1,30,1,5,0,0,1,11,0
0,1,68,9,7,6,0,1,14,1
1,0,8,1,1,2,0,1,6,1
0,1,11,1,0,1,0,1,12,1
0,0,62,4,9,6,0,1,33,1
1,1,27,2,5,0,0,1,6,1
1,0,16,3,1,0,0,1,11,0
0,1,42,5,2,2,0,1,11,1
0,0,6,1,0,0,0,1,3,0
1,1,19,3,3,0,0,1,16,0
0,0,16,3,0,0,0,1,25,5
0,1,28,1,7,0,0,1,83,6
0,0,29,3,1,1,0,1,10,1
1,1,41,4,3,0,0,1,10,1
1,1,31,6,0,0,0,1,12,1
1,1,89,3,13,6,0,1,7,1
0,0,15,3,0,0,0,1,9,0
0,0,12,2,1,2,0,1,3,1
0,1,20,1,2,1,0,1,18,5
0,1,23,3,2,3,0,1,10,1
0,0,41,3,6,2,0,1,8,1
1,1,129,11,7,11,0,1,19,2
0,1,19,2,3,0,0,1,4,0
0,1,84,4,2,13,0,1,5,1
0,0,49,3,13,2,0,1,11,1
0,1,43,7,2,4,0,1,8,0
1,1,72,9,5,0,0,1,6,1
0,0,6,1,0,0,0,1,39,1
1,0,160,11,4,13,0,1,15,0
0,0,13,2,3,0,0,1,11,1
1,0,36,2,5,4,0,1,11,1
1,1,35,3,4,2,0,1,16,0
0,1,15,3,1,0,0,1,8,1
0,0,17,1,5,1,0,1,9,1
1,0,103,6,10,12,0,1,3,0
1,1,18,2,1,0,0,1,11,1
0,1,28,3,3,0,0,1,10,1
0,1,13,1,4,2,0,1,11,1
0,1,17,2,1,0,0,1,11,0
1,1,25,2,3,3,0,1,22,2
0,0,57,6,5,11,0,1,11,0
1,0,73,4,11,22,0,1,11,1
1,1,52,3,9,2,0,1,4,0
1,0,16,3,1,0,0,1,6,0
0,1,19,2,7,0,0,1,10,1
0,1,25,3,3,7,0,1,5,1
1,1,50,7,5,6,0,1,9,1
0,0,33,5,2,0,0,1,39,2
1,0,125,12,4,19,0,1,5,1
0,1,44,5,3,11,0,1,13,1
0,0,83,3,3,9,0,1,11,1
1,0,70,4,6,2,0,1,6,1
0,0,38,2,2,0,0,1,4,1
0,0,17,2,0,2,0,1,19,2
1,0,31,3,1,1,0,1,10,1
0,1,22,2,5,0,0,1,10,1
1,0,29,6,4,0,0,1,11,0
0,0,43,3,1,16,0,1,32,2
1,1,37,5,2,2,0,1,10,1
0,1,39,4,1,1,0,1,21,2
0,0,69,4,3,7,0,1,38,2
1,1,16,1,4,1,0,1,10,1
0,1,22,3,0,1,0,1,16,1
1,0,13,2,1,0,0,1,8,1
0,1,11,2,1,1,0,1,13,3
0,1,10,1,2,1,0,1,12,1
1,1,21,4,0,2,0,1,16,0
0,1,88,12,14,18,0,1,5,1
0,1,43,6,3,2,0,1,60,4
1,1,15,1,1,1,0,1,9,1
0,1,19,3,1,0,0,1,64,1
0,0,18,1,1,0,0,1,24,2
0,0,13,2,1,1,0,1,18,2
0,1,46,7,4,1,0,1,48,2
0,1,7,1,1,1,0,1,7,0
0,0,21,4,1,0,0,1,8,1
1,1,41,3,7,7,0,1,4,1
1,1,8,1,3,0,0,1,10,1
0,0,35,4,2,0,0,1,42,0
0,1,20,3,2,0,0,1,6,1
1,1,70,8,5,0,0,1,12,2
1,1,41,5,5,0,0,1,12,1
0,1,72,7,7,0,0,1,46,2
1,1,26,1,12,2,0,1,6,1
1,0,95,4,16,4,0,1,21,1
1,0,119,10,6,22,0,1,10,0
0,1,16,2,1,0,0,1,27,3
1,1,27,3,0,5,0,1,8,0
0,0,31,3,3,8,0,1,11,1
0,1,34,3,5,0,0,1,26,1
1,0,49,8,2,6,0,1,5,0
0,0,13,2,0,4,0,1,3,0
0,1,31,4,2,1,0,1,10,0
0,0,63,10,7,1,0,1,6,1
0,0,19,2,1,0,0,1,7,0
1,0,53,3,7,16,0,1,9,1
0,0,15,2,2,1,0,1,12,1
1,1,57,4,8,4,0,1,17,2
0,0,62,9,3,3,0,1,13,1
0,0,63,6,3,4,0,1,7,1
1,1,13,1,1,1,0,1,5,0
1,0,12,2,0,1,0,1,14,0
1,0,22,3,2,1,0,1,6,1
1,1,29,3,3,0,0,1,10,1
0,1,14,1,1,0,0,1,66,3
0,1,68,3,6,12,0,1,15,0
1,0,10,1,1,0,0,1,7,1
0,0,18,1,3,3,0,1,4,0
1,1,74,7,3,1,0,1,2,0
1,0,59,5,0,2,0,1,42,3
0,1,27,1,3,2,0,1,6,1
0,0,15,2,1,0,0,1,12,1
0,0,77,7,6,2,0,1,69,5
0,1,26,3,4,2,0,1,7,1
1,1,110,8,5,13,0,1,6,1
1,0,24,2,9,7,0,1,13,1
1,1,6,1,1,0,0,1,8,0
1,1,41,7,1,3,0,1,8,1
1,0,60,5,6,4,0,1,8,1
0,1,29,1,5,0,0,1,23,4
0,1,8,2,1,1,0,1,12,0
0,0,16,2,0,0,0,1,6,0
1,0,9,2,0,0,0,1,12,0
1,1,10,2,1,0,0,1,22,1
0,1,17,3,1,0,0,1,15,1
1,0,18,2,3,0,0,1,7,1
1,1,52,5,4,2,0,1,9,1
0,0,64,6,0,17,0,1,18,2
0,0,9,1,2,3,0,1,10,1
1,1,8,1,0,1,0,1,7,0
0,0,16,1,3,0,0,1,6,1
1,0,48,6,1,2,0,1,12,1
1,0,58,8,1,0,0,1,5,0
1,0,31,4,3,4,0,1,9,1
0,0,42,7,2,4,0,1,2,0
1,1,44,3,10,5,0,1,12,1
1,0,29,3,4,0,0,1,23,2
0,1,40,3,4,0,0,1,53,3
1,1,50,3,13,0,0,1,19,1
1,0,17,2,2,0,0,1,7,0
1,1,60,4,9,11,0,1,5,1
0,1,47,4,3,1,0,1,71,5
0,1,32,4,3,1,0,1,6,1
0,0,41,3,5,0,0,1,14,1
1,1,50,4,6,0,0,1,8,1
1,1,20,2,2,1,0,1,22,0
1,0,7,1,2,0,0,1,5,0
1,0,87,1,6,4,0,1,6,0
0,0,99,1,8,8,0,1,17,1
1,1,24,2,2,8,0,1,8,1
0,0,11,2,1,1,0,1,12,1
0,1,39,4,4,5,0,1,8,0
1,0,27,3,5,4,0,1,31,0
0,0,46,3,2,4,0,1,23,0
1,1,9,1,1,1,0,1,6,0
0,1,18,4,0,0,0,1,19,3
1,1,92,9,9,7,0,1,2,0
0,1,33,2,3,1,0,1,7,1
1,1,20,3,2,4,0,1,15,1
1,1,13,2,0,0,0,1,18,1
0,0,17,2,3,1,0,1,24,3
0,1,27,2,9,2,0,1,12,0
1,1,78,3,3,4,0,1,27,3
1,1,13,2,2,0,0,1,8,1
1,0,60,11,7,4,0,1,28,2
0,1,58,4,1,0,0,1,11,1
1,1,73,7,10,3,0,1,7,1
0,1,29,4,3,5,0,1,14,1
1,1,20,4,1,1,0,1,18,1
1,1,19,1,5,0,0,1,6,1
0,0,45,3,7,5,0,1,10,1
1,0,15,1,4,2,0,1,6,1
1,1,38,1,0,1,0,1,7,0
0,1,6,1,0,0,0,1,18,1
0,1,9,1,1,3,0,1,8,1
1,1,12,1,1,1,0,1,12,1
1,0,45,1,0,1,0,1,9,1
0,1,19,2,0,1,0,1,32,1
1,0,43,2,1,0,0,1,10,1
1,0,23,2,2,0,0,1,13,1
1,0,104,1,11,2,0,1,9,1
0,0,10,1,2,0,0,1,11,1
0,0,20,2,1,0,0,1,8,1
0,1,12,2,0,0,0,1,24,2
1,1,37,2,1,8,0,1,26,1
1,0,10,2,0,0,0,1,16,2
1,1,47,5,1,9,0,1,19,0
0,1,52,5,11,1,0,1,10,1
1,1,100,6,11,5,0,1,16,1
0,1,13,2,1,0,0,1,27,2
1,1,19,1,1,1,0,1,4,1
0,1,36,2,9,5,0,1,5,1
1,1,12,1,1,0,0,1,10,0
0,1,15,1,5,1,0,1,20,1
1,0,59,8,2,6,0,1,6,1
1,1,65,8,3,3,0,1,5,1
1,1,29,3,3,2,0,1,12,1
0,0,8,2,0,0,0,1,3,0
1,1,19,3,1,1,0,1,17,2
1,1,33,1,8,0,0,1,14,1
1,0,45,7,3,2,0,1,49,2
0,0,29,3,4,4,0,1,6,1
0,1,16,2,2,1,0,1,9,1
1,1,8,2,1,0,0,1,3,1
1,1,14,2,5,0,0,1,6,1
0,1,26,3,3,0,0,1,11,1
0,1,14,2,1,0,0,1,6,1
0,0,20,1,1,8,0,1,9,1
0,1,12,1,2,3,0,1,6,0
1,0,45,4,3,2,0,1,7,1
0,1,66,3,3,21,0,1,5,1
1,0,28,5,2,1,0,1,12,1
1,1,27,3,1,1,0,1,8,0
1,0,22,2,2,0,0,1,9,1
1,1,41,10,0,6,0,1,8,1
1,1,10,2,0,0,0,1,4,1
1,0,44,2,3,0,0,1,4,0
1,0,63,8,7,1,0,1,9,1
0,0,26,2,3,3,0,1,21,0
1,1,24,3,1,0,0,1,7,0
0,0,31,3,7,2,0,1,8,1
1,0,160,14,6,7,0,1,9,0
0,1,17,4,1,0,0,1,6,1
0,0,19,3,1,2,0,1,11,0
0,0,100,13,9,5,0,1,16,0
1,1,56,5,1,5,0,1,9,1
0,1,22,2,4,2,0,1,11,1
1,1,10,1,0,0,0,1,17,0
0,1,65,9,5,11,0,1,10,1
0,0,19,1,5,3,0,1,16,1
0,0,19,4,1,0,0,1,37,8
0,1,19,2,1,2,0,1,3,1
0,1,62,7,8,1,0,1,13,1
0,1,87,5,18,3,0,1,38,4
1,0,62,6,3,1,0,1,6,0
1,1,21,3,1,0,0,1,7,0
0,0,37,6,4,4,0,1,8,1
1,1,35,4,4,5,0,1,7,1
0,1,14,2,1,2,0,1,4,1
1,1,13,3,0,2,0,1,32,4
1,0,57,7,9,2,0,1,18,1
0,1,31,3,3,0,0,1,9,0
0,0,24,2,2,0,0,1,9,1
0,0,8,1,0,1,0,1,10,1
0,0,28,4,3,5,0,1,9,1
0,1,14,1,1,0,0,1,33,1
0,0,14,1,1,3,0,1,6,0
1,0,76,8,8,3,0,1,8,1
0,0,13,1,1,1,0,1,22,1
0,0,51,7,2,1,0,1,9,1
1,1,55,7,3,5,0,1,43,3
0,0,17,2,4,0,0,1,13,1
1,1,131,14,13,11,0,1,22,1
0,0,48,7,1,7,0,1,5,1
0,1,54,2,3,16,0,1,7,1
1,0,139,12,2,8,0,1,10,0
0,0,49,6,4,0,0,1,8,0
1,1,17,1,5,0,0,1,9,1
1,1,43,1,5,0,0,1,12,0
1,0,41,3,8,8,0,1,7,0
0,1,14,3,1,0,0,1,15,2
1,1,25,4,0,0,0,1,4,0
0,1,34,6,1,0,0,1,4,0
1,1,15,1,2,1,0,1,22,2
1,0,37,4,3,0,0,1,8,0
1,1,27,1,8,1,0,1,6,1
0,0,77,10,5,4,0,1,5,0
0,0,13,1,4,1,0,1,5,0
0,0,16,1,0,4,0,1,5,0
0,1,64,6,8,2,0,1,11,1
1,1,18,1,1,1,0,1,11,0
0,1,12,2,0,0,0,1,30,0
0,1,22,3,2,2,0,1,8,1
1,1,40,3,4,3,0,1,10,1
0,0,17,1,2,4,0,1,10,1
0,0,32,5,1,4,0,1,13,0
1,1,18,4,0,0,0,1,8,0
0,1,7,1,1,1,0,1,29,2
0,1,11,1,0,0,0,1,19,1
1,1,10,2,0,0,0,1,7,0
0,1,83,10,5,1,0,1,7,1
0,0,11,1,0,1,0,1,11,1
0,1,12,2,2,1,0,1,3,0
0,1,39,2,6,6,0,1,4,0
0,0,8,1,2,0,0,1,24,1
0,0,12,1,1,1,0,1,30,3
0,0,38,5,4,5,0,1,18,2
1,1,13,2,2,0,0,1,11,1
1,0,23,3,1,0,0,1,24,2
0,0,29,2,5,6,0,1,13,1
1,0,17,5,0,0,0,1,15,2
1,1,9,1,0,0,0,1,8,0
0,0,29,4,3,2,0,1,14,1
1,1,50,2,8,1,0,1,12,0
0,1,42,3,5,3,0,1,10,1
1,0,52,5,2,3,0,1,7,1
1,1,111,13,4,26,0,1,8,1
0,1,17,2,3,0,0,1,7,0
1,0,11,1,3,0,0,1,8,1
1,1,45,7,8,4,0,1,70,1
1,0,21,2,2,3,0,1,8,0
1,1,31,4,0,5,0,1,28,2
1,0,119,10,4,13,0,1,11,1
1,0,24,2,0,0,0,1,15,1
0,1,49,7,4,5,0,1,8,0
0,0,23,3,2,1,0,1,35,2
1,1,17,1,2,0,0,1,7,0
0,0,92,9,7,2,0,1,26,0
1,1,37,7,7,12,0,1,5,0
0,1,9,1,1,1,0,1,9,1
0,1,13,2,1,0,0,1,17,0
1,1,15,2,1,0,0,1,19,1
1,0,238,1,1,100,0,1,8,1
0,0,76,7,2,6,0,1,17,1
1,1,16,1,3,0,0,1,15,1
0,0,21,3,6,2,0,1,7,1
0,1,114,6,13,24,0,1,24,2
0,0,14,2,1,0,0,1,12,1
1,0,42,6,4,1,0,1,54,2
1,1,101,12,2,3,0,1,9,1
0,0,13,2,1,0,0,1,9,1
1,0,81,10,6,18,0,1,8,0
0,0,17,3,2,1,0,1,11,1
0,1,18,1,3,0,0,1,15,0
0,0,36,3,3,2,0,1,21,0
1,0,22,2,2,2,0,1,9,1
1,0,15,2,0,0,0,1,14,1
0,1,50,4,3,0,0,1,75,6
1,1,76,7,9,3,0,1,10,1
0,0,8,2,0,0,0,1,4,1
0,1,35,5,5,2,0,1,3,1
1,1,113,13,9,14,0,1,39,2
1,0,10,1,1,0,0,1,61,4
0,0,42,2,11,2,0,1,3,0
0,1,34,3,3,7,0,1,8,3
0,0,71,4,10,13,0,1,5,0
1,0,36,2,0,5,0,1,10,1
1,0,75,4,12,4,0,1,10,1
1,1,29,3,1,2,0,1,5,1
1,1,38,5,5,1,0,1,6,0
0,1,52,6,6,4,0,1,52,5
0,1,32,3,3,4,0,1,9,1
1,1,10,1,0,0,0,1,38,2
1,0,21,1,4,3,0,1,9,1
0,1,20,2,3,0,0,1,8,1
0,0,33,4,3,2,0,1,24,1
1,1,42,2,6,1,0,1,20,0
0,0,35,1,8,2,0,1,16,2
1,1,22,1,5,3,0,1,11,1
0,0,11,1,3,4,0,1,23,2
1,0,17,3,1,0,0,1,6,1
1,1,16,1,3,3,0,1,17,0
1,1,99,1,5,6,0,1,7,0
0,0,54,6,3,1,0,1,7,1
1,1,37,2,5,0,0,1,24,0
1,0,64,5,4,9,0,1,9,0
1,1,112,14,16,8,0,1,10,1
0,1,55,2,6,11,0,1,8,1
0,0,75,5,6,6,0,1,10,1
1,1,21,2,0,1,0,1,6,1
0,0,21,4,1,0,0,1,15,1
1,1,32,2,2,2,0,1,41,2
1,0,36,1,2,1,0,1,7,0
1,0,107,10,8,17,0,1,9,1
0,1,17,2,2,4,0,1,6,0
0,1,12,2,2,2,0,1,11,1
1,0,29,4,1,1,0,1,15,1
0,1,39,7,4,5,0,1,70,8
0,0,71,7,7,5,0,1,5,0
0,1,21,3,0,2,0,1,8,0
0,0,73,8,6,0,0,1,7,1
0,0,46,3,1,2,0,1,23,0
0,0,75,7,5,8,0,1,8,0
0,0,16,4,0,0,0,1,35,2
0,0,26,6,2,0,0,1,8,1
1,1,35,4,0,4,0,1,9,2
0,0,19,3,2,0,0,1,19,2
0,0,17,2,3,1,0,1,6,0
0,1,33,3,2,0,0,1,20,1
0,0,37,4,1,0,0,1,21,2
1,1,15,3,0,0,0,1,24,1
0,0,13,1,1,0,0,1,10,0
1,1,11,1,1,0,0,1,9,0
0,0,26,2,5,0,0,1,12,0
1,1,13,1,5,1,0,1,6,0
0,1,7,1,0,0,0,1,9,1
0,1,121,2,13,0,0,1,16,1
0,0,13,2,2,0,0,1,7,0
1,1,20,4,1,1,0,1,10,2
0,1,16,1,1,3,0,1,10,1
0,1,41,3,2,19,0,1,9,1
1,1,24,4,1,10,0,1,14,3
0,1,9,1,0,0,0,1,5,1
0,0,30,3,1,0,0,1,8,0
1,0,43,4,5,8,0,1,7,0
1,0,11,1,1,3,0,1,11,1
1,0,10,1,1,0,0,1,7,1
0,0,40,3,3,3,0,1,15,1
1,1,12,1,1,1,0,1,27,5
1,1,58,7,7,0,0,1,12,1
0,1,18,1,1,0,0,1,7,1
0,0,16,1,2,1,0,1,12,1
1,0,121,14,18,14,0,1,12,1
1,1,37,1,3,0,0,1,17,0
0,0,19,1,3,1,0,1,12,1
0,1,44,2,6,0,0,1,6,0
0,1,18,1,5,4,0,1,3,0
1,1,26,1,3,0,0,1,33,0
0,0,9,1,2,1,0,1,6,0
0,1,26,1,1,3,0,1,13,1
1,1,44,5,5,5,0,1,22,2
0,0,21,3,1,3,0,1,23,3
0,0,69,7,5,13,0,1,35,2
1,1,63,3,4,6,0,1,5,0
0,0,9,2,0,0,0,1,7,1
1,0,90,5,21,0,0,1,20,0
0,1,18,2,0,2,0,1,12,0
1,0,69,6,8,5,0,1,14,1
1,0,14,2,1,0,0,1,11,1
0,1,35,3,3,2,0,1,43,2
1,1,90,10,2,16,0,1,7,0
1,0,11,2,0,1,0,1,10,1
0,0,66,5,5,8,0,1,10,1
0,0,78,12,5,0,0,1,9,0
0,1,58,1,4,0,0,1,12,1
0,1,36,6,2,1,0,1,9,1
1,0,71,21,0,8,0,1,5,0
0,0,15,2,1,0,0,1,10,0
0,1,30,2,4,4,0,1,69,0
0,1,13,1,4,1,0,1,7,1
0,0,9,2,0,1,0,1,9,1
1,1,7,1,0,0,0,1,9,2
1,1,32,2,2,1,0,1,12,1
0,1,17,3,1,0,0,1,15,2
0,0,28,3,2,1,0,1,1,0
1,1,16,2,1,2,0,1,2,0
1,1,76,7,9,0,0,1,6,0
0,0,40,5,2,4,0,1,35,2
1,1,16,3,0,0,0,1,9,0
1,1,44,7,1,7,0,1,13,1
1,1,168,6,17,23,0,1,11,1
1,1,9,1,1,0,0,1,12,1
1,0,105,15,5,4,0,1,18,1
0,0,17,3,1,0,0,1,5,1
1,1,9,1,1,1,0,1,24,2
0,0,28,1,4,3,0,1,4,1
1,0,83,12,11,0,0,1,11,1
1,1,56,9,4,2,0,1,11,0
0,1,122,11,16,11,0,1,66,5
0,1,11,1,2,0,0,1,13,1
0,0,22,4,2,0,0,1,24,2
0,1,39,4,3,1,0,1,10,1
0,0,37,5,3,1,0,1,21,0
1,0,18,3,2,1,0,1,15,0
1,1,11,1,2,1,0,1,15,1
0,0,15,2,1,1,0,1,25,4
1,1,28,1,8,4,0,1,17,0
1,1,26,2,2,1,0,1,7,1
1,1,34,3,2,3,0,1,60,6
0,1,9,2,1,0,0,1,15,1
0,0,21,3,2,2,0,1,14,1
1,0,20,2,2,2,0,1,5,0
0,0,50,3,7,7,0,1,8,1
1,1,40,3,9,0,0,1,13,1
0,0,27,3,2,4,0,1,17,3
1,1,65,3,11,2,0,1,20,0
1,0,48,3,5,7,0,1,6,1
0,0,16,2,1,1,0,1,4,1
0,0,16,3,0,1,0,1,6,1
0,0,17,2,1,2,0,1,4,1
0,0,22,1,0,2,0,1,9,1
0,0,28,4,1,7,0,1,7,0
0,1,89,10,4,8,0,1,55,4
0,0,37,3,4,0,0,1,24,1
0,0,11,1,0,0,0,1,24,1
1,1,13,2,2,1,0,1,31,5
1,0,105,10,6,35,0,1,5,0
0,0,35,1,6,0,0,1,19,1
0,1,13,2,1,1,0,1,39,3
0,0,10,1,2,1,0,1,14,0
1,1,25,3,1,1,0,1,2,0
0,1,30,3,2,1,0,1,5,0
0,0,11,2,0,0,0,1,13,1
1,1,127,9,10,5,0,1,7,1
1,1,91,2,4,12,0,1,18,2
1,1,88,7,12,14,0,1,10,1
0,0,9,1,2,2,0,1,6,1
1,1,48,7,3,7,0,1,6,1
0,0,11,1,2,0,0,1,3,0
1,0,32,5,1,1,0,1,14,1
0,1,9,1,1,0,0,1,3,0
1,1,20,3,1,1,0,1,11,1
0,0,12,3,0,0,0,1,16,0
0,1,81,2,7,28,0,1,9,0
0,1,34,3,3,2,0,1,10,1
1,1,33,2,2,3,0,1,7,1
1,1,52,5,6,6,0,1,7,1
0,0,11,1,4,2,0,1,11,1
1,1,13,1,1,0,0,1,9,1
1,1,30,5,2,1,0,1,12,1
0,0,76,6,2,2,0,1,10,0
1,0,58,10,3,5,0,1,9,0
0,1,41,4,1,12,0,1,15,1
0,0,32,6,2,0,0,1,23,3
1,1,36,4,8,2,0,1,7,1
1,0,43,5,3,1,0,1,10,2
0,0,9,1,0,0,0,1,9,1
0,0,11,1,1,0,0,1,8,1
1,1,7,1,1,0,0,1,4,0
1,1,70,7,5,3,0,1,21,1
0,0,19,2,2,1,0,1,13,1
1,1,50,7,4,1,0,1,10,1
1,1,47,3,1,1,0,1,9,0
0,1,15,2,3,1,0,1,23,2
0,0,23,1,3,0,0,1,61,0
0,0,12,1,3,0,0,1,11,0
0,0,13,2,1,2,0,1,9,1
0,1,11,2,1,0,0,1,10,2
0,0,29,1,11,0,0,1,12,1
0,0,66,3,9,10,0,1,9,1
0,0,25,5,1,0,0,1,31,4
1,1,37,3,7,1,0,1,8,1
1,0,132,8,4,9,0,1,34,1
0,1,46,4,4,3,0,1,27,2
1,0,73,6,6,2,0,1,19,1
0,0,16,2,2,0,0,1,5,1
0,0,49,3,7,7,0,1,29,0
0,0,13,1,0,0,0,1,6,0
1,1,19,1,2,2,0,1,23,5
1,0,56,4,4,2,0,1,11,1
1,1,47,4,9,5,0,1,8,0
0,0,22,2,4,1,0,1,18,1
1,1,71,1,14,9,0,1,7,1
0,1,35,4,3,0,0,1,25,1
1,0,61,7,4,4,0,1,18,0
1,0,125,20,5,12,0,1,15,1
0,0,62,8,4,1,0,1,3,1
1,1,45,6,3,2,0,1,14,2
0,1,15,2,1,0,0,1,10,1
1,1,23,1,3,1,0,1,5,0
1,1,60,8,4,2,0,1,8,0
0,1,21,3,3,4,0,1,33,1
0,0,41,6,2,1,0,1,7,1
1,0,38,5,3,1,0,1,9,0
1,0,80,4,11,12,0,1,4,1
1,1,29,3,3,1,0,1,1,0
0,0,20,2,2,0,0,1,14,1
1,1,98,14,5,0,0,1,63,2
1,1,87,7,5,7,0,1,5,1
0,1,23,2,1,0,0,1,8,1
1,0,39,3,2,1,0,1,18,1
0,0,21,1,7,1,0,1,4,1
1,0,12,1,1,0,0,1,27,2
0,0,48,8,3,1,0,1,23,2
0,1,45,3,4,0,0,1,6,0
0,1,14,3,2,0,0,1,17,2
1,0,158,6,17,0,0,1,3,0
1,1,12,1,0,3,0,1,10,0
0,0,15,2,1,1,0,1,55,2
0,0,12,1,4,2,0,1,9,1
1,0,40,3,4,5,0,1,6,0
1,1,20,4,1,0,0,1,4,0
1,0,24,3,6,2,0,1,16,1
0,0,112,9,3,6,0,1,7,1
0,0,58,6,6,7,0,1,10,1
0,0,22,4,1,0,0,1,9,0
0,0,50,8,3,0,0,1,47,3
1,0,35,4,4,0,0,1,29,3
1,1,11,1,1,0,0,1,6,0
1,0,32,3,4,5,0,1,10,1
0,0,19,2,0,1,0,1,5,1
0,0,25,1,5,2,0,1,6,1
1,1,118,13,13,0,0,1,14,1
0,0,64,1,0,2,0,1,7,0
1,0,13,2,0,0,0,1,9,1
1,1,58,3,9,3,0,1,5,1
1,1,39,3,2,3,0,1,6,1
1,1,87,10,4,11,0,1,16,1
0,0,13,1,2,0,0,1,8,1
0,0,25,3,0,1,0,1,13,0
0,1,25,3,2,1,0,1,57,6
1,0,55,1,14,6,0,1,17,1
1,0,42,4,1,2,0,1,4,1
1,1,16,3,1,1,0,1,4,1
1,0,32,4,3,0,0,1,12,1
1,1,9,1,2,1,0,1,4,0
1,0,12,2,1,0,0,1,5,1
0,0,18,1,2,2,0,1,17,1
1,1,11,1,1,1,0,1,10,1
1,0,31,3,2,1,0,1,12,0
0,0,37,2,6,0,0,1,68,7
1,0,116,9,12,15,0,1,15,0
0,0,40,6,4,0,0,1,24,0
0,1,42,4,2,19,0,1,11,1
1,0,130,7,11,7,0,1,6,0
0,0,15,1,2,0,0,1,31,0
0,1,80,11,2,3,0,1,11,1
0,0,74,11,4,0,0,1,11,0
0,0,38,1,3,9,0,1,6,2
0,0,22,2,3,1,0,1,13,1
1,0,23,2,1,2,0,1,3,1
0,1,18,2,4,2,0,1,24,2
1,1,14,2,2,0,0,1,9,0
1,0,40,3,5,5,0,1,11,1
0,1,9,1,1,1,0,1,14,2
0,1,6,1,0,0,0,1,4,1
1,1,27,3,2,1,0,1,55,4
0,1,54,7,4,1,0,1,9,1
1,0,135,17,10,1,0,1,5,0
0,0,115,7,11,9,0,1,8,0
0,1,38,4,4,7,0,1,8,1
0,0,16,3,1,0,0,1,4,0
1,1,57,6,4,2,0,1,14,1
1,1,16,1,2,2,0,1,13,0
1,1,13,3,2,0,0,1,5,0
0,0,8,1,1,0,0,1,9,0
0,1,21,1,1,0,0,1,16,1
1,1,31,3,1,4,0,1,9,1
0,0,59,6,7,1,0,1,12,1
1,0,28,1,5,7,0,1,7,0
0,1,12,1,1,0,0,1,8,1
0,0,77,9,10,1,0,1,5,1
1,0,19,2,1,4,0,1,4,0
1,0,24,4,3,6,0,1,11,0
1,0,32,4,3,1,0,1,10,1
0,0,18,2,0,3,0,1,10,1
1,0,35,2,2,5,0,1,9,1
0,1,13,1,3,0,0,1,14,3
1,1,16,2,1,1,0,1,12,1
0,1,44,4,3,0,0,1,20,1
0,0,85,6,13,1,0,1,5,1
0,0,12,3,0,0,0,1,7,1
0,0,28,3,1,1,0,1,26,2
0,0,57,4,4,3,0,1,10,0
1,0,87,8,8,12,0,1,9,0
0,1,12,1,4,1,0,1,12,1
0,0,40,5,0,2,0,1,9,2
0,0,5,1,0,0,0,1,3,0
0,1,31,4,4,1,0,1,23,1
1,0,11,2,1,1,0,1,5,1
1,1,116,7,9,18,0,1,13,1
1,0,80,6,9,23,0,1,8,1
1,0,18,2,4,1,0,1,6,1
1,0,21,1,5,2,0,1,11,0
0,0,33,4,3,0,0,1,8,1
0,0,9,1,3,0,0,1,6,1
1,0,62,1,15,7,0,1,8,1
1,0,112,12,3,33,0,1,6,0
1,1,57,3,5,9,0,1,12,0
1,1,27,3,5,1,0,1,7,0
0,0,20,3,0,0,0,1,21,1
1,1,36,6,3,0,0,1,12,1
0,1,72,7,9,2,0,1,8,1
0,1,33,3,2,1,0,1,18,1
0,0,123,9,8,15,0,1,11,1
1,1,29,4,2,4,0,1,8,1
0,0,47,1,6,4,0,1,27,4
0,0,39,3,3,7,0,1,13,0
0,1,10,2,0,0,0,1,32,1
1,0,56,4,5,5,0,1,16,0
0,0,39,4,3,0,0,1,16,1
0,1,19,2,2,0,0,1,16,1
0,0,24,1,6,4,0,1,15,1
0,1,53,6,1,0,0,1,15,1
0,1,101,3,15,0,0,1,61,2
0,1,33,2,9,0,0,1,9,1
0,1,19,3,1,0,0,1,5,1
0,1,15,1,2,2,0,1,6,0
1,0,18,2,1,0,0,1,3,1
0,0,52,5,2,1,0,1,10,0
0,0,8,1,1,0,0,1,9,1
1,0,28,4,1,2,0,1,19,0
0,1,31,1,0,5,0,1,12,3
0,0,53,8,3,4,0,1,34,2
0,0,11,2,0,0,0,1,15,0
1,1,17,2,1,1,0,1,5,1
0,1,12,2,2,0,0,1,41,4
0,0,33,2,5,4,0,1,11,0
0,1,11,1,1,0,0,1,16,1
1,1,45,7,3,0,0,1,16,1
0,0,21,2,3,0,0,1,10,1
1,1,31,3,1,1,0,1,11,1
0,0,14,2,1,2,0,1,13,1
0,1,124,4,9,43,0,1,14,2
1,0,128,7,18,17,0,1,13,1
0,1,63,6,7,12,0,1,9,0
1,1,54,6,9,0,0,1,10,0
0,1,22,4,0,1,0,1,14,0
1,1,73,5,11,2,0,1,38,0
1,0,21,1,7,3,0,1,3,0
1,0,17,2,3,0,0,1,7,1
1,1,17,1,6,1,0,1,3,0
0,0,33,4,1,1,0,1,15,1
0,1,12,3,1,0,0,1,10,1
0,0,33,7,0,0,0,1,11,1
0,0,68,7,10,11,0,1,34,4
1,1,75,9,3,15,0,1,11,1
1,0,16,1,1,0,0,1,7,1
1,1,159,1,6,6,0,1,7,0
1,0,63,2,3,9,0,1,8,1
1,0,42,2,7,0,0,1,14,1
1,0,55,7,4,3,0,1,35,0
0,0,5,1,1,1,0,1,4,1
0,0,113,1,16,16,0,1,4,0
0,0,99,11,7,4,0,1,11,1
0,0,39,3,0,0,0,1,9,1
0,0,16,2,2,3,0,1,27,2
0,0,11,1,0,0,0,1,6,0
1,0,98,3,12,5,0,1,9,0
1,0,21,2,3,3,0,1,24,1
0,0,20,1,6,0,0,1,14,1
0,0,45,3,7,14,0,1,11,1
0,0,80,6,4,7,0,1,5,1
0,0,31,2,9,3,0,1,9,0
0,0,13,1,6,0,0,1,8,1
0,1,57,8,6,0,0,1,6,1
0,1,33,3,6,0,0,1,11,0
0,1,56,1,2,2,0,1,7,0
0,1,20,5,1,0,0,1,21,1
0,1,31,5,1,1,0,1,23,1
1,0,10,1,1,1,0,1,7,0
0,0,94,16,8,21,0,1,80,0
1,0,97,11,12,7,0,1,10,1
0,0,14,3,0,1,0,1,11,1
1,0,100,3,7,5,0,1,11,1
0,0,50,2,12,0,0,1,6,0
0,1,63,3,7,14,0,1,3,1
0,0,17,1,5,0,0,1,14,1
1,1,102,7,11,9,0,1,12,0
0,0,119,10,13,3,0,1,48,2
1,1,23,2,2,0,0,1,9,1
1,0,111,10,3,6,0,1,4,0
0,0,18,4,1,0,0,1,6,0
0,0,19,2,4,0,0,1,13,1
1,1,28,3,1,3,0,1,4,0
1,0,81,10,1,39,0,1,24,0
1,1,44,4,8,5,0,1,7,0
0,1,81,7,3,11,0,1,15,1
1,1,10,1,3,2,0,1,3,0
0,0,32,3,4,5,0,1,11,1
0,1,16,2,1,1,0,1,11,1
0,1,26,2,5,0,0,1,23,1
0,0,21,2,3,4,0,1,8,0
1,1,31,7,0,0,0,1,24,2
1,1,27,5,0,2,0,1,8,1
1,1,19,1,2,1,0,1,13,1
1,0,24,5,0,4,0,1,12,1
1,0,16,1,3,1,0,1,5,1
0,0,30,2,3,2,0,1,7,1
1,1,97,4,19,11,0,1,5,1
0,0,75,5,4,5,0,1,33,2
0,1,49,10,1,0,0,1,12,1
1,0,26,3,0,1,0,1,14,0
0,1,60,4,8,14,0,1,76,14
0,0,28,2,1,5,0,1,7,1
0,0,11,1,2,0,0,1,34,2
0,0,15,1,2,3,0,1,14,2
1,0,31,2,0,3,0,1,6,1
1,0,29,3,2,1,0,1,6,1
1,0,12,3,0,0,0,1,8,1
1,0,40,6,2,0,0,1,13,1
0,0,23,3,3,0,0,1,8,0
0,0,12,3,0,0,0,1,12,1
1,0,62,4,11,10,0,1,10,0
1,1,27,4,1,0,0,1,7,1
1,1,22,3,3,6,0,1,8,0
0,1,8,2,0,0,0,1,11,0
1,1,20,1,3,1,0,1,10,1
0,1,35,4,1,5,0,1,13,2
1,1,35,1,1,0,0,1,14,0
1,1,28,5,1,2,0,1,28,2
0,0,29,3,0,3,0,1,16,0
1,0,103,7,8,4,0,1,5,0
0,0,12,1,1,2,0,1,7,1
0,1,19,2,3,0,0,1,44,3
1,0,41,4,3,1,0,1,10,0
1,0,79,6,8,3,0,1,13,1
1,1,20,2,1,3,0,1,12,0
1,0,50,5,6,5,0,1,8,0
0,0,20,1,4,0,0,1,9,0
1,1,36,3,7,1,0,1,12,1
0,1,23,3,2,0,0,1,12,0
0,0,8,1,2,1,0,1,9,1
1,0,57,7,1,3,0,1,9,1
0,0,15,2,2,1,0,1,9,1
1,1,30,2,8,3,0,1,13,1
0,1,13,2,1,1,0,1,23,2
0,0,12,1,4,1,0,1,25,1
1,0,58,8,3,18,0,1,13,1
0,0,60,1,6,0,0,1,5,1
0,0,28,2,3,4,0,1,8,1
0,0,31,1,1,0,0,1,6,0
0,0,21,3,1,0,0,1,7,1
1,1,8,1,2,1,0,1,4,0
1,0,129,14,12,12,0,1,4,1
1,1,102,7,6,8,0,1,25,0
0,0,28,3,1,3,0,1,9,0
0,1,24,2,11,0,0,1,10,1
1,1,32,4,5,0,0,1,4,1
0,1,27,2,7,2,0,1,27,1
0,1,21,1,7,3,0,1,6,1
0,0,10,3,1,0,0,1,3,0
1,0,13,2,1,0,0,1,6,0
1,0,35,5,3,0,0,1,12,1
1,1,88,10,10,29,0,1,9,0
0,0,22,2,3,0,0,1,33,1
0,0,64,5,4,11,0,1,14,0
0,1,49,3,9,0,0,1,43,1
1,0,68,6,6,2,0,1,23,2
1,1,52,4,6,3,0,1,7,0
0,0,55,4,5,1,0,1,8,1
0,0,38,4,3,4,0,1,19,1
1,1,84,11,6,7,0,1,17,1
0,1,23,2,0,3,0,1,9,1
0,1,7,2,0,0,0,1,8,1
0,1,83,6,4,29,0,1,7,1
0,0,18,3,1,0,0,1,6,1
1,0,38,7,2,3,0,1,8,1
0,0,18,2,1,0,0,1,20,0
1,0,32,4,2,1,0,1,7,1
0,1,87,3,10,0,0,1,6,1
0,1,41,5,4,4,0,1,9,0
1,0,53,4,10,7,0,1,9,1
0,1,14,1,4,0,0,1,16,1
0,0,42,6,3,1,0,1,12,0
0,1,47,5,9,2,0,1,7,0
0,0,31,1,1,0,0,1,15,0
1,1,150,10,8,19,0,1,15,1
1,0,92,10,3,23,0,1,6,0
1,1,92,8,6,10,0,1,59,2
0,0,46,7,3,2,0,1,9,1
1,1,12,1,2,2,0,1,5,1
0,1,23,4,2,1,0,1,6,0
1,0,56,11,4,0,0,1,75,5
1,1,53,4,3,3,0,1,40,0
0,0,9,1,1,0,0,1,3,0
0,0,12,1,1,0,0,1,10,2
1,1,35,4,4,7,0,1,6,0
0,1,45,2,3,6,0,1,8,1
1,1,10,1,1,0,0,1,9,0
0,0,15,1,1,1,0,1,7,1
1,0,32,3,1,6,0,1,7,1
0,1,17,1,9,0,0,1,6,1
0,1,19,2,4,1,0,1,13,2
1,1,39,4,7,2,0,1,13,1
0,1,10,1,4,1,0,1,5,0
0,0,19,1,2,2,0,1,9,0
0,0,41,3,5,0,0,1,11,1
0,0,41,2,4,2,0,1,8,1
1,0,49,8,2,0,0,1,8,1
0,1,24,3,4,2,0,1,26,4
1,1,88,9,10,2,0,1,5,0
1,0,116,10,7,6,0,1,6,0
1,0,75,10,4,1,0,1,18,5
1,1,6,1,1,0,0,1,12,0
0,1,28,3,1,3,0,1,8,1
1,1,41,2,2,15,0,1,15,1
0,1,32,4,1,0,0,1,40,4
0,1,17,3,3,1,0,1,5,0
0,0,40,1,9,10,0,1,3,0
1,0,60,7,4,19,0,1,4,1
1,0,39,3,3,2,0,1,12,1
0,0,115,4,23,1,0,1,28,2
1,1,64,3,9,8,0,1,8,1
0,0,20,3,1,0,0,1,9,0
1,1,13,4,0,1,0,1,12,1
0,1,12,1,1,1,0,1,9,1
1,0,15,3,0,1,0,1,5,1
0,0,16,1,1,0,0,1,4,1
0,0,14,2,1,0,0,1,13,1
1,1,80,7,8,3,0,1,37,2
1,1,107,11,8,2,0,1,10,1
1,1,20,3,2,1,0,1,9,1
1,1,18,4,0,0,0,1,14,1
0,1,20,2,3,3,0,1,32,1
1,0,25,3,1,0,0,1,26,3
1,0,106,9,11,1,0,1,61,4
1,0,111,9,13,26,0,1,24,2
0,0,28,1,5,3,0,1,15,2
1,0,49,3,9,5,0,1,48,5
0,0,40,1,7,4,0,1,10,1
0,0,65,2,10,9,0,1,6,1
0,0,16,2,1,0,0,1,21,1
1,1,30,3,4,5,0,1,9,0
0,0,30,7,5,1,0,1,16,1
1,0,22,1,4,0,0,1,17,1
0,0,14,2,1,0,0,1,23,2
0,0,15,3,1,0,0,1,10,1
1,1,11,1,2,0,0,1,24,0
0,1,15,2,1,0,0,1,7,0
1,0,59,5,6,4,0,1,21,0
1,1,39,2,2,7,0,1,5,0
0,0,41,6,6,3,0,1,6,1
1,1,60,5,4,6,0,1,7,1
1,1,9,1,2,0,0,1,11,0
1,1,73,5,5,6,0,1,6,1
1,0,76,6,9,5,0,1,26,2
0,1,13,2,1,0,0,1,4,0
1,1,16,2,2,1,0,1,12,0
1,0,22,2,1,0,0,1,6,0
0,0,100,6,12,0,0,1,13,1
1,0,55,15,1,2,0,1,15,0
0,1,88,1,4,8,0,1,7,0
0,1,20,2,3,3,0,1,4,1
1,0,80,10,8,5,0,1,65,6
0,0,88,9,7,1,0,1,7,0
1,1,14,2,2,2,0,1,11,1
1,1,29,2,3,0,0,1,29,1
0,0,61,3,5,3,0,1,16,0
1,1,130,4,18,2,0,1,10,0
1,0,39,5,1,3,0,1,4,1
0,0,67,7,8,4,0,1,34,0
0,1,10,2,0,0,0,1,10,0
1,1,38,2,9,7,0,1,5,1
0,1,40,2,6,7,0,1,9,1
0,0,18,2,2,1,0,1,7,1
1,1,13,3,0,0,0,1,22,1
0,0,96,8,2,23,0,1,10,0
0,0,37,2,7,8,0,1,7,1
1,1,159,10,3,16,0,1,73,0
0,0,13,2,1,0,0,1,49,3
0,0,35,2,3,0,0,1,47,1
0,0,57,8,2,1,0,1,5,1
0,1,6,1,0,0,0,1,20,1
0,0,32,3,3,2,0,1,10,1
0,1,35,4,2,0,0,1,4,0
1,1,9,1,1,0,0,1,10,1
0,1,28,1,0,13,0,1,19,4
0,0,81,6,9,8,0,1,18,1
0,1,36,1,1,0,0,1,7,0
0,0,13,3,2,0,0,1,32,2
0,0,45,6,2,0,0,1,8,1
0,1,36,4,1,8,0,1,15,1
1,1,17,2,1,0,0,1,11,1
1,1,37,1,1,5,0,1,7,0
0,0,64,4,3,1,0,1,23,2
1,1,44,4,4,9,0,1,8,0
0,0,21,1,1,2,0,1,10,1
0,0,142,13,12,15,0,1,23,2
1,0,19,2,2,1,0,1,10,1
1,0,22,3,2,6,0,1,8,1
0,0,11,1,1,1,0,1,6,0
0,1,67,4,1,6,0,1,6,0
0,1,27,3,3,0,0,1,4,0
1,1,132,10,15,14,0,1,19,1
0,1,62,7,2,8,0,1,51,3
0,1,59,3,2,2,0,1,14,1
0,0,42,5,8,10,0,1,13,1
0,0,12,1,3,0,0,1,33,2
1,1,9,1,3,0,0,1,8,1
1,1,25,2,2,3,0,1,11,1
1,0,91,6,9,6,0,1,10,1
1,1,13,2,2,0,0,1,20,1
1,1,21,1,4,1,0,1,20,1
0,0,11,1,5,0,0,1,5,1
1,1,15,2,1,0,0,1,4,1
0,0,103,5,15,1,0,1,15,0
1,1,9,1,3,0,0,1,13,0
0,0,56,4,9,12,0,1,29,2
0,0,9,1,1,0,0,1,34,1
1,1,47,5,4,2,0,1,21,3
1,0,22,3,1,6,0,1,14,3
0,1,14,2,1,0,0,1,8,1
0,1,30,3,1,2,0,1,15,1
1,0,109,12,10,9,0,1,1,0
0,0,53,4,8,4,0,1,55,2
0,0,106,1,5,0,0,1,8,0
1,0,45,6,4,0,0,1,19,2
1,1,19,4,1,0,0,1,9,1
0,0,18,1,0,2,0,1,3,1
1,1,27,3,2,0,0,1,30,2
0,1,44,5,3,1,0,1,4,1
0,0,31,4,4,2,0,1,8,1
0,0,23,2,4,4,0,1,15,1
1,1,21,2,1,1,0,1,8,1
1,0,61,5,5,16,0,1,69,8
1,0,102,8,8,10,0,1,13,0
0,1,8,1,0,0,0,1,13,1
0,1,57,4,3,7,0,1,7,0
1,0,20,3,2,1,0,1,18,2
0,0,8,2,0,0,0,1,12,1
0,1,20,2,3,1,0,1,5,1
0,0,19,2,1,2,0,1,9,1
1,1,18,3,2,0,0,1,12,1
1,0,22,2,2,0,0,1,7,1
1,0,57,5,7,5,0,1,24,2
0,1,26,1,4,0,0,1,16,1
0,1,21,1,1,5,0,1,11,1
0,1,19,2,1,1,0,1,64,1
1,1,54,1,11,0,0,1,10,0
1,0,13,2,1,0,0,1,11,1
0,0,19,3,1,0,0,1,16,1
1,1,97,9,1,14,0,1,19,1
1,1,79,6,12,6,0,1,16,0
1,1,35,4,2,2,0,1,8,1
1,1,71,7,7,19,0,1,21,0
0,1,19,2,2,2,0,1,13,1
0,1,62,5,7,13,0,1,23,2
0,1,10,1,1,1,0,1,8,1
0,0,79,5,9,0,0,1,22,1
0,0,32,6,0,1,0,1,26,2
0,0,15,2,1,0,0,1,8,2
1,1,13,3,0,0,0,1,11,1
1,1,33,4,4,0,0,1,9,1
1,0,12,2,0,0,0,1,8,1
1,1,31,4,3,4,0,1,8,1
1,0,54,9,4,0,0,1,11,1
1,0,28,2,3,2,0,1,5,0
0,0,18,1,1,0,0,1,5,0
0,0,20,3,1,1,0,1,13,0
1,0,76,1,6,3,0,1,14,0
0,0,11,1,2,0,0,1,17,2
0,1,8,3,0,0,0,1,9,0
0,1,19,1,4,1,0,1,8,0
0,0,10,2,0,0,0,1,13,0
1,1,14,3,3,1,0,1,36,2
1,1,9,2,0,0,0,1,7,1
1,0,70,9,7,4,0,1,37,4
1,1,115,12,14,5,0,1,6,1
0,1,68,6,11,11,0,1,7,0
0,0,30,3,4,3,0,1,16,1
1,1,152,8,11,23,0,1,29,2
1,0,83,7,11,14,0,1,8,3
0,0,65,6,11,0,0,1,17,2
0,0,21,2,1,1,0,1,8,1
1,1,24,1,6,4,0,1,29,1
1,1,46,6,2,0,0,1,19,0
0,1,18,4,1,0,0,1,7,0
0,0,32,3,4,2,0,1,10,1
0,1,25,2,2,1,0,1,14,2
0,1,62,5,6,2,0,1,26,2
0,1,20,2,4,1,0,1,6,1
0,0,53,1,11,9,0,1,8,1
0,0,11,1,1,0,0,1,14,0
0,0,33,4,2,1,0,1,19,1
1,1,13,1,1,0,0,1,15,1
1,1,116,16,9,3,0,1,17,1
0,0,28,2,6,3,0,1,12,1
0,0,22,2,3,0,0,1,8,1
0,0,68,8,4,8,0,1,38,2
1,0,54,5,6,12,0,1,8,1
1,0,13,1,1,0,0,1,6,0
0,0,7,1,0,2,0,1,5,1
0,1,23,2,6,1,0,1,21,1
0,0,14,2,1,0,0,1,11,1
0,1,23,4,3,1,0,1,48,1
1,1,23,3,5,6,0,1,25,2
0,1,11,1,2,0,0,1,20,1
1,1,46,2,8,5,0,1,8,1
0,0,27,2,5,0,0,1,6,1
0,0,10,1,0,1,0,1,40,3
0,1,44,3,3,8,0,1,15,0
0,1,14,1,4,0,0,1,56,0
0,0,34,3,7,5,0,1,26,0
1,1,114,10,7,6,0,1,47,6
0,1,17,1,2,0,0,1,11,0
0,1,32,3,3,1,0,1,8,1
1,1,31,5,3,0,0,1,6,1
1,1,61,7,6,2,0,1,9,2
0,1,23,5,1,0,0,1,12,1
0,0,52,4,8,1,0,1,10,1
0,1,87,15,5,6,0,1,29,0
1,1,26,1,4,2,0,1,9,0
0,0,44,8,1,6,0,1,8,1
0,1,106,12,3,49,0,1,28,1
0,0,18,1,1,0,0,1,14,1
0,0,14,1,0,1,0,1,11,1
1,1,85,7,14,0,0,1,8,1
1,0,84,9,8,4,0,1,17,1
1,1,48,3,3,1,0,1,12,1
1,1,9,1,1,0,0,1,35,1
0,1,8,1,0,1,0,1,29,2
1,1,30,4,3,1,0,1,28,2
1,0,134,6,8,7,0,1,7,1
0,0,14,2,1,1,0,1,9,0
0,1,12,1,0,4,0,1,7,1
0,1,86,6,6,13,0,1,10,1
0,1,88,3,5,27,0,1,6,0
0,1,23,1,1,12,0,1,7,1
1,1,91,10,5,10,0,1,13,0
1,1,25,1,7,3,0,1,27,1
0,1,61,7,2,9,0,1,9,0
0,1,33,2,3,12,0,1,8,1
0,1,52,3,8,6,0,1,10,0
0,1,35,3,3,0,0,1,39,4
1,0,50,6,7,0,0,1,36,3
1,1,40,2,3,8,0,1,11,1
1,0,15,1,6,2,0,1,9,1
1,0,10,3,0,0,0,1,11,1
1,1,12,1,0,0,0,1,27,1
0,0,10,1,1,1,0,1,6,1
0,1,94,10,8,11,0,1,13,1
1,1,60,4,1,4,0,1,8,0
0,1,15,2,1,2,0,1,8,1
1,1,8,3,0,0,0,1,13,0
0,0,8,1,1,0,0,1,13,1
0,1,15,1,5,1,0,1,17,1
0,1,30,3,1,2,0,1,7,1
0,0,40,4,3,11,0,1,15,1
0,1,15,2,1,0,0,1,13,1
1,1,23,4,0,0,0,1,8,1
1,1,102,4,9,6,0,1,7,0
1,1,17,2,4,2,0,1,10,1
0,1,56,6,3,1,0,1,31,1
0,1,6,1,0,1,0,1,11,1
0,0,16,2,3,2,0,1,7,1
0,0,14,1,1,5,0,1,5,0
1,1,9,2,2,0,0,1,16,1
1,1,11,1,1,0,0,1,5,1
1,0,54,4,4,4,0,1,11,1
0,0,11,1,0,0,0,1,12,1
1,0,23,4,0,1,0,1,11,1
0,0,30,3,4,3,0,1,4,0
0,0,41,4,7,3,0,1,15,2
0,1,24,5,3,0,0,1,49,3
1,0,58,2,9,0,0,1,18,1
1,1,84,7,14,15,0,1,12,1
1,1,20,3,2,0,0,1,50,4
0,0,14,2,1,1,0,1,16,1
1,1,65,6,9,0,0,1,28,1
1,1,15,1,5,0,0,1,8,1
0,1,40,1,3,4,0,1,26,1
1,0,32,5,4,3,0,1,6,1
0,0,24,4,1,1,0,1,5,0
0,1,71,8,2,4,0,1,10,1
0,0,27,2,4,4,0,1,29,3
0,1,29,1,5,0,0,1,26,1
1,0,128,6,3,55,0,1,11,1
0,0,30,3,4,1,0,1,4,0
0,0,21,3,3,0,0,1,6,0
1,0,47,7,3,8,0,1,12,1
1,0,72,8,10,16,0,1,12,1
0,0,23,2,1,1,0,1,9,1
0,0,90,5,11,30,0,1,21,1
1,1,34,2,8,5,0,1,4,1
0,0,10,1,2,0,0,1,4,1
1,0,31,4,2,1,0,1,6,1
0,1,31,2,5,1,0,1,10,0
0,1,18,2,3,4,0,1,10,1
0,0,39,1,2,0,0,1,7,0
1,1,14,1,2,1,0,1,6,0
0,1,46,4,4,3,0,1,17,2
1,1,90,11,3,2,0,1,55,4
1,1,7,1,1,0,0,1,4,0
0,1,44,5,2,11,0,1,39,3
1,0,87,5,2,5,0,1,9,0
1,0,11,1,1,0,0,1,47,2
1,1,93,2,9,1,0,1,30,1
0,0,18,3,1,2,0,1,10,1
0,1,32,4,3,1,0,1,10,1
1,1,106,14,3,13,0,1,8,1
1,1,70,3,7,18,0,1,7,1
1,0,34,3,1,5,0,1,9,0
1,1,12,2,0,0,0,1,7,1
0,0,8,1,5,0,0,1,12,1
1,0,52,4,7,12,0,1,34,3
1,1,25,3,2,0,0,1,11,1
0,0,9,1,1,1,0,1,8,1
0,1,59,4,6,3,0,1,11,1
1,0,64,2,6,0,0,1,8,0
0,1,20,2,0,1,0,1,21,2
1,1,24,3,2,7,0,1,7,0
1,1,11,1,1,0,0,1,2,0
0,0,102,6,7,9,0,1,8,0
0,0,8,1,0,0,0,1,21,3
0,1,20,2,2,0,0,1,62,2
0,1,21,1,5,4,0,1,8,1
1,1,85,9,8,7,0,1,47,1
0,1,34,3,6,2,0,1,13,1
0,1,15,2,2,1,0,1,7,1
1,1,32,4,2,5,0,1,18,0
1,1,39,5,1,5,0,1,7,1
0,1,14,1,1,2,0,1,7,1
0,1,24,4,1,1,0,1,73,4
0,0,90,10,10,1,0,1,12,0
1,0,28,5,3,4,0,1,3,0
0,0,45,2,6,2,0,1,3,0
1,0,90,10,7,13,0,1,23,4
0,1,17,3,1,1,0,1,6,0
0,0,26,5,2,1,0,1,6,0
0,0,50,3,5,0,0,1,6,1
1,1,58,5,8,6,0,1,8,1
0,1,16,3,1,0,0,1,20,2
1,0,57,3,8,0,0,1,7,0
0,1,53,4,3,8,0,1,27,2
0,0,110,10,6,18,0,1,4,0
0,0,85,2,11,3,0,1,7,0
0,0,42,4,2,8,0,1,42,1
0,1,13,1,3,2,0,1,27,0
1,1,39,7,1,6,0,1,7,0
0,1,8,1,2,0,0,1,5,1
0,0,8,1,0,0,0,1,15,1
1,0,21,1,4,3,0,1,7,0
1,1,13,1,0,0,0,1,14,1
0,0,34,2,2,0,0,1,14,1
1,1,8,1,0,2,0,1,5,1
1,0,150,10,8,5,0,1,20,1
0,1,17,1,3,0,0,1,23,1
0,0,24,5,1,3,0,1,10,1
0,1,19,1,4,0,0,1,5,0
1,1,40,7,2,4,0,1,14,1
1,0,22,3,2,0,0,1,10,1
0,0,12,1,3,1,0,1,15,1
1,0,72,7,5,25,0,1,34,3
0,1,21,1,4,0,0,1,6,0
0,0,24,2,3,1,0,1,5,0
0,0,26,3,2,0,0,1,39,2
0,0,57,5,0,12,0,1,31,2
0,0,9,1,2,1,0,1,7,1
1,1,38,6,1,0,0,1,10,1
0,0,22,3,1,1,0,1,3,0
0,0,46,4,7,0,0,1,5,0
1,0,38,5,4,1,0,1,20,1
0,1,19,1,5,0,0,1,5,1
1,1,18,2,3,0,0,1,12,1
0,1,48,5,7,3,0,1,6,0
1,1,29,2,4,0,0,1,9,1
0,0,50,8,4,0,0,1,5,0
0,0,31,2,1,7,0,1,6,1
1,0,15,4,0,0,0,1,13,0
1,1,62,7,5,10,0,1,7,0
0,0,42,2,8,3,0,1,8,1
1,0,20,2,4,0,0,1,4,0
1,1,14,1,2,2,0,1,5,1
0,0,26,3,4,0,0,1,14,1
1,1,43,3,1,1,0,1,10,0
0,1,11,1,3,0,0,1,57,2
1,1,19,3,1,0,0,1,11,1
0,0,70,4,5,5,0,1,9,1
1,0,31,3,4,1,0,1,16,0
0,1,18,1,4,3,0,1,10,1
1,1,7,1,1,0,0,1,6,1
1,1,34,5,4,3,0,1,10,1
1,0,11,1,1,3,0,1,12,1
0,1,43,5,2,1,0,1,16,1
0,0,61,3,8,4,0,1,8,2
0,1,8,1,0,0,0,1,3,0
0,0,10,1,4,1,0,1,10,1
0,1,10,1,0,0,0,1,29,2
0,0,10,1,1,2,0,1,16,1
1,1,13,2,1,0,0,1,22,2
1,0,27,1,3,1,0,1,11,1
1,1,22,4,2,5,0,1,9,1
1,1,46,3,4,2,0,1,6,1
0,1,54,10,4,1,0,1,11,1
1,0,26,3,1,2,0,1,14,0
1,1,23,1,4,0,0,1,19,0
0,1,32,3,2,1,0,1,42,3
0,0,10,1,0,0,0,1,26,0
0,1,21,1,7,0,0,1,25,1
0,1,27,3,0,3,0,1,11,2
1,1,75,7,3,10,0,1,16,1
1,1,10,1,2,0,0,1,4,0
1,1,74,8,5,5,0,1,9,1
1,0,20,1,2,1,0,1,11,2
1,0,32,3,3,0,0,1,11,0
1,0,41,3,3,3,0,1,6,1
1,1,62,6,1,10,0,1,18,0
0,1,26,4,1,2,0,1,4,1
0,1,21,2,3,0,0,1,44,2
1,1,13,2,0,1,0,1,5,1
0,0,18,2,3,1,0,1,8,3
0,0,49,5,10,2,0,1,23,2
0,0,10,2,0,0,0,1,14,1
1,1,76,9,3,12,0,1,17,2
1,1,25,3,1,3,0,1,7,1
0,0,33,3,0,2,0,1,12,1
0,0,9,1,3,0,0,1,15,1
0,0,32,3,4,5,0,1,10,0
0,0,52,3,5,13,0,1,9,1
0,0,8,1,1,0,0,1,13,1
0,1,55,2,11,4,0,1,15,1
1,1,58,7,4,7,0,1,10,1
1,0,41,2,5,12,0,1,6,1
0,1,28,4,2,3,0,1,23,2
0,0,10,2,0,0,0,1,7,1
0,1,18,3,0,1,0,1,5,1
0,1,27,4,3,2,0,1,7,1
1,1,33,2,0,12,0,1,13,1
1,0,120,11,16,7,0,1,42,3
0,0,18,3,2,0,0,1,7,0
1,1,21,3,1,0,0,1,19,1
1,1,81,12,3,14,0,1,36,0
1,0,42,6,2,4,0,1,20,1
0,1,30,2,4,0,0,1,18,2
0,0,46,5,5,1,0,1,10,1
1,1,17,2,1,2,0,1,5,1
0,0,9,1,2,0,0,1,7,1
1,1,117,8,5,37,0,1,4,0
1,1,20,3,1,0,0,1,6,1
0,0,24,4,2,2,0,1,7,1
0,1,25,3,1,2,0,1,9,0
0,0,24,3,2,1,0,1,36,4
1,1,26,1,3,0,0,1,8,0
0,0,10,1,0,1,0,1,35,4
1,1,111,8,11,12,0,1,15,1
0,0,15,2,1,2,0,1,5,1
1,1,80,3,9,5,0,1,3,1
1,1,12,1,0,0,0,1,10,1
0,1,11,1,1,1,0,1,9,1
0,1,40,4,4,5,0,1,20,2
0,0,36,5,2,2,0,1,8,0
1,0,125,5,8,1,0,1,49,3
1,1,82,1,6,6,0,1,7,0
1,1,16,2,1,0,0,1,10,1
1,1,9,1,0,1,0,1,10,0
1,1,67,10,4,1,0,1,36,0
1,0,30,3,1,2,0,1,7,1
0,1,15,1,3,0,0,1,14,1
1,1,17,4,0,0,0,1,16,1
1,1,40,4,1,3,0,1,35,3
0,0,7,1,0,0,0,1,18,1
0,0,16,3,1,0,0,1,10,1
0,1,24,2,1,4,0,1,8,1
0,0,27,1,4,2,0,1,6,1
0,0,24,2,3,0,0,1,6,1
1,1,38,3,3,0,0,1,4,0
1,0,45,6,2,1,0,1,11,1
1,0,22,3,2,3,0,1,3,0
1,0,45,4,3,8,0,1,15,1
1,0,71,8,4,3,0,1,15,1
0,0,15,1,2,0,0,1,11,0
1,1,11,2,1,1,0,1,6,0
0,1,64,1,1,2,0,1,7,0
1,1,40,4,1,1,0,1,24,2
0,0,18,2,2,3,0,1,14,2
0,1,30,2,6,0,0,1,28,2
1,1,92,12,14,9,0,1,8,1
1,1,49,8,3,0,0,1,13,1
0,1,55,3,10,3,0,1,23,0
1,0,19,2,3,0,0,1,12,0
0,0,28,4,2,3,0,1,64,4
0,1,21,1,5,0,0,1,7,1
0,1,17,3,0,0,0,1,10,1
0,1,27,2,2,3,0,1,36,3
1,1,59,4,12,4,0,1,17,0
0,1,8,3,0,0,0,1,11,0
0,0,16,1,4,0,0,1,67,3
1,0,28,2,1,1,0,1,14,1
1,1,15,3,1,0,0,1,22,2
0,1,36,5,4,0,0,1,20,2
1,1,20,2,1,1,0,1,10,1
1,1,18,1,3,2,0,1,43,3
0,0,31,4,5,5,0,1,16,2
1,1,72,8,5,12,0,1,7,0
0,0,18,2,1,1,0,1,5,1
0,1,21,3,5,2,0,1,5,1
1,1,67,10,1,3,0,1,4,1
1,1,55,5,4,3,0,1,10,1
0,1,25,1,2,0,0,1,6,0
1,0,31,6,3,0,0,1,5,1
0,0,37,1,5,2,0,1,22,0
0,0,16,2,2,1,0,1,12,0
1,0,114,12,8,5,0,1,74,3
0,0,14,3,1,1,0,1,8,0
0,0,23,1,3,0,0,1,14,0
0,1,11,1,1,0,0,1,9,1
1,1,22,1,2,6,0,1,6,1
0,0,11,2,0,0,0,1,21,0
1,1,18,3,0,1,0,1,7,1
0,0,63,5,8,10,0,1,13,1
0,0,35,4,1,3,0,1,8,1
0,1,11,1,2,2,0,1,9,1
0,0,89,1,9,2,0,1,15,1
1,1,35,5,2,0,0,1,7,0
0,1,47,6,2,4,0,1,7,0
1,0,25,3,1,4,0,1,8,1
0,0,30,3,5,5,0,1,6,0
1,0,98,14,4,9,0,1,8,0
1,1,15,1,4,1,0,1,9,0
1,1,30,3,6,3,0,1,9,1
1,1,42,5,3,5,0,1,6,2
1,0,11,1,0,1,0,1,3,0
0,1,12,2,1,0,0,1,2,0
1,1,36,2,5,1,0,1,10,0
1,1,24,3,2,2,0,1,6,1
0,1,16,3,1,2,0,1,22,1
0,0,7,1,1,1,0,1,14,1
0,1,10,2,0,0,0,1,10,1
1,0,24,4,2,4,0,1,13,1
1,1,155,9,11,45,0,1,8,1
0,1,6,1,1,1,0,1,9,0
1,1,15,2,1,0,0,1,17,1
1,0,81,8,6,16,0,1,57,4
1,0,67,7,5,17,0,1,6,1
1,0,8,1,0,0,0,1,7,1
0,0,13,1,3,0,0,1,8,1
0,1,16,1,1,3,0,1,12,1
0,0,17,2,2,0,0,1,8,2
1,1,61,6,8,0,0,1,14,1
0,0,26,2,4,1,0,1,5,1
1,1,68,4,16,1,0,1,13,1
1,1,11,2,1,0,0,1,11,0
0,0,9,1,1,0,0,1,7,1
0,1,21,3,0,6,0,1,8,1
1,0,18,3,0,0,0,1,13,0
0,0,29,5,1,0,0,1,11,1
0,1,67,5,4,2,0,1,16,1
0,0,38,5,2,7,0,1,14,1
1,1,111,14,11,3,0,1,19,2
0,0,9,1,1,0,0,1,14,1
0,0,19,1,2,3,0,1,7,1
1,1,54,3,6,10,0,1,34,3
1,0,24,5,1,0,0,1,21,1
0,0,16,1,2,1,0,1,9,0
0,1,50,5,1,5,0,1,54,3
0,1,24,2,4,1,0,1,14,2
0,0,19,1,2,1,0,1,14,1
1,1,44,7,4,1,0,1,16,1
0,0,18,1,2,0,0,1,19,1
0,0,23,1,2,0,0,1,13,1
1,0,73,3,10,0,0,1,10,1
0,1,47,5,4,3,0,1,7,0
1,0,124,14,14,1,0,1,53,4
0,1,14,2,1,2,0,1,11,1
0,0,12,1,2,0,0,1,6,1
1,1,9,1,3,1,0,1,14,2
0,1,12,1,2,1,0,1,41,3
0,1,48,6,5,2,0,1,75,5
1,0,25,2,4,0,0,1,9,1
1,0,15,2,1,0,0,1,8,0
0,0,20,2,2,1,0,1,11,1
0,1,13,1,3,1,0,1,9,0
0,0,105,10,8,5,0,1,42,3
0,0,13,1,2,0,0,1,5,0
0,0,18,2,2,0,0,1,9,1
0,0,26,2,8,2,0,1,4,1
0,1,32,3,3,1,0,1,12,0
1,0,31,3,3,3,0,1,12,1
1,1,7,1,2,0,0,1,12,1
0,1,68,3,11,9,0,1,9,1
1,1,70,7,6,0,0,1,7,1
1,1,48,3,5,1,0,1,16,2
1,1,77,12,4,8,0,1,16,4
0,0,50,4,4,2,0,1,7,1
0,1,9,1,2,1,0,1,12,1
0,0,18,1,9,10,0,1,25,0
1,1,18,1,2,0,0,1,13,1
1,1,8,1,0,0,0,1,5,0
0,0,26,3,3,2,0,1,9,2
0,0,16,2,2,1,0,1,7,0
0,1,15,3,2,0,0,1,4,0
0,0,44,3,8,10,0,1,54,4
0,0,20,1,5,1,0,1,5,1
1,0,86,5,2,5,0,1,18,0
0,0,15,3,1,0,0,1,11,1
1,1,41,6,2,0,0,1,67,5
1,0,49,2,3,1,0,1,12,1
1,1,10,1,1,0,0,1,9,0
0,0,52,7,2,9,0,1,12,0
0,1,21,1,4,4,0,1,13,1
0,1,50,1,1,1,0,1,7,0
0,1,12,3,0,0,0,1,12,1
0,0,38,7,4,4,0,1,30,3
1,0,11,2,3,1,0,1,9,1
0,0,26,3,1,1,0,1,9,1
0,1,56,3,4,1,0,1,10,0
0,1,28,2,1,2,0,1,10,0
0,1,25,1,7,6,0,1,64,3
1,1,11,1,1,2,0,1,28,0
1,0,104,1,13,0,0,1,7,0
1,1,82,9,3,3,0,1,10,1
0,0,72,6,7,6,0,1,9,1
1,1,64,11,9,6,0,1,6,0
0,1,39,4,5,0,0,1,15,0
0,0,23,2,4,3,0,1,10,1
0,0,49,5,4,0,0,1,9,1
0,1,6,1,0,0,0,1,4,1
0,0,8,1,1,1,0,1,5,0
0,1,19,4,2,0,0,1,14,2
0,0,19,2,1,1,0,1,8,1
1,1,23,2,4,0,0,1,9,1
0,1,9,1,0,0,0,1,9,1
0,1,39,4,8,1,0,1,7,1
1,1,42,7,2,4,0,1,30,0
1,1,30,5,1,0,0,1,3,0
1,0,39,1,3,6,0,1,11,0
1,0,35,4,4,1,0,1,7,1
1,1,35,4,0,2,0,1,6,0
0,0,11,1,2,0,0,1,9,1
1,1,75,13,4,0,0,1,27,0
0,1,7,1,0,0,0,1,9,1
0,1,14,3,0,0,0,1,28,2
1,0,107,5,15,0,0,1,22,2
0,1,32,3,4,2,0,1,6,0
1,1,9,2,1,0,0,1,12,2
1,1,9,1,4,2,0,1,20,3
0,1,13,1,2,0,0,1,14,1
1,0,39,1,3,9,0,1,59,0
1,1,68,5,4,4,0,1,5,0
0,0,9,1,0,1,0,1,3,0
1,1,18,3,0,4,0,1,10,1
0,1,37,2,9,8,0,1,27,2
0,1,48,2,6,3,0,1,23,2
0,0,114,5,1,90,0,1,4,0
0,1,31,5,4,0,0,1,7,1
0,0,50,7,8,2,0,1,8,1
1,0,110,7,13,16,0,1,17,2
0,1,42,2,3,6,0,1,7,1
0,1,28,3,3,0,0,1,7,1
1,1,47,3,1,3,0,1,6,1
0,1,86,3,10,3,0,1,23,0
0,1,21,1,3,0,0,1,6,1
0,1,65,5,11,7,0,1,9,0
0,1,9,1,3,0,0,1,7,1
0,0,9,1,1,0,0,1,29,2
0,1,8,2,0,0,0,1,12,1
0,1,17,2,1,5,0,1,31,1
1,1,53,4,8,5,0,1,8,1
1,1,27,2,3,4,0,1,10,0
1,1,43,4,5,11,0,1,16,1
0,0,69,4,9,3,0,1,4,1
1,0,46,4,1,3,0,1,7,1
1,0,27,2,5,1,0,1,18,1
0,0,26,1,4,0,0,1,67,3
0,1,31,4,3,2,0,1,9,0
1,1,7,1,0,0,0,1,10,1
1,0,26,2,4,1,0,1,20,1
1,0,25,2,4,0,0,1,33,1
0,0,165,19,6,18,0,1,39,1
1,1,52,2,10,5,0,1,6,1
1,0,41,6,5,0,0,1,7,0
0,0,16,2,2,0,0,1,5,0
1,1,46,4,4,3,0,1,12,0
1,0,74,9,12,0,0,1,13,2
0,1,22,4,0,4,0,1,4,1
0,0,22,2,1,0,0,1,35,2
0,1,23,5,1,2,0,1,12,1
1,1,25,3,3,3,0,1,13,1
0,0,52,6,3,2,0,1,14,0
0,1,19,2,2,2,0,1,5,0
0,1,21,3,3,0,0,1,6,0
1,0,30,3,2,1,0,1,18,0
0,1,18,1,1,0,0,1,10,1
0,0,17,2,4,2,0,1,4,1
1,1,7,1,4,2,0,1,5,1
0,0,25,1,2,3,0,1,4,0
1,1,27,3,1,5,0,1,6,0
1,1,16,1,1,8,0,1,11,0
0,0,10,2,0,0,0,1,4,0
0,1,12,2,0,0,0,1,9,1
0,1,10,1,1,1,0,1,3,0
1,1,31,4,4,1,0,1,3,1
0,1,7,1,0,0,0,1,9,1
0,0,20,3,5,3,0,1,8,1
0,1,23,1,2,2,0,1,12,1
1,1,24,2,4,1,0,1,15,1
1,0,80,7,8,2,0,1,7,1
1,0,47,7,3,2,0,1,6,0
1,1,37,4,1,3,0,1,11,1
0,1,26,3,4,1,0,1,8,1
1,0,37,4,2,0,0,1,10,1
0,0,20,3,0,1,0,1,8,0
1,0,30,2,2,3,0,1,4,0
1,1,109,1,13,0,0,1,57,1
0,0,23,2,4,3,0,1,11,1
1,0,57,4,12,0,0,1,9,0
0,1,27,1,1,1,0,1,11,1
0,0,29,3,2,1,0,1,7,1
0,0,7,1,3,0,0,1,6,0
1,1,12,1,1,4,0,1,6,1
0,1,13,4,0,2,0,1,5,1
0,1,15,2,2,2,0,1,11,1
1,0,30,4,3,1,0,1,14,2
1,0,28,1,3,2,0,1,13,0
0,0,44,4,5,0,0,1,28,1
1,1,7,1,2,0,0,1,13,1
1,1,12,1,2,0,0,1,14,1
0,0,41,4,4,6,0,1,5,1
1,1,57,5,7,5,0,1,6,1
0,0,15,2,2,0,0,1,10,1
0,1,9,1,0,0,0,1,17,1
0,1,49,3,6,1,0,1,5,1
1,1,15,1,2,0,0,1,5,0
1,1,13,1,3,0,0,1,9,1
0,1,9,1,0,0,0,1,20,2
0,0,19,2,2,0,0,1,3,0
0,0,37,5,5,2,0,1,11,0
1,1,108,9,3,17,0,1,19,1
1,0,27,7,0,0,0,1,9,1
1,0,49,7,0,6,0,1,76,9
0,1,53,7,6,2,0,1,18,1
0,1,31,1,5,4,0,1,19,2
1,1,26,1,4,3,0,1,5,1
0,0,25,3,3,0,0,1,26,2
0,1,21,2,3,2,0,1,39,2
0,0,33,3,1,2,0,1,7,1
1,0,39,5,3,7,0,1,6,0
1,0,91,8,11,7,0,1,14,2
0,0,19,3,1,0,0,1,31,2
1,1,83,7,14,3,0,1,12,1
0,1,35,3,5,0,0,1,4,0
0,0,23,2,5,6,0,1,12,1
1,1,54,4,6,2,0,1,45,2
0,1,40,2,8,2,0,1,25,0
1,1,131,10,18,1,0,1,64,5
0,0,41,3,4,6,0,1,10,1
0,1,15,1,1,1,0,1,25,2
0,1,58,6,7,2,0,1,21,1
0,0,65,3,11,4,0,1,6,1
0,0,35,4,4,2,0,1,10,1
0,1,15,2,1,4,0,1,42,5
0,1,46,2,5,4,0,1,16,1
0,1,36,4,2,2,0,1,46,4
1,1,10,1,1,0,0,1,7,1
0,1,16,3,0,0,0,1,35,1
1,0,23,1,5,4,0,1,18,1
1,1,13,2,1,3,0,1,2,0
0,0,65,4,5,4,0,1,13,1
0,1,63,4,15,9,0,1,74,3
0,0,74,6,10,9,0,1,11,2
1,1,29,2,2,2,0,1,4,0
0,0,36,7,3,1,0,1,42,2
1,1,13,2,0,0,0,1,8,1
0,1,15,3,1,0,0,1,5,1
0,1,9,2,0,0,0,1,6,1
1,0,11,2,0,0,0,1,13,1
0,0,42,2,4,3,0,1,9,1
1,1,47,3,11,6,0,1,7,0
0,1,8,1,5,0,0,1,15,3
0,1,16,1,0,1,0,1,55,5
1,1,22,2,2,0,0,1,23,2
1,1,26,3,1,1,0,1,6,1
1,0,30,2,5,0,0,1,6,0
1,1,146,13,3,13,0,1,26,1
0,0,34,1,1,0,0,1,12,2
0,1,7,1,2,0,0,1,3,0
0,1,31,2,3,7,0,1,18,1
0,0,66,4,4,4,0,1,7,1
0,0,9,1,1,2,0,1,8,1
0,1,77,11,5,15,0,1,40,4
0,0,11,1,3,1,0,1,7,1
0,0,61,4,11,11,0,1,6,1
1,1,63,3,6,5,0,1,14,1
1,0,89,8,1,4,0,1,3,1
0,1,17,1,1,6,0,1,4,1
0,0,18,2,1,4,0,1,27,2
1,0,12,2,2,0,0,1,16,1
1,0,78,8,10,0,0,1,6,1
1,0,67,10,6,11,0,1,10,1
0,0,62,4,11,1,0,1,8,1
0,0,24,4,1,1,0,1,19,1
0,0,90,6,8,20,0,1,14,0
0,0,13,1,2,1,0,1,10,0
0,0,73,5,11,8,0,1,18,1
1,0,66,9,5,4,0,1,10,1
1,1,137,11,10,38,0,1,8,1
1,0,10,1,4,2,0,1,16,1
0,0,109,9,8,10,0,1,10,1
0,0,67,5,8,4,0,1,18,3
1,0,36,4,3,6,0,1,48,4
0,0,18,2,2,3,0,1,7,1
0,0,18,2,1,4,0,1,11,0
1,1,68,6,9,6,0,1,6,1
1,0,66,8,6,9,0,1,11,0
0,1,29,3,3,2,0,1,13,1
1,1,13,3,0,0,0,1,13,1
0,0,14,2,1,0,0,1,24,0
0,0,14,1,4,0,0,1,8,1
0,1,14,2,3,0,0,1,35,2
1,0,43,3,5,7,0,1,7,1
0,0,11,2,0,0,0,1,14,0
1,1,64,4,6,7,0,1,9,1
1,0,57,5,7,3,0,1,32,2
0,1,16,3,1,3,0,1,3,0
0,1,15,2,0,0,0,1,23,2
1,1,13,2,1,0,0,1,6,0
1,0,11,1,6,0,0,1,5,1
1,1,48,2,6,6,0,1,8,0
0,0,23,1,3,0,0,1,13,0
0,1,12,1,5,0,0,1,8,1
1,1,32,4,2,0,0,1,11,0
1,1,31,2,3,3,0,1,6,1
1,1,12,2,1,1,0,1,5,1
0,0,26,2,2,7,0,1,12,0
0,1,16,1,0,1,0,1,5,1
0,0,39,5,4,0,0,1,13,1
1,1,46,9,3,2,0,1,9,1
1,0,15,3,0,0,0,1,7,0
0,0,8,1,1,0,0,1,10,1
1,1,33,2,2,2,0,1,26,5
1,1,54,3,2,0,0,1,12,0
1,1,8,1,1,0,0,1,9,1
1,0,17,1,2,0,0,1,13,1
0,1,15,3,1,0,0,1,10,1
1,1,17,1,6,0,0,1,3,0
0,0,17,1,5,0,0,1,12,1
0,1,32,3,2,3,0,1,12,1
0,1,10,1,2,0,0,1,7,0
1,1,33,3,1,1,0,1,14,1
0,1,48,1,5,2,0,1,11,1
0,0,6,1,1,0,0,1,21,1
1,1,82,13,5,6,0,1,12,1
0,0,29,5,2,6,0,1,21,2
1,0,101,12,10,1,0,1,11,1
0,0,24,3,4,0,0,1,10,2
1,1,6,1,1,0,0,1,13,1
0,0,16,3,1,0,0,1,7,1
0,1,59,7,4,5,0,1,8,0
0,0,26,2,4,6,0,1,7,0
0,0,34,3,2,1,0,1,13,1
0,0,13,1,4,0,0,1,14,1
1,1,63,6,6,11,0,1,3,0
1,1,12,1,4,0,0,1,3,0
0,0,27,1,6,0,0,1,35,2
1,0,95,9,5,11,0,1,4,1
1,0,110,11,3,11,0,1,7,0
1,1,35,2,4,8,0,1,14,1
0,0,30,4,3,0,0,1,20,0
0,1,9,1,0,0,0,1,8,0
0,0,35,4,3,0,0,1,10,0
1,0,28,3,4,4,0,1,6,0
1,0,63,2,6,10,0,1,22,1
1,1,47,6,4,3,0,1,10,1
1,1,96,3,15,7,0,1,6,0
1,1,122,11,10,2,0,1,26,0
1,0,13,1,4,2,0,1,31,3
0,0,28,1,3,0,0,1,27,0
1,0,14,2,2,2,0,1,7,0
1,0,83,11,6,0,0,1,10,1
1,1,57,5,3,3,0,1,24,0
1,1,18,1,6,2,0,1,22,3
0,1,13,2,1,0,0,1,29,3
1,0,81,5,3,45,0,1,11,1
0,1,31,2,5,4,0,1,8,1
0,0,20,2,1,2,0,1,5,0
0,0,32,2,3,1,0,1,14,0
0,1,61,5,5,16,0,1,6,1
0,1,55,2,4,4,0,1,8,1
1,1,14,1,1,0,0,1,9,0
0,1,8,3,0,0,0,1,13,0
0,0,17,3,2,0,0,1,21,2
1,1,67,3,5,1,0,1,16,1
1,0,17,2,0,5,0,1,39,2
0,1,9,1,1,0,0,1,6,1
0,1,19,2,1,2,0,1,8,1
0,1,56,4,16,5,0,1,19,2
0,1,43,5,2,4,0,1,10,1
0,0,12,2,0,2,0,1,6,0
1,1,28,4,3,0,0,1,13,2
0,1,18,1,1,0,0,1,3,1
1,1,33,3,2,2,0,1,12,1
1,0,15,1,5,2,0,1,10,1
1,1,46,5,4,0,0,1,31,2
1,0,46,4,1,6,0,1,5,1
0,0,48,5,6,1,0,1,6,1
0,0,49,7,4,0,0,1,61,2
1,0,53,4,7,1,0,1,10,1
1,1,16,2,2,1,0,1,15,1
0,1,17,1,2,0,0,1,46,1
1,1,27,2,1,11,0,1,11,0
0,0,29,3,4,7,0,1,11,1
0,0,43,2,6,0,0,1,8,1
0,0,9,1,2,0,0,1,3,0
0,1,44,3,1,0,0,1,33,1
1,1,25,3,2,3,0,1,7,1
0,0,59,4,6,10,0,1,13,0
0,0,61,1,4,0,0,1,7,0
1,0,24,2,4,1,0,1,4,1
0,0,38,6,4,1,0,1,24,2
1,1,76,6,5,4,0,1,65,3
0,0,24,2,5,2,0,1,21,0
0,0,45,2,7,8,0,1,18,2
1,0,66,2,10,0,0,1,13,0
0,1,22,4,1,0,0,1,14,1
1,0,14,3,1,0,0,1,6,1
0,0,18,4,2,2,0,1,21,1
0,0,54,3,2,2,0,1,5,1
0,0,41,3,7,3,0,1,6,1
0,1,21,1,1,9,0,1,5,0
1,0,11,3,1,0,0,1,19,1
0,1,25,1,1,6,0,1,8,1
0,1,16,3,0,0,0,1,14,1
0,1,138,1,21,3,0,1,7,0
1,1,34,3,4,2,0,1,60,7
0,1,22,3,1,0,0,1,11,0
1,1,61,6,5,4,0,1,15,1
1,1,28,2,2,0,0,1,35,2
1,0,72,7,5,2,0,1,19,3
0,0,32,3,2,4,0,1,8,1
0,0,25,3,2,0,0,1,9,1
0,0,32,5,3,2,0,1,10,0
1,0,33,3,3,2,0,1,5,1
1,1,7,2,0,0,0,1,14,1
0,0,8,1,0,0,0,1,19,1
1,1,22,2,1,1,0,1,22,2
1,1,23,1,3,6,0,1,19,1
0,0,17,2,0,0,0,1,25,4
1,1,93,6,7,2,0,1,2,0
0,0,56,6,3,1,0,1,22,3
0,0,26,2,2,1,0,1,7,1
1,0,86,5,8,21,0,1,8,0
1,1,11,1,1,0,0,1,6,1
0,0,68,5,12,2,0,1,9,0
1,1,58,7,3,3,0,1,15,1
0,0,51,2,10,3,0,1,12,0
0,1,37,6,1,5,0,1,4,1
0,1,17,3,1,0,0,1,20,1
0,1,78,11,4,8,0,1,13,1
1,0,27,1,9,0,0,1,8,1
0,0,9,1,1,0,0,1,6,1
1,1,29,2,2,0,0,1,28,2
0,1,35,7,0,0,0,1,4,0
0,1,16,1,2,3,0,1,10,1
0,0,17,1,5,0,0,1,4,1
0,0,17,3,3,1,0,1,11,1
1,1,14,2,3,0,0,1,18,3
1,0,10,1,1,0,0,1,6,0
0,1,33,2,5,3,0,1,6,1
1,1,14,2,1,1,0,1,8,0
0,0,65,7,4,14,0,1,24,2
0,1,29,4,1,2,0,1,12,1
0,0,10,1,4,1,0,1,17,1
0,1,62,8,1,6,0,1,8,0
1,1,124,11,9,1,0,1,17,2
0,1,79,5,8,0,0,1,22,1
1,1,90,4,9,4,0,1,9,1
1,0,83,7,10,0,0,1,12,0
0,0,28,4,2,0,0,1,13,1
0,0,15,1,2,2,0,1,3,0
1,1,13,2,1,0,0,1,14,1
0,0,14,1,5,0,0,1,20,1
0,0,39,3,4,4,0,1,9,0
0,0,6,1,0,0,0,1,5,0
1,1,26,1,2,10,0,1,17,1
1,0,108,11,3,4,0,1,34,5
1,0,20,1,1,11,0,1,12,3
0,1,19,1,5,1,0,1,5,0
0,1,28,3,4,0,0,1,23,2
0,0,115,11,11,3,0,1,7,1
0,0,28,1,2,0,0,1,11,1
1,1,13,2,0,1,0,1,8,1
1,1,58,8,5,3,0,1,45,4
1,0,19,1,2,0,0,1,20,3
0,1,32,3,6,4,0,1,8,1
1,1,23,2,3,0,0,1,6,1
0,0,32,4,5,1,0,1,5,1
0,0,32,3,2,2,0,1,11,1
1,0,61,5,12,4,0,1,10,1
0,0,27,3,2,2,0,1,6,0
1,1,98,4,6,21,0,1,5,0
1,1,11,1,2,1,0,1,6,0
0,0,19,2,1,2,0,1,16,0
1,0,36,8,0,1,0,1,9,1
0,1,17,1,3,6,0,1,6,0
1,0,37,3,6,7,0,1,13,2
1,0,68,3,10,5,0,1,9,1
0,0,67,8,7,6,0,1,15,0
0,1,24,4,1,0,0,1,12,0
1,1,11,2,0,0,0,1,7,1
1,1,62,7,3,2,0,1,28,2
1,0,13,2,1,0,0,1,6,1
0,1,32,2,5,8,0,1,10,0
0,0,26,5,0,0,0,1,12,1
0,1,63,9,2,5,0,1,10,1
1,0,26,2,3,5,0,1,9,1
0,0,7,1,0,0,0,1,6,0
1,0,40,6,3,0,0,1,8,1
1,1,9,1,1,0,0,1,12,0
0,1,40,1,9,0,0,1,55,5
0,0,87,7,13,4,0,1,16,0
0,1,20,1,7,0,0,1,12,1
0,1,21,2,4,0,0,1,8,1
0,0,17,2,1,2,0,1,7,0
1,1,38,3,8,7,0,1,7,0
0,0,11,1,1,1,0,1,9,0
1,1,73,5,5,20,0,1,25,2
0,0,122,11,8,7,0,1,8,1
0,1,13,1,1,1,0,1,14,2
1,1,21,3,1,0,0,1,8,1
1,0,64,7,7,0,0,1,23,1
0,1,14,1,1,4,0,1,11,3
0,0,93,6,3,4,0,1,59,1
1,0,24,3,1,6,0,1,19,1
1,0,8,1,1,0,0,1,15,0
1,1,8,1,1,0,0,1,6,1
1,1,35,1,6,0,0,1,8,0
0,1,13,1,2,0,0,1,1,0
1,0,62,8,0,5,0,1,12,1
0,0,69,3,6,2,0,1,51,0
1,1,19,1,5,2,0,1,9,2
0,1,37,3,2,1,0,1,18,0
1,1,29,2,5,4,0,1,3,0
0,0,84,10,7,3,0,1,9,0
0,0,11,2,1,0,0,1,10,1
0,1,18,2,0,0,0,1,8,0
0,0,19,2,3,0,0,1,11,0
0,0,23,1,14,1,0,1,9,1
0,1,9,1,1,0,0,1,6,1
0,0,30,3,2,4,0,1,10,1
1,1,9,1,1,1,0,1,10,1
1,1,19,1,3,2,0,1,7,1
1,0,34,5,2,0,0,1,8,1
0,0,33,1,2,0,0,1,8,0
1,0,28,1,1,0,0,1,7,1
0,1,11,2,3,0,0,1,6,1
1,0,30,3,3,3,0,1,22,2
0,0,30,2,2,4,0,1,7,1
0,0,94,13,7,0,0,1,19,0
1,0,24,4,3,1,0,1,8,1
1,0,16,2,2,1,0,1,7,1
0,0,54,8,1,1,0,1,6,0
1,1,106,14,10,2,0,1,11,1
0,0,21,5,1,0,0,1,7,0
1,1,30,3,1,1,0,1,10,2
0,0,14,1,2,0,0,1,7,1
0,0,28,2,3,2,0,1,8,1
0,1,16,2,0,0,0,1,15,1
0,0,11,2,2,1,0,1,5,1
1,1,46,3,5,5,0,1,8,0
1,1,44,5,4,0,0,1,13,1
0,1,59,7,2,1,0,1,42,4
1,1,39,8,2,1,0,1,16,1
1,0,24,3,2,0,0,1,8,0
0,1,29,2,1,4,0,1,26,1
1,1,19,1,2,1,0,1,25,3
1,1,28,2,1,2,0,1,32,2
0,0,11,2,0,0,0,1,6,1
0,1,17,4,0,2,0,1,49,4
0,0,20,1,2,3,0,1,5,0
0,0,81,1,7,8,0,1,7,0
0,0,34,4,3,5,0,1,13,0
0,0,13,1,2,2,0,1,8,1
0,1,6,1,0,2,0,1,4,0
0,0,71,1,17,18,0,1,4,0
0,0,19,5,1,0,0,1,8,0
0,1,14,1,2,2,0,1,16,2
1,0,42,3,2,1,0,1,10,1
0,1,26,2,3,7,0,1,5,0
1,1,10,3,0,0,0,1,8,1
1,1,14,3,1,1,0,1,9,1
1,1,74,4,6,28,0,1,16,1
0,0,13,2,2,1,0,1,15,2
0,1,43,1,4,7,0,1,6,1
1,1,27,3,1,1,0,1,7,0
1,0,10,1,0,1,0,1,10,0
1,0,70,2,5,2,0,1,9,1
1,1,28,3,5,1,0,1,10,0
0,0,22,2,2,0,0,1,5,0
1,1,31,6,3,2,0,1,11,2
0,1,23,2,1,2,0,1,10,1
1,0,18,3,1,0,0,1,16,0
0,1,12,3,0,3,0,1,22,1
1,1,13,2,2,0,0,1,9,1
0,1,20,4,0,0,0,1,21,0
1,1,20,3,3,1,0,1,5,1
0,0,39,5,7,9,0,1,8,1
0,1,13,1,2,2,0,1,4,0
0,1,38,2,3,12,0,1,1,0
0,0,140,6,6,17,0,1,76,9
1,1,64,7,10,7,0,1,14,0
0,0,11,1,2,0,0,1,11,0
0,0,33,4,3,1,0,1,4,0
0,0,44,3,5,6,0,1,13,1
1,0,14,3,0,1,0,1,7,1
0,0,28,3,3,1,0,1,12,1
1,1,50,6,0,7,0,1,24,2
1,1,19,1,1,4,0,1,6,1
1,1,94,11,6,7,0,1,30,2
0,0,18,2,2,0,0,1,11,1
0,0,22,4,2,0,0,1,5,1
1,1,135,5,16,13,0,1,10,1
1,0,68,9,13,8,0,1,7,1
1,1,21,2,2,4,0,1,2,0
0,0,41,3,7,5,0,1,6,1
1,1,25,5,2,0,0,1,12,1
0,1,33,3,6,5,0,1,72,3
0,1,38,2,1,15,0,1,11,1
0,0,44,4,3,2,0,1,7,0
0,0,16,2,1,3,0,1,31,2
0,1,13,1,2,3,0,1,3,1
0,1,19,1,6,6,0,1,10,1
1,0,60,4,2,2,0,1,14,1
0,1,16,2,1,2,0,1,7,1
0,0,110,13,10,3,0,1,62,9
0,0,26,2,0,1,0,1,24,1
0,1,11,1,1,0,0,1,12,1
0,0,39,5,2,1,0,1,25,0
1,0,18,1,1,0,0,1,7,1
0,0,32,5,1,0,0,1,9,1
1,1,27,3,4,1,0,1,5,1
0,1,22,3,0,0,0,1,11,1
1,0,126,1,8,2,0,1,7,0
0,0,23,3,1,2,0,1,10,1
1,1,25,1,4,1,0,1,9,0
0,1,18,3,1,2,0,1,11,1
0,1,74,3,7,10,0,1,11,0
0,0,11,1,1,2,0,1,7,0
1,0,38,3,3,3,0,1,25,2
0,0,9,1,2,1,0,1,17,1
0,0,10,1,2,0,0,1,15,1
1,1,16,2,0,3,0,1,9,1
0,0,24,4,1,1,0,1,20,1
1,0,149,17,11,7,0,1,57,3
1,1,12,2,1,0,0,1,4,1
1,0,28,3,2,0,0,1,11,1
1,1,7,1,1,1,0,1,7,1
1,0,36,5,6,3,0,1,9,1
1,1,39,3,4,2,0,1,7,1
0,1,13,1,0,0,0,1,5,0
0,0,24,1,6,0,0,1,30,0
0,1,53,5,2,0,0,1,7,0
1,0,100,14,8,0,0,1,16,2
1,1,19,3,2,0,0,1,19,0
0,0,20,2,4,2,0,1,21,0
0,1,31,3,2,4,0,1,10,0
1,0,48,5,1,1,0,1,15,0
1,1,165,18,6,5,0,1,31,2
1,0,16,2,2,1,0,1,9,1
0,0,19,1,1,3,0,1,15,0
1,0,90,5,1,6,0,1,3,0
0,0,53,4,6,0,0,1,14,1
1,1,29,3,3,2,0,1,4,1
0,1,37,1,2,14,0,1,22,1
0,1,13,2,0,2,0,1,12,1
1,1,75,9,6,3,0,1,13,1
0,0,18,4,0,0,0,1,6,1
0,0,16,3,2,0,0,1,7,0
0,0,56,1,6,0,0,1,8,0
0,0,63,7,6,2,0,1,8,0
1,1,39,4,4,4,0,1,7,2
0,0,26,2,3,2,0,1,30,1
1,0,18,1,5,1,0,1,5,1
1,0,138,11,17,2,0,1,7,1
0,1,32,4,1,0,0,1,23,2
0,1,35,2,8,1,0,1,11,1
0,0,34,1,2,5,0,1,5,0
0,1,7,1,1,0,0,1,16,1
1,0,42,6,4,0,0,1,11,1
0,1,36,2,5,6,0,1,20,0
0,0,83,11,8,7,0,1,10,1
1,1,28,2,1,2,0,1,31,3
1,1,58,1,13,3,0,1,5,1
0,0,144,3,21,1,0,1,43,2
0,1,10,1,1,1,0,1,36,2
0,0,21,2,1,1,0,1,5,1
0,1,7,1,0,0,0,1,9,0
1,0,49,9,1,0,0,1,33,1
1,0,97,7,5,7,0,1,2,0
0,0,98,13,8,9,0,1,33,3
0,0,22,1,7,0,0,1,15,2
1,1,123,11,12,27,0,1,9,0
1,0,114,14,8,2,0,1,5,1
1,1,18,2,3,0,0,1,6,0
0,0,18,2,1,4,0,1,9,1
1,1,31,3,3,5,0,1,9,1
0,1,11,2,1,0,0,1,14,1
1,1,8,1,1,0,0,1,11,0
1,1,39,5,2,14,0,1,5,1
1,1,81,1,14,24,0,1,6,0
0,1,25,4,1,0,0,1,10,0
0,0,10,2,0,0,0,1,7,1
0,0,18,1,4,3,0,1,4,1
0,0,53,1,5,0,0,1,68,3
0,1,16,2,1,0,0,1,14,1
0,0,12,2,1,1,0,1,10,1
0,1,22,2,4,0,0,1,26,2
1,0,13,2,3,1,0,1,10,0
1,0,13,2,0,0,0,1,9,1
0,0,58,3,9,2,0,1,10,1
0,1,29,3,2,4,0,1,32,2
0,1,12,1,2,3,0,1,12,1
0,0,97,13,4,22,0,1,23,3
0,0,77,6,20,1,0,1,14,1
1,1,18,3,1,0,0,1,4,0
0,1,12,1,1,4,0,1,5,0
1,1,14,2,0,0,0,1,6,0
1,1,14,1,1,0,0,1,10,1
0,1,24,3,1,3,0,1,12,1
0,0,20,1,1,7,0,1,7,1
1,1,22,2,1,0,0,1,5,1
1,1,22,2,1,2,0,1,5,0
0,0,14,1,1,0,0,1,11,1
0,1,17,2,1,0,0,1,9,1
1,1,17,1,0,3,0,1,13,3
0,1,12,2,1,0,0,1,5,1
0,1,80,3,5,9,0,1,21,1
0,1,18,1,3,1,0,1,8,0
0,0,16,3,0,1,0,1,18,2
0,0,59,9,3,2,0,1,14,1
1,1,21,3,2,1,0,1,15,1
0,0,38,1,3,14,0,1,13,1
0,1,25,4,2,0,0,1,30,3
0,1,47,3,4,2,0,1,12,1
0,1,17,2,1,4,0,1,9,0
0,1,65,5,11,24,0,1,25,5
0,1,30,1,5,4,0,1,9,0
1,1,35,3,3,1,0,1,12,1
1,0,17,2,3,1,0,1,7,0
0,0,10,1,1,1,0,1,5,0
1,0,69,7,6,0,0,1,11,0
1,0,29,2,3,3,0,1,9,0
1,1,171,1,2,2,0,1,8,0
0,0,105,1,17,2,0,1,11,1
1,0,73,4,9,6,0,1,11,1
1,0,97,7,7,5,0,1,7,0
0,1,16,2,2,4,0,1,7,1
0,0,41,3,3,2,0,1,7,0
1,1,43,2,5,6,0,1,22,2
0,1,21,2,1,1,0,1,17,0
0,0,22,2,4,0,0,1,4,0
1,0,45,4,2,2,0,1,4,1
1,0,67,8,3,0,0,1,19,0
0,1,81,9,5,7,0,1,10,1
1,0,38,6,4,0,0,1,20,1
1,0,49,2,3,0,0,1,22,4
1,1,14,1,4,0,0,1,7,1
1,1,73,9,4,5,0,1,11,1
0,0,22,3,3,0,0,1,7,1
0,1,21,3,2,1,0,1,22,2
0,0,51,5,5,7,0,1,4,0
0,0,16,3,1,0,0,1,9,1
0,0,103,1,10,22,0,1,6,1
0,0,24,2,3,0,0,1,18,1
0,1,33,2,4,0,0,1,14,0
0,0,61,2,11,0,0,1,7,1
0,0,9,1,2,1,0,1,10,1
1,1,41,6,1,1,0,1,8,1
0,0,80,8,11,6,0,1,20,0
0,1,17,1,1,0,0,1,45,3
0,1,51,4,5,1,0,1,33,2
1,0,17,4,0,2,0,1,14,0
0,1,29,2,1,2,0,1,11,1
1,1,35,3,3,0,0,1,21,0
0,0,18,2,3,0,0,1,9,0
0,1,27,1,3,2,0,1,34,2
0,1,19,2,1,1,0,1,8,1
0,1,7,1,1,1,0,1,2,0
0,1,42,4,4,4,0,1,9,1
1,0,87,6,11,12,0,1,34,0
1,1,42,2,5,5,0,1,4,0
0,1,24,3,2,1,0,1,13,0
0,0,17,3,0,5,0,1,2,0
0,0,33,1,8,8,0,1,4,0
0,0,42,6,4,3,0,1,15,0
0,0,28,4,2,9,0,1,6,0
1,0,54,5,5,2,0,1,11,1
0,1,41,3,12,3,0,1,9,1
0,1,11,2,0,0,0,1,8,1
0,0,13,1,3,0,0,1,50,4
0,0,91,10,5,17,0,1,10,1
0,1,12,3,0,0,0,1,32,2
0,0,27,3,3,0,0,1,7,1
0,0,43,5,5,0,0,1,17,1
1,1,11,1,1,0,0,1,3,0
1,0,15,1,2,1,0,1,10,0
0,1,12,1,1,0,0,1,13,0
1,0,20,2,2,3,0,1,11,1
0,0,24,3,0,1,0,1,8,1
1,0,49,4,5,5,0,1,11,1
0,1,18,2,0,1,0,1,23,3
0,0,17,3,0,1,0,1,5,0
0,0,31,3,2,1,0,1,10,0
0,1,12,1,0,0,0,1,8,1
1,1,108,2,13,1,0,1,21,1
0,1,13,2,0,0,0,1,9,1
0,1,37,1,6,0,0,1,20,1
0,0,17,3,1,0,0,1,10,0
1,1,22,2,2,4,0,1,10,1
0,0,18,2,1,0,0,1,15,0
0,0,6,1,1,1,0,1,8,1
0,1,48,3,9,7,0,1,11,1
0,0,20,2,2,2,0,1,8,1
0,1,19,1,5,0,0,1,39,2
0,0,35,5,4,1,0,1,12,1
1,0,82,7,7,11,0,1,22,2
0,0,7,3,0,0,0,1,4,1
1,1,27,4,1,1,0,1,12,1
1,1,42,5,7,2,0,1,8,0
0,0,26,2,4,4,0,1,6,0
0,0,20,1,4,6,0,1,11,0
0,0,39,5,1,2,0,1,7,1
1,0,29,1,3,10,0,1,3,0
0,1,35,5,4,0,0,1,10,1
1,0,28,2,2,2,0,1,5,0
0,0,9,1,2,0,0,1,51,0
1,0,125,11,15,1,0,1,11,1
1,0,14,2,1,0,0,1,11,1
0,1,17,1,4,0,0,1,5,0
0,0,8,1,4,0,0,1,35,2
0,0,9,1,2,1,0,1,12,0
1,1,63,14,3,10,0,1,7,1
1,1,90,6,5,2,0,1,8,1
1,1,53,5,3,3,0,1,16,2
1,1,21,3,1,2,0,1,12,1
0,1,57,3,3,18,0,1,77,6
0,1,19,3,1,3,0,1,11,0
0,1,26,3,1,1,0,1,6,0
1,1,17,3,1,0,0,1,20,1
1,1,14,1,2,1,0,1,8,0
1,1,21,2,4,0,0,1,8,1
0,1,30,4,3,0,0,1,12,1
0,0,4,1,0,0,0,1,7,1
1,1,60,11,4,0,0,1,18,0
0,0,74,1,12,0,0,1,25,1
0,0,13,1,0,0,0,1,22,0
1,1,20,2,1,1,0,1,6,0
0,0,23,1,3,5,0,1,7,0
0,1,10,2,0,0,0,1,6,1
0,0,37,4,4,0,0,1,16,1
0,0,11,1,1,0,0,1,34,2
1,0,69,7,9,6,0,1,15,1
0,1,91,6,9,13,0,1,53,4
0,1,91,1,1,24,0,1,5,0
1,0,142,17,8,14,0,1,13,1
0,1,65,3,6,13,0,1,9,0
0,0,39,3,3,7,0,1,10,0
1,1,59,9,5,4,0,1,4,1
1,0,10,1,1,0,0,1,12,1
0,0,55,4,6,1,0,1,46,1
0,0,120,8,18,3,0,1,49,3
1,0,25,3,3,0,0,1,10,0
1,0,29,1,3,8,0,1,15,1
0,1,20,1,3,0,0,1,25,1
0,0,7,1,1,0,0,1,13,1
0,0,44,7,2,1,0,1,18,0
1,0,14,1,3,0,0,1,6,1
0,0,44,7,4,5,0,1,37,5
1,1,49,6,4,4,0,1,12,1
0,1,18,2,2,2,0,1,6,1
1,1,79,1,0,44,0,1,6,0
0,0,28,3,2,7,0,1,76,12
0,0,36,3,3,0,0,1,55,4
0,0,18,3,1,0,0,1,26,2
1,1,14,1,1,4,0,1,1,0
0,0,32,3,6,0,0,1,11,1
1,1,100,6,11,5,0,1,11,1
0,0,36,4,5,9,0,1,8,1
0,0,52,2,2,11,0,1,9,1
1,1,18,1,1,3,0,1,18,0
0,1,15,1,2,0,0,1,9,2
1,0,51,4,7,7,0,1,10,1
0,0,24,2,5,2,0,1,8,1
1,0,33,1,7,8,0,1,3,0
1,1,41,5,3,2,0,1,2,0
0,1,22,2,2,1,0,1,40,3
0,0,11,1,1,0,0,1,7,1
1,1,45,9,3,4,0,1,42,1
0,1,19,2,3,1,0,1,23,1
1,1,24,3,1,1,0,1,11,1
1,0,109,11,8,8,0,1,11,0
1,0,24,2,6,0,0,1,7,1
0,0,12,2,2,0,0,1,10,1
0,0,29,1,1,11,0,1,15,1
1,1,30,4,2,2,0,1,28,2
1,0,28,2,0,1,0,1,8,1
0,0,61,9,4,1,0,1,9,0
1,1,16,3,1,0,0,1,35,0
1,1,32,3,3,0,0,1,14,0
0,1,19,1,4,2,0,1,6,0
1,1,15,1,2,2,0,1,9,1
0,0,16,2,2,0,0,1,13,0
0,1,54,4,5,7,0,1,8,0
0,0,71,3,7,1,0,1,8,0
1,1,44,2,7,1,0,1,9,1
0,1,27,3,2,0,0,1,11,1
1,1,11,2,2,0,0,1,11,1
1,1,25,2,3,2,0,1,9,1
0,1,25,2,0,3,0,1,12,0
1,0,91,13,3,16,0,1,18,2
1,1,16,2,0,0,0,1,12,0
1,1,29,3,5,2,0,1,19,2
0,1,59,2,8,5,0,1,5,0
1,0,24,4,5,0,0,1,3,0
0,0,14,2,2,3,0,1,11,1
0,1,74,3,10,11,0,1,48,1
1,1,27,2,2,5,0,1,28,3
0,0,16,3,1,0,0,1,33,5
1,0,64,2,3,22,0,1,7,0
1,0,60,5,11,2,0,1,27,1
0,1,15,3,0,0,0,1,12,1
0,0,24,2,4,4,0,1,12,0
0,0,79,9,6,10,0,1,16,1
0,1,5,1,1,0,0,1,6,0
0,1,18,1,4,0,0,1,8,0
1,1,49,7,3,0,0,1,26,1
1,1,28,2,1,2,0,1,5,0
0,0,16,1,2,3,0,1,10,1
0,1,16,2,1,0,0,1,13,2
1,1,78,8,3,6,0,1,8,1
1,1,11,1,1,1,0,1,8,3
1,0,34,4,4,3,0,1,46,4
1,0,69,7,7,3,0,1,7,1
1,0,54,3,10,3,0,1,4,1
0,0,13,2,1,1,0,1,15,0
1,1,13,1,2,1,0,1,11,1
0,1,21,4,1,2,0,1,21,1
1,0,9,1,2,1,0,1,4,0
1,0,16,1,3,1,0,1,15,2
1,0,31,3,3,0,0,1,15,1
1,1,65,7,7,5,0,1,12,1
0,0,11,1,2,3,0,1,8,0
1,1,66,6,6,2,0,1,8,1
1,1,7,1,1,0,0,1,10,1
1,0,38,1,0,0,0,1,7,0
0,0,7,1,1,0,0,1,27,2
1,1,15,3,0,1,0,1,25,1
0,1,18,2,2,0,0,1,22,1
0,1,13,2,0,0,0,1,14,1
1,1,66,7,2,2,0,1,16,1
1,0,8,1,2,0,0,1,9,0
0,1,11,1,6,0,0,1,11,1
1,1,117,8,8,7,0,1,15,1
0,1,113,6,9,1,0,1,74,13
0,1,25,2,2,1,0,1,20,0
0,0,28,3,5,5,0,1,16,1
0,1,19,3,0,0,0,1,32,2
0,0,92,6,13,20,0,1,13,1
1,1,13,1,3,0,0,1,11,0
1,0,90,11,12,3,0,1,8,0
1,0,21,2,1,5,0,1,9,1
0,0,91,17,6,0,0,1,32,3
1,1,21,2,3,1,0,1,18,3
0,1,10,1,1,2,0,1,7,1
1,0,32,4,3,2,0,1,4,1
1,0,64,7,10,3,0,1,15,1
0,1,15,2,0,2,0,1,11,1
1,0,28,1,4,0,0,1,40,4
0,1,30,5,2,0,0,1,10,1
1,1,50,4,6,8,0,1,35,2
0,0,12,1,2,1,0,1,8,1
1,1,59,6,6,7,0,1,13,1
0,1,12,3,1,2,0,1,8,0
0,1,82,4,7,0,0,1,15,1
0,0,21,2,2,1,0,1,16,5
1,1,9,1,1,0,0,1,13,1
1,1,17,1,2,0,0,1,12,1
0,1,41,3,3,5,0,1,8,0
0,0,28,3,6,2,0,1,8,1
0,0,67,7,3,4,0,1,5,1
0,0,94,8,14,12,0,1,44,2
1,1,65,6,2,6,0,1,15,1
0,1,22,1,4,7,0,1,9,1
1,1,58,2,2,15,0,1,6,0
0,0,70,8,11,3,0,1,9,1
0,0,8,2,0,0,0,1,22,1
1,1,39,5,5,0,0,1,9,1
0,0,10,1,4,0,0,1,8,0
1,1,51,4,3,2,0,1,67,3
1,0,48,4,3,1,0,1,9,1
1,1,23,1,3,0,0,1,17,1
0,1,41,2,2,3,0,1,13,2
0,0,40,4,5,7,0,1,8,0
1,1,101,12,11,10,0,1,15,1
1,0,6,1,0,0,0,1,14,1
0,1,74,6,5,13,0,1,34,0
0,1,20,2,1,1,0,1,6,1
0,0,27,2,4,2,0,1,14,1
1,1,50,4,3,6,0,1,4,1
0,1,19,2,1,0,0,1,5,0
0,0,70,6,2,4,0,1,7,1
1,0,41,4,3,0,0,1,7,0
1,0,9,1,3,0,0,1,9,1
0,1,14,2,1,0,0,1,25,2
1,0,29,2,7,4,0,1,8,1
0,1,46,3,6,9,0,1,3,0
1,0,42,3,2,2,0,1,8,1
1,1,43,4,2,3,0,1,6,0
0,1,45,7,3,1,0,1,25,1
0,1,61,2,5,12,0,1,9,0
0,1,25,1,5,6,0,1,5,1
0,0,48,6,4,5,0,1,8,1
1,1,12,3,0,0,0,1,18,1
1,0,46,7,6,14,0,1,8,1
0,1,32,3,4,4,0,1,14,1
0,0,13,1,0,0,0,1,68,3
0,0,40,4,3,6,0,1,33,2
1,1,33,1,6,7,0,1,10,1
1,0,39,3,2,1,0,1,10,1
0,1,13,3,1,0,0,1,6,1
1,1,53,7,4,1,0,1,6,0
0,1,72,1,10,4,0,1,75,1
0,1,47,1,7,2,0,1,14,0
1,1,19,2,3,0,0,1,11,1
1,1,9,2,1,0,0,1,7,0
0,1,18,2,1,0,0,1,11,1
0,1,15,2,0,3,0,1,8,1
0,0,146,9,25,2,0,1,10,1
0,1,11,1,2,0,0,1,22,4
0,0,27,1,1,0,0,1,89,6
0,1,121,14,4,36,0,1,11,0
1,1,10,1,0,0,0,1,18,1
1,1,12,1,1,4,0,1,17,2
0,0,21,2,2,2,0,1,9,1
0,0,43,3,6,0,0,1,4,0
0,1,10,1,1,0,0,1,10,1
0,0,17,1,5,1,0,1,8,1
0,0,18,1,0,0,0,1,14,1
0,0,13,1,2,0,0,1,8,1
0,0,21,3,2,1,0,1,4,1
0,1,43,4,7,0,0,1,7,1
0,1,51,6,4,2,0,1,7,0
1,0,115,7,7,20,0,1,6,1
1,1,64,8,9,2,0,1,5,1
0,1,14,2,1,0,0,1,8,0
0,0,51,3,14,2,0,1,24,1
0,1,18,2,1,4,0,1,4,0
0,0,66,3,16,1,0,1,4,0
0,1,88,13,4,9,0,1,5,0
1,1,16,2,2,0,0,1,4,0
0,1,28,3,3,4,0,1,11,0
1,1,15,2,3,1,0,1,9,0
1,0,11,1,2,0,0,1,8,1
0,1,44,2,4,1,0,1,11,1
1,1,44,8,4,0,0,1,8,0
0,1,13,1,3,0,0,1,12,1
0,0,13,2,0,2,0,1,7,0
1,1,20,2,2,1,0,1,25,1
1,0,14,1,7,1,0,1,6,0
1,1,15,2,2,1,0,1,9,1
0,0,24,5,2,0,0,1,3,0
1,1,108,4,16,18,0,1,9,1
0,0,21,3,4,1,0,1,4,0
1,1,94,12,8,0,0,1,8,1
1,0,39,2,3,17,0,1,8,1
1,0,88,8,12,9,0,1,10,0
0,0,9,1,3,2,0,1,3,0
1,0,48,5,3,2,0,1,9,0
0,1,66,4,11,4,0,1,9,1
0,1,23,1,1,1,0,1,18,1
0,0,17,1,3,1,0,1,5,0
1,0,10,2,0,1,0,1,11,0
0,0,27,5,1,0,0,1,12,1
0,1,34,7,2,2,0,1,12,1
1,1,24,3,2,1,0,1,9,2
1,1,80,8,9,0,0,1,13,1
0,0,25,3,3,4,0,1,6,1
1,1,62,11,1,10,0,1,8,1
0,0,8,1,1,1,0,1,5,0
1,0,43,4,2,3,0,1,13,1
1,0,45,7,3,1,0,1,11,1
1,1,59,3,4,4,0,1,11,1
1,1,21,1,2,4,0,1,6,1
1,0,81,1,13,0,0,1,32,4
1,1,6,1,2,0,0,1,6,1
1,0,20,3,1,4,0,1,10,0
0,1,19,1,3,6,0,1,15,1
0,1,24,6,0,4,0,1,18,1
1,0,72,9,7,13,0,1,10,0
1,0,20,2,1,5,0,1,8,0
0,1,42,5,2,1,0,1,20,4
1,0,17,1,1,3,0,1,18,2
0,1,49,9,4,0,0,1,9,1
1,0,76,9,6,1,0,1,9,1
1,0,24,2,5,0,0,1,14,1
0,0,13,2,1,1,0,1,17,1
1,1,31,2,4,4,0,1,8,0
0,1,28,3,5,4,0,1,23,1
1,0,21,3,1,0,0,1,13,1
0,1,9,1,0,1,0,1,14,1
0,1,11,1,1,1,0,1,7,1
1,1,16,3,2,0,0,1,6,1
0,1,10,1,0,0,0,1,5,1
1,1,43,5,6,2,0,1,15,3
0,1,21,3,2,0,0,1,8,1
1,1,21,1,2,0,0,1,16,0
0,0,48,3,8,5,0,1,9,0
0,0,30,6,1,0,0,1,24,1
1,0,19,2,1,2,0,1,2,0
1,0,31,4,7,3,0,1,20,1
0,1,23,3,0,2,0,1,10,1
0,1,98,8,12,13,0,1,10,0
0,0,14,1,4,1,0,1,10,1
1,1,60,7,5,7,0,1,47,2
0,0,44,7,2,0,0,1,27,2
1,0,22,3,2,1,0,1,10,1
0,0,36,4,5,0,0,1,7,1
0,1,19,1,4,1,0,1,6,1
0,1,48,5,5,0,0,1,7,0
1,1,99,11,14,22,0,1,12,1
0,0,13,1,6,0,0,1,14,1
1,1,21,3,2,0,0,1,4,0
1,0,34,4,3,0,0,1,11,1
0,0,17,2,1,1,0,1,23,2
0,0,10,1,1,0,0,1,5,1
0,0,15,2,0,1,0,1,5,1
1,0,45,6,3,0,0,1,12,1
1,0,21,4,1,0,0,1,3,0
0,0,35,3,7,0,0,1,10,1
0,0,23,1,2,5,0,1,12,1
1,0,56,7,4,1,0,1,5,1
1,1,25,3,3,2,0,1,10,1
1,0,59,6,7,1,0,1,5,1
1,0,51,9,4,4,0,1,10,1
1,1,13,2,1,0,0,1,8,2
0,1,6,1,0,1,0,1,7,1
0,1,43,3,5,7,0,1,3,0
0,0,8,1,0,1,0,1,2,0
1,0,25,4,6,2,0,1,6,1
1,0,47,5,2,1,0,1,6,1
0,0,6,1,0,0,0,1,5,1
0,1,22,5,0,0,0,1,25,1
1,1,22,4,2,2,0,1,7,1
1,0,10,1,0,2,0,1,12,1
0,0,22,2,4,6,0,1,7,1
0,1,40,3,6,0,0,1,67,5
1,1,73,5,4,1,0,1,18,2
0,0,91,7,16,12,0,1,7,1
1,0,39,3,4,1,0,1,4,1
0,0,30,4,1,2,0,1,12,1
0,1,27,3,1,2,0,1,16,1
1,1,28,3,1,2,0,1,11,0
1,0,19,1,3,7,0,1,10,1
1,0,114,9,12,0,0,1,12,1
0,1,25,1,5,5,0,1,8,1
1,1,12,3,0,0,0,1,11,1
0,0,42,3,3,2,0,1,22,6
1,1,10,3,0,1,0,1,2,0
1,0,23,1,5,1,0,1,6,0
1,1,13,1,2,0,0,1,7,0
1,0,50,2,3,0,0,1,11,1
1,1,15,2,2,1,0,1,8,1
0,1,20,2,0,2,0,1,17,1
1,1,20,2,2,0,0,1,21,1
1,1,32,6,0,0,0,1,9,0
1,1,79,8,4,18,0,1,8,1
0,0,29,4,2,0,0,1,14,2
0,0,15,1,3,4,0,1,7,1
0,1,25,1,6,4,0,1,5,1
0,1,15,2,1,0,0,1,12,1
0,0,32,1,6,0,0,1,4,0
1,1,73,7,6,2,0,1,10,0
1,1,82,2,9,2,0,1,11,0
0,0,43,4,4,1,0,1,7,0
0,1,11,1,4,0,0,1,10,1
1,1,48,1,1,12,0,1,20,1
1,0,16,1,3,2,0,1,14,1
0,1,56,5,11,1,0,1,9,1
0,1,16,1,1,6,0,1,5,0
1,1,73,7,8,8,0,1,7,1
0,0,15,3,1,0,0,1,25,3
1,0,96,8,12,1,0,1,11,1
1,1,10,2,1,0,0,1,11,0
1,0,100,13,9,2,0,1,18,1
1,0,23,2,2,1,0,1,10,1
0,1,14,3,2,2,0,1,6,0
0,0,41,8,3,0,0,1,1,1
0,0,14,2,1,0,0,1,17,0
1,0,18,2,0,3,0,1,16,0
0,0,52,4,2,3,0,1,7,0
0,1,10,1,2,1,0,1,51,2
0,1,13,2,0,0,0,1,16,2
0,1,19,1,2,1,0,1,11,1
0,0,22,3,2,0,0,1,12,1
0,1,20,2,1,0,0,1,9,0
1,0,24,1,9,0,0,1,10,1
1,1,118,9,4,25,0,1,8,1
1,1,69,9,10,1,0,1,12,3
0,0,11,3,1,0,0,1,6,1
0,0,22,2,4,2,0,1,6,1
1,0,10,1,1,0,0,1,7,1
0,0,27,3,2,0,0,1,11,1
1,0,114,14,6,3,0,1,14,1
1,1,78,6,9,6,0,1,3,0
0,0,59,8,3,1,0,1,10,1
0,1,10,2,0,0,0,1,8,0
0,0,12,1,2,1,0,1,42,4
0,1,18,2,3,1,0,1,11,0
1,0,79,2,8,2,0,1,46,3
0,0,15,1,1,0,0,1,2,0
1,1,11,1,1,3,0,1,33,2
0,0,61,4,6,0,0,1,5,0
0,0,22,3,7,0,0,1,21,2
0,0,18,3,1,0,0,1,16,1
1,1,36,2,4,4,0,1,8,0
0,0,18,3,1,2,0,1,25,2
0,1,70,3,5,20,0,1,25,1
1,0,41,3,9,2,0,1,14,3
0,1,15,3,0,1,0,1,9,1
1,1,52,6,4,3,0,1,18,0
0,0,11,1,1,3,0,1,19,1
0,0,30,1,0,14,0,1,12,1
1,1,65,3,4,7,0,1,17,1
1,1,38,2,1,4,0,1,9,2
0,0,16,2,3,0,0,1,11,1
0,0,49,3,6,6,0,1,7,0
0,1,23,2,0,0,0,1,11,0
1,1,105,11,12,15,0,1,18,1
0,0,15,1,2,3,0,1,8,1
1,1,40,7,4,0,0,1,9,1
1,1,65,4,5,17,0,1,5,0
1,0,17,2,2,0,0,1,7,1
1,0,106,12,2,1,0,1,13,0
0,0,18,3,2,1,0,1,7,1
1,1,47,2,9,5,0,1,13,0
1,1,13,2,2,1,0,1,26,0
1,1,42,7,3,1,0,1,17,2
1,0,53,4,2,2,0,1,14,1
0,1,35,3,4,2,0,1,7,1
0,1,20,1,2,0,0,1,9,1
0,0,34,2,7,0,0,1,14,1
0,1,13,2,1,0,0,1,13,3
0,0,66,6,6,6,0,1,28,2
1,1,42,3,7,5,0,1,9,1
0,1,50,6,6,0,0,1,68,4
0,0,15,2,2,0,0,1,18,1
0,1,35,6,4,0,0,1,9,1
0,1,15,1,5,0,0,1,11,0
0,0,49,8,2,6,0,1,6,0
1,0,11,2,0,0,0,1,5,0
1,0,88,10,6,0,0,1,12,1
1,0,39,4,5,4,0,1,11,1
0,0,20,2,2,0,0,1,11,1
1,1,14,1,0,0,0,1,8,0
0,1,40,8,3,0,0,1,5,0
0,0,39,2,7,6,0,1,3,0
1,1,27,3,5,1,0,1,9,1
0,1,20,3,1,1,0,1,7,0
0,0,15,2,1,1,0,1,7,0
0,1,29,4,3,3,0,1,63,4
1,0,63,7,5,2,0,1,6,0
1,0,75,8,10,2,0,1,20,1
0,0,58,5,8,5,0,1,19,1
1,0,16,1,1,2,0,1,12,1
0,0,10,1,1,1,0,1,7,0
0,1,11,2,1,0,0,1,10,1
1,1,69,5,3,7,0,1,9,1
1,1,25,4,2,3,0,1,15,0
1,1,39,2,5,0,0,1,10,0
1,0,89,14,5,4,0,1,11,1
0,1,16,2,2,1,0,1,16,2
1,0,8,1,0,0,0,1,20,1
1,0,14,1,1,4,0,1,26,3
0,1,35,2,4,5,0,1,12,1
0,0,17,2,3,1,0,1,6,0
1,1,12,1,1,0,0,1,3,1
0,0,8,1,1,0,0,1,13,1
0,0,20,1,5,0,0,1,12,1
1,1,105,12,13,10,0,1,3,0
0,1,30,1,5,0,0,1,25,3
0,1,13,1,0,1,0,1,21,1
1,1,34,1,7,0,0,1,23,2
1,1,23,2,3,2,0,1,8,1
0,1,45,6,4,0,0,1,9,0
1,1,46,2,6,7,0,1,7,1
0,1,100,9,8,8,0,1,6,0
1,1,11,1,1,0,0,1,9,0
1,1,27,5,1,0,0,1,7,1
1,1,19,2,2,2,0,1,13,1
0,0,16,3,0,0,0,1,7,0
1,0,46,4,2,0,0,1,13,1
1,1,53,6,7,1,0,1,7,1
0,1,9,1,1,0,0,1,25,5
0,0,74,2,8,0,0,1,11,1
1,1,18,1,4,2,0,1,6,1
1,0,33,3,6,1,0,1,11,1
0,0,40,6,2,17,0,1,16,1
0,1,40,5,3,1,0,1,12,0
0,0,15,2,1,2,0,1,5,1
1,0,23,3,2,0,0,1,19,1
0,0,14,1,2,2,0,1,15,1
1,0,29,1,7,0,0,1,12,1
1,1,31,6,2,0,0,1,24,0
0,1,36,5,2,0,0,1,16,1
1,1,24,1,2,0,0,1,8,1
0,0,12,1,2,1,0,1,9,0
1,1,16,1,2,1,0,1,4,1
1,0,14,1,1,4,0,1,7,0
1,1,57,4,9,12,0,1,14,1
1,1,45,3,5,5,0,1,8,0
0,1,7,1,2,0,0,1,11,1
0,0,8,1,2,1,0,1,4,0
0,0,14,2,0,2,0,1,5,1
0,0,51,3,6,9,0,1,9,1
1,1,25,1,4,0,0,1,14,0
1,0,54,6,3,1,0,1,20,1
1,0,15,3,0,0,0,1,32,2
1,1,14,1,1,0,0,1,15,1
0,0,93,7,7,7,0,1,5,1
0,0,41,4,6,9,0,1,62,4
0,1,18,3,1,0,0,1,6,0
0,0,21,1,4,3,0,1,3,1
1,0,34,2,5,8,0,1,14,1
0,1,16,2,1,0,0,1,6,1
0,0,24,3,0,2,0,1,9,0
1,0,38,5,5,3,0,1,25,3
1,0,71,4,11,4,0,1,7,1
1,0,18,1,1,1,0,1,4,1
1,1,23,2,1,5,0,1,2,0
1,1,45,8,2,1,0,1,11,0
1,1,31,4,3,1,0,1,3,0
0,0,46,1,8,0,0,1,22,4
1,1,16,3,1,0,0,1,12,1
1,0,116,11,7,3,0,1,7,1
0,0,52,1,1,0,0,1,9,1
0,1,41,5,9,1,0,1,17,1
0,0,44,3,2,5,0,1,7,0
1,0,39,4,4,2,0,1,9,0
0,0,17,3,2,0,0,1,5,1
0,0,111,6,11,14,0,1,4,0
1,0,21,3,3,4,0,1,12,1
1,1,21,2,4,1,0,1,7,1
1,1,14,1,4,0,0,1,8,1
0,0,20,3,1,0,0,1,20,1
0,1,7,1,1,1,0,1,6,0
0,1,22,3,3,0,0,1,6,0
0,0,17,2,4,1,0,1,8,0
1,1,21,4,0,0,0,1,17,1
0,1,13,2,0,1,0,1,17,0
0,1,8,1,1,0,0,1,6,1
1,1,16,2,2,1,0,1,6,0
0,1,68,5,9,3,0,1,24,1
0,0,71,6,6,2,0,1,10,1
1,1,74,7,4,1,0,1,6,1
0,1,7,1,1,1,0,1,28,1
0,0,19,2,2,0,0,1,17,1
0,1,14,1,2,1,0,1,60,4
0,0,40,1,8,0,0,1,73,4
1,0,33,3,4,2,0,1,57,1
1,1,69,6,4,3,0,1,12,0
1,1,17,4,0,0,0,1,6,1
0,0,15,2,0,1,0,1,11,1
0,0,14,2,1,0,0,1,9,1
1,1,17,3,1,0,0,1,62,7
1,0,42,5,6,1,0,1,7,1
0,0,42,4,3,1,0,1,18,1
0,1,14,1,6,0,0,1,60,4
1,1,64,4,3,5,0,1,9,0
0,0,24,4,1,0,0,1,14,0
1,0,25,2,2,1,0,1,24,1
0,1,17,1,5,2,0,1,5,0
0,1,55,5,9,8,0,1,8,1
1,1,14,1,2,0,0,1,51,5
0,1,35,4,1,1,0,1,3,1
1,0,53,2,8,4,0,1,10,0
1,0,22,1,3,5,0,1,5,1
1,1,43,10,0,0,0,1,15,1
0,0,51,5,3,3,0,1,15,1
1,0,86,10,10,0,0,1,7,1
0,0,38,5,2,4,0,1,14,2
0,1,23,1,0,4,0,1,7,0
0,0,30,5,2,8,0,1,10,1
0,0,13,2,1,0,0,1,20,2
1,1,18,1,1,2,0,1,5,1
1,1,27,1,5,0,0,1,8,1
0,0,25,3,3,2,0,1,14,1
0,1,8,1,1,0,0,1,22,3
0,0,9,1,2,0,0,1,4,0
0,0,35,2,2,8,0,1,8,1
1,1,31,2,4,2,0,1,7,1
0,1,98,7,8,0,0,1,9,0
1,0,42,3,10,7,0,1,14,1
1,0,69,11,2,4,0,1,5,1
0,0,19,2,2,0,0,1,12,0
1,0,41,3,5,3,0,1,3,0
0,1,51,6,9,11,0,1,3,0
0,1,38,1,6,8,0,1,20,1
0,0,57,5,5,0,0,1,51,0
0,0,30,2,2,3,0,1,53,2
0,0,28,3,3,10,0,1,35,5
0,1,26,4,1,2,0,1,9,0
0,1,22,1,6,0,0,1,4,1
0,1,14,3,0,1,0,1,8,1
0,1,56,6,8,1,0,1,10,1
0,1,17,4,0,1,0,1,14,0
1,1,30,3,4,1,0,1,70,0
0,1,9,1,0,1,0,1,11,1
0,0,28,1,3,4,0,1,9,0
0,0,14,3,3,0,0,1,18,1
1,1,20,1,4,1,0,1,22,2
0,0,54,3,6,5,0,1,10,0
1,1,25,2,3,1,0,1,10,1
1,0,38,4,2,8,0,1,42,0
0,1,28,2,6,3,0,1,36,3
1,0,56,6,5,1,0,1,7,0
0,0,55,4,4,2,0,1,20,1
1,1,14,2,1,0,0,1,8,1
1,0,130,11,7,5,0,1,17,1
1,1,10,1,2,1,0,1,22,2
0,1,48,6,0,4,0,1,5,0
1,1,22,3,1,0,0,1,7,1
0,1,83,7,8,14,0,1,67,6
1,0,43,6,0,2,0,1,12,1
0,0,14,1,2,3,0,1,13,1
1,1,14,1,1,0,0,1,22,1
0,1,16,1,2,0,0,1,26,2
1,0,19,3,1,1,0,1,16,1
0,0,22,5,0,0,0,1,11,0
0,1,12,2,1,0,0,1,17,2
0,1,9,1,2,0,0,1,6,0
0,0,93,1,2,0,0,1,7,0
0,1,35,3,8,7,0,1,4,0
1,0,16,1,5,0,0,1,20,1
1,0,124,13,8,2,0,1,11,0
1,1,35,4,1,2,0,1,13,1
1,1,16,3,1,0,0,1,14,0
0,1,8,1,2,2,0,1,9,1
0,0,4,1,0,0,0,1,21,3
0,0,17,1,2,0,0,1,42,5
0,0,34,4,3,7,0,1,15,0
0,0,70,7,7,0,0,1,46,2
0,0,26,1,9,0,0,1,12,2
1,1,63,9,6,16,0,1,7,1
1,0,59,8,10,12,0,1,4,1
0,0,54,4,2,14,0,1,7,0
0,1,36,2,4,6,0,1,12,1
1,1,13,1,2,0,0,1,10,1
0,1,42,5,4,0,0,1,69,5
0,1,23,3,4,0,0,1,17,1
0,0,65,6,7,0,0,1,11,1
1,0,106,7,4,15,0,1,8,3
1,0,29,4,3,1,0,1,9,1
1,0,10,3,0,0,0,1,7,1
1,1,65,6,3,2,0,1,15,0
0,1,20,4,0,0,0,1,10,1
1,0,11,1,1,1,0,1,25,2
0,0,12,2,0,1,0,1,3,0
0,0,54,6,6,2,0,1,8,0
1,0,12,3,0,2,0,1,13,1
0,0,12,2,2,1,0,1,11,1
1,1,93,10,4,9,0,1,75,5
0,0,11,2,0,0,0,1,4,1
0,1,20,2,1,1,0,1,5,0
0,0,11,2,2,1,0,1,10,0
1,1,11,2,0,0,0,1,13,1
1,0,20,3,3,0,0,1,9,1
0,1,98,2,16,10,0,1,26,0
1,1,22,1,4,0,0,1,14,1
0,1,16,1,2,1,0,1,6,1
1,1,55,7,3,2,0,1,7,1
0,0,21,2,1,2,0,1,6,0
0,0,13,2,2,0,0,1,13,0
1,0,43,2,9,5,0,1,22,2
1,1,8,1,0,0,0,1,3,0
1,0,15,2,1,0,0,1,10,1
1,0,107,11,3,13,0,1,8,1
0,1,33,3,3,0,0,1,10,1
1,0,116,7,11,17,0,1,12,1
0,1,10,2,2,0,0,1,16,1
1,1,71,8,2,12,0,1,8,1
1,0,22,4,1,2,0,1,50,0
0,1,16,2,2,0,0,1,4,1
0,0,53,6,6,1,0,1,11,1
0,1,88,10,5,3,0,1,20,1
0,1,8,1,1,0,0,1,4,1
0,1,17,2,3,2,0,1,39,3
1,1,29,4,2,0,0,1,7,0
1,1,25,1,2,10,0,1,7,0
1,0,101,12,5,0,0,1,51,1
1,1,23,1,3,3,0,1,11,0
0,0,45,1,8,2,0,1,12,1
0,0,71,7,14,6,0,1,50,4
0,1,10,2,0,0,0,1,8,1
1,1,23,4,1,0,0,1,7,0
0,1,26,3,1,1,0,1,6,1
1,1,20,2,4,5,0,1,8,0
1,0,62,9,4,1,0,1,6,1
0,1,29,4,4,6,0,1,8,0
0,0,33,5,3,3,0,1,7,1
1,0,65,2,6,17,0,1,12,1
1,1,87,12,10,7,0,1,10,0
0,0,14,2,0,0,0,1,7,1
0,1,15,3,0,0,0,1,35,2
1,1,83,4,20,6,0,1,20,0
0,0,57,6,6,15,0,1,6,0
0,0,11,1,1,0,0,1,15,1
1,0,56,7,3,4,0,1,12,0
0,0,36,2,0,0,0,1,13,0
1,0,20,3,2,1,0,1,10,1
0,0,28,4,1,0,0,1,4,0
0,0,17,2,3,1,0,1,5,0
0,0,12,1,3,0,0,1,6,1
1,1,12,1,1,1,0,1,3,0
0,0,92,7,9,21,0,1,5,0
0,1,13,2,2,1,0,1,9,1
1,0,118,5,8,20,0,1,15,1
1,1,46,2,1,9,0,1,14,1
0,0,11,1,2,0,0,1,30,3
0,0,18,4,0,1,0,1,8,1
1,0,9,2,0,0,0,1,14,1
0,0,18,3,1,6,0,1,5,0
0,0,16,2,1,2,0,1,11,0
1,0,12,2,1,1,0,1,4,1
0,0,53,8,4,3,0,1,23,2
0,1,21,3,5,4,0,1,1,0
0,1,23,4,1,0,0,1,5,1
1,1,47,5,2,1,0,1,10,0
0,0,13,1,2,0,0,1,21,1
0,0,11,1,4,3,0,1,7,0
0,0,17,1,1,2,0,1,8,1
0,1,38,4,3,3,0,1,23,3
0,0,39,4,3,7,0,1,9,1
0,0,15,1,2,4,0,1,13,0
1,0,120,19,3,14,0,1,16,1
1,0,31,2,5,0,0,1,4,1
1,1,31,4,1,5,0,1,13,1
1,0,30,3,1,8,0,1,7,1
1,0,36,5,1,1,0,1,12,1
1,1,59,7,4,6,0,1,13,1
1,0,7,1,1,0,0,1,1,1
1,0,81,11,7,4,0,1,12,0
1,0,28,3,1,7,0,1,8,1
1,1,23,4,1,1,0,1,9,1
1,1,59,2,11,5,0,1,11,0
1,0,27,6,1,1,0,1,34,1
1,0,136,13,6,11,0,1,8,1
1,1,20,4,0,0,0,1,6,1
0,0,49,3,1,0,0,1,22,1
0,1,59,1,6,0,0,1,9,1
1,0,16,2,2,0,0,1,4,0
1,0,65,9,1,9,0,1,14,1
1,0,112,14,8,1,0,1,8,1
0,1,41,4,1,5,0,1,11,1
1,0,77,7,5,5,0,1,15,1
0,1,48,6,4,0,0,1,9,0
1,1,21,2,1,2,0,1,9,1
0,0,47,6,2,3,0,1,18,1
1,1,14,2,1,2,0,1,27,1
1,1,8,1,0,0,0,1,9,1
1,0,12,1,3,1,0,1,6,0
0,1,69,5,7,11,0,1,27,2
1,0,38,3,2,3,0,1,11,1
0,0,50,5,3,4,0,1,6,0
1,1,29,1,3,2,0,1,19,1
1,1,24,2,6,2,0,1,23,3
0,1,31,1,5,4,0,1,56,0
1,1,92,5,8,9,0,1,42,3
0,1,77,4,16,6,0,1,9,1
1,0,6,1,2,0,0,1,8,1
0,1,27,3,3,2,0,1,29,4
0,0,44,4,2,0,0,1,18,1
1,1,37,4,4,1,0,1,3,0
0,0,29,4,4,2,0,1,10,0
0,1,41,2,9,2,0,1,15,1
0,0,32,2,2,5,0,1,9,1
0,1,35,5,5,5,0,1,57,1
0,0,13,1,2,2,0,1,7,0
1,0,35,1,5,1,0,1,35,1
1,1,45,3,6,3,0,1,13,1
1,1,32,2,5,5,0,1,11,0
0,1,11,2,0,1,0,1,10,0
0,0,22,4,0,2,0,1,8,1
1,0,71,6,9,8,0,1,10,1
1,1,41,4,8,6,0,1,10,1
0,0,20,2,2,0,0,1,9,1
0,0,23,2,3,4,0,1,4,0
1,0,51,8,3,10,0,1,38,2
1,1,30,2,13,0,0,1,12,1
1,1,70,4,6,4,0,1,13,1
0,0,9,1,1,0,0,1,21,5
1,1,15,1,1,0,0,1,6,1
1,1,77,6,10,4,0,1,10,1
1,0,155,1,6,8,0,1,7,0
0,1,49,5,3,3,0,1,8,1
0,0,62,2,13,1,0,1,10,1
0,0,13,2,2,0,0,1,40,3
1,1,28,2,5,0,0,1,9,1
1,1,53,5,4,5,0,1,8,3
0,0,11,2,0,0,0,1,4,1
0,0,67,2,11,9,0,1,6,1
1,1,22,3,4,0,0,1,12,1
1,0,27,3,0,5,0,1,14,1
1,0,34,1,2,0,0,1,7,0
1,0,31,4,2,0,0,1,6,0
1,1,26,3,1,0,0,1,23,2
0,1,19,2,2,1,0,1,10,1
1,1,89,10,9,10,0,1,7,0
0,0,44,2,6,15,0,1,20,1
0,0,38,4,11,1,0,1,9,1
1,0,19,3,2,0,0,1,29,2
1,1,10,1,3,1,0,1,6,0
1,0,21,4,1,3,0,1,5,1
0,0,9,1,2,2,0,1,5,0
0,0,26,1,11,7,0,1,10,0
0,1,33,3,2,1,0,1,10,1
0,0,12,1,2,2,0,1,21,0
1,0,43,6,4,3,0,1,5,0
0,1,30,3,3,3,0,1,16,2
1,0,109,6,26,19,0,1,7,0
0,0,11,2,0,0,0,1,5,1
1,0,36,4,5,0,0,1,20,1
1,1,62,6,4,2,0,1,10,1
1,0,111,9,6,12,0,1,8,1
1,1,22,3,2,1,0,1,12,1
0,1,23,4,1,1,0,1,19,6
1,1,51,5,3,2,0,1,5,0
0,0,37,4,3,5,0,1,5,1
0,1,19,1,5,2,0,1,12,1
0,0,17,3,0,1,0,1,7,1
1,1,63,7,6,3,0,1,14,2
1,1,30,1,11,1,0,1,8,1
1,1,26,4,8,1,0,1,10,1
1,0,73,8,6,1,0,1,6,1
1,1,23,3,1,0,0,1,20,1
0,1,18,2,2,0,0,1,12,0
0,1,9,1,2,1,0,1,35,3
1,0,6,1,0,0,0,1,4,0
1,1,32,6,2,0,0,1,10,0
0,0,76,4,4,4,0,1,15,1
0,1,39,4,2,3,0,1,7,0
1,0,33,2,7,9,0,1,11,0
0,1,38,3,2,1,0,1,8,1
0,0,26,1,2,2,0,1,32,2
0,0,57,7,6,5,0,1,9,0
0,0,26,4,2,1,0,1,25,0
0,1,19,1,1,0,0,1,2,0
1,1,51,3,2,2,0,1,6,0
0,1,30,2,2,2,0,1,12,1
1,1,27,4,3,1,0,1,8,1
0,0,95,8,11,1,0,1,9,0
1,0,194,13,6,27,0,1,9,1
1,1,65,6,0,3,0,1,6,1
0,0,59,7,0,10,0,1,24,1
1,1,61,2,12,4,0,1,7,1
1,1,18,2,2,0,0,1,5,1
1,0,12,1,2,0,0,1,5,0
0,0,16,2,2,2,0,1,7,1
1,0,131,11,7,8,0,1,21,1
0,0,19,2,1,1,0,1,35,2
0,0,22,1,3,4,0,1,12,0
0,1,40,4,4,3,0,1,6,1
0,1,22,1,6,0,0,1,11,1
0,1,17,2,3,0,0,1,5,1
0,0,8,1,0,0,0,1,76,3
1,0,67,9,5,5,0,1,10,0
0,0,8,1,3,0,0,1,10,1
1,1,12,1,3,0,0,1,12,1
0,0,17,3,0,1,0,1,5,1
0,1,22,3,0,1,0,1,12,1
0,1,23,3,1,2,0,1,10,1
0,0,55,3,9,1,0,1,7,1
0,1,10,2,1,0,0,1,19,2
1,1,22,1,3,0,0,1,12,1
0,1,39,2,2,2,0,1,15,1
1,1,21,1,2,4,0,1,6,1
1,1,11,2,1,0,0,1,14,1
1,0,55,2,4,10,0,1,13,1
1,0,11,1,0,0,0,1,10,1
0,0,42,2,7,4,0,1,9,1
1,1,75,2,13,15,0,1,8,1
1,0,70,8,4,0,0,1,8,0
0,0,21,2,1,3,0,1,8,1
1,1,65,9,6,1,0,1,40,2
0,1,66,3,14,2,0,1,10,2
1,1,56,4,2,4,0,1,9,1
1,1,31,3,4,5,0,1,30,0
1,0,32,2,1,0,0,1,13,1
0,1,36,4,3,3,0,1,8,3
0,1,12,1,3,0,0,1,9,1
0,1,26,3,1,8,0,1,50,2
0,0,7,1,0,0,0,1,12,1
0,0,37,3,2,12,0,1,10,2
0,1,37,3,6,5,0,1,14,0
1,0,63,3,6,0,0,1,38,0
0,0,33,3,2,2,0,1,5,0
0,1,22,4,2,0,0,1,8,1
0,1,30,3,2,0,0,1,19,2
0,0,37,4,4,6,0,1,12,1
1,1,49,9,5,1,0,1,14,1
1,1,14,2,3,3,0,1,50,4
1,0,34,2,3,1,0,1,7,0
0,0,8,1,0,0,0,1,11,1
1,1,21,1,1,10,0,1,3,0
0,0,19,3,0,6,0,1,28,0
0,1,49,2,3,5,0,1,13,1
1,1,16,2,2,1,0,1,9,1
1,1,34,4,0,3,0,1,6,0
1,1,41,4,6,2,0,1,7,1
0,0,13,1,1,2,0,1,23,2
0,0,59,7,7,0,0,1,5,1
0,0,31,3,1,0,0,1,11,1
1,1,83,6,15,3,0,1,8,1
0,0,114,5,6,0,0,1,25,0
1,0,38,3,6,0,0,1,7,1
1,1,42,1,4,0,0,1,8,0
1,1,57,5,2,3,0,1,4,0
0,0,19,2,1,2,0,1,2,0
0,0,34,5,1,11,0,1,6,1
1,0,33,4,6,1,0,1,7,0
1,0,25,2,0,1,0,1,10,1
0,0,17,2,3,0,0,1,19,3
1,0,14,2,2,2,0,1,8,0
1,0,31,6,1,2,0,1,11,2
0,1,35,2,2,2,0,1,5,1
1,1,106,15,8,4,0,1,7,1
0,0,42,6,2,0,0,1,25,0
0,0,12,1,3,0,0,1,10,1
0,1,34,1,3,12,0,1,34,2
1,1,11,1,2,2,0,1,7,0
0,0,21,2,1,1,0,1,25,2
0,1,23,4,2,1,0,1,27,3
1,1,18,4,1,0,0,1,7,0
1,0,20,1,2,0,0,1,16,0
1,1,21,2,2,2,0,1,21,0
0,1,52,3,6,3,0,1,21,0
1,1,31,3,3,2,0,1,9,1
0,0,31,4,1,5,0,1,11,1
0,0,7,1,1,1,0,1,38,1
0,0,9,1,1,0,0,1,12,1
0,1,11,1,1,1,0,1,14,1
0,1,46,3,10,12,0,1,35,1
0,0,25,4,4,0,0,1,8,1
0,1,23,5,2,0,0,1,5,1
1,1,21,2,3,4,0,1,15,1
0,1,10,1,2,1,0,1,14,1
1,1,33,1,4,0,0,1,22,1
1,0,19,3,2,2,0,1,6,1
1,1,84,15,4,2,0,1,10,1
0,1,36,8,1,0,0,1,11,0
1,0,128,12,8,32,0,1,7,1
1,1,38,6,2,1,0,1,9,1
1,1,32,3,6,3,0,1,25,3
0,1,16,1,1,7,0,1,10,0
0,0,18,1,8,0,0,1,23,2
1,0,19,2,0,0,0,1,6,1
1,0,7,1,0,2,0,1,6,0
0,1,7,1,2,0,0,1,7,0
0,1,19,2,1,2,0,1,31,3
1,1,17,2,3,1,0,1,4,1
1,1,22,4,1,0,0,1,33,3
0,1,60,6,4,8,0,1,32,2
1,1,147,16,15,15,0,1,7,1
1,1,108,5,11,4,0,1,52,3
1,1,74,6,9,7,0,1,7,0
1,0,11,2,0,0,0,1,26,1
1,1,11,1,4,0,0,1,7,1
1,1,77,8,4,11,0,1,7,1
1,0,21,4,0,2,0,1,12,0
0,0,40,3,2,3,0,1,18,2
1,1,60,5,11,4,0,1,8,0
0,1,18,2,1,0,0,1,24,1
0,0,14,2,0,3,0,1,8,1
0,1,27,2,5,5,0,1,8,1
0,1,25,2,3,0,0,1,5,0
0,0,22,4,2,0,0,1,5,0
1,1,19,1,0,6,0,1,6,0
0,1,18,3,2,0,0,1,8,0
0,0,19,1,1,2,0,1,21,2
1,1,23,4,2,0,0,1,13,2
1,1,15,1,2,1,0,1,7,1
1,0,11,2,0,0,0,1,4,1
1,0,22,2,3,0,0,1,11,1
0,0,55,5,4,11,0,1,12,1
1,1,7,1,0,0,0,1,14,1
0,1,8,1,1,1,0,1,7,1
0,1,35,3,3,6,0,1,12,0
0,0,32,2,4,0,0,1,13,0
1,0,43,3,5,0,0,1,9,1
0,0,10,1,2,1,0,1,14,1
1,1,8,1,1,0,0,1,8,1
1,0,12,3,0,1,0,1,4,1
0,0,87,6,7,19,0,1,40,2
0,0,36,4,3,3,0,1,9,1
0,0,8,1,1,0,0,1,7,0
1,1,56,1,5,2,0,1,7,0
1,0,34,5,1,7,0,1,9,1
1,1,48,5,9,2,0,1,35,2
0,1,19,2,2,0,0,1,17,1
1,0,61,4,5,9,0,1,8,1
1,0,15,1,5,0,0,1,10,2
1,0,39,6,3,0,0,1,4,0
0,1,14,2,0,0,0,1,4,1
1,1,46,7,4,1,0,1,27,2
0,0,14,2,2,0,0,1,12,1
1,0,13,1,2,0,0,1,22,1
0,0,48,4,5,5,0,1,42,2
0,0,10,2,0,0,0,1,4,0
0,1,27,3,0,1,0,1,62,6
0,0,12,1,2,1,0,1,11,1
0,0,12,2,1,0,0,1,6,1
0,0,34,1,11,1,0,1,17,2
1,1,8,1,0,0,0,1,3,0
0,1,31,2,2,10,0,1,13,1
1,0,9,1,0,0,0,1,7,0
0,0,41,6,4,0,0,1,11,1
0,1,34,3,3,1,0,1,21,2
1,1,39,6,4,3,0,1,13,2
1,1,19,2,2,0,0,1,4,0
0,0,17,3,0,1,0,1,10,1
1,1,11,2,1,0,0,1,9,0
0,1,43,5,5,3,0,1,8,0
0,0,13,2,1,0,0,1,9,1
1,0,46,4,10,0,0,1,16,1
0,1,65,9,5,7,0,1,11,1
0,0,41,1,16,1,0,1,10,2
0,0,66,6,5,11,0,1,11,0
0,0,29,5,1,1,0,1,6,1
0,0,6,1,1,1,0,1,15,2
1,0,11,1,0,0,0,1,16,1
1,1,38,4,4,7,0,1,7,1
0,1,16,1,1,3,0,1,10,1
0,1,24,4,1,4,0,1,15,1
1,1,12,2,0,2,0,1,12,1
1,0,60,9,3,8,0,1,9,1
0,0,34,6,1,0,0,1,13,1
0,0,49,10,2,5,0,1,7,1
0,0,62,1,14,16,0,1,3,0
0,0,22,2,5,2,0,1,5,1
0,1,12,1,0,2,0,1,6,1
1,1,22,2,1,2,0,1,5,0
1,0,90,6,10,14,0,1,26,2
0,0,28,4,4,5,0,1,10,0
0,0,22,4,1,0,0,1,4,1
1,1,23,3,0,0,0,1,10,1
0,0,62,8,9,1,0,1,8,0
0,0,19,1,4,3,0,1,15,2
1,0,87,1,2,0,0,1,8,0
1,1,11,1,1,0,0,1,10,1
0,0,9,1,1,0,0,1,11,1
1,1,8,1,1,0,0,1,9,1
0,0,17,2,3,2,0,1,7,1
1,0,53,5,3,10,0,1,16,1
1,1,102,4,17,30,0,1,6,1
0,1,27,3,3,2,0,1,10,1
0,0,7,1,0,1,0,1,3,1
1,0,119,21,5,29,0,1,12,1
1,0,46,5,7,0,0,1,11,0
1,1,13,2,0,0,0,1,8,1
0,1,6,1,0,0,0,1,14,0
1,0,88,11,7,10,0,1,12,1
1,1,51,6,3,1,0,1,1,0
1,0,70,15,1,9,0,1,5,0
1,1,44,5,2,8,0,1,6,1
0,1,92,12,12,11,0,1,4,0
1,1,67,5,7,2,0,1,8,1
1,0,91,13,4,14,0,1,9,1
0,1,9,1,1,1,0,1,29,3
0,0,73,7,3,6,0,1,10,1
0,0,33,4,2,1,0,1,8,1
1,0,70,10,2,5,0,1,18,1
0,0,38,7,2,4,0,1,35,2
1,1,104,4,6,22,0,1,54,3
0,1,8,1,2,0,0,1,50,4
1,1,77,8,7,3,0,1,12,1
1,1,18,3,0,4,0,1,12,1
0,0,15,1,0,2,0,1,5,1
0,0,16,2,1,0,0,1,4,1
0,0,36,1,3,13,0,1,29,2
1,1,11,1,2,0,0,1,17,1
1,0,19,2,1,0,0,1,7,1
0,0,14,2,3,2,0,1,24,1
1,0,20,2,1,1,0,1,4,0
1,1,108,9,1,6,0,1,13,1
0,0,15,1,2,1,0,1,6,2
1,1,28,4,3,6,0,1,10,0
1,1,7,1,1,1,0,1,20,1
1,1,30,4,2,0,0,1,7,1
1,1,14,2,0,0,0,1,3,0
1,1,10,1,1,0,0,1,10,1
0,1,28,2,6,0,0,1,73,7
